id,source,country,author,rating,title,review,date,likes,version,url
appstore_in_14458905589,app_store,IN,OManish B,5,👏😃,👌🏻👏👏👏,2026-08-22T14:24:41.000Z,0,4.2608.20,https://apps.apple.com/in/app/myntra-fashion-shopping-app/id907394059
appstore_in_14458892996,app_store,IN,vkap122,5,Love the collection,"I look forward to all the deals that come on Myntra . It’s a one stop shop for kids to adults all clothes , accessories and footwears ! Love it 💕",2026-08-22T14:21:04.000Z,0,4.2608.20,https://apps.apple.com/in/app/myntra-fashion-shopping-app/id907394059
appstore_in_14458841595,app_store,IN,Abhi19968modi,5,Great experience,Good,2026-08-22T14:06:12.000Z,0,4.2608.30,https://apps.apple.com/in/app/myntra-fashion-shopping-app/id907394059
appstore_in_14458811902,app_store,IN,Xuzthi,4,Nice,Good website customer friendly,2026-08-22T13:57:34.000Z,0,4.2608.20,https://apps.apple.com/in/app/myntra-fashion-shopping-app/id907394059
appstore_in_14458795168,app_store,IN,jary singh,5,gud,10,2026-08-22T13:52:45.000Z,0,4.2608.20,https://apps.apple.com/in/app/myntra-fashion-shopping-app/id907394059
appstore_in_14458734687,app_store,IN,Verma SD,5,Great experience of purchase,"Nice
 Product and timely delivery",2026-08-22T13:34:51.000Z,0,4.2608.30,https://apps.apple.com/in/app/myntra-fashion-shopping-app/id907394059
appstore_in_14458640594,app_store,IN,Virkparam,5,Good,Good,2026-08-22T13:06:15.000Z,0,4.2608.30,https://apps.apple.com/in/app/myntra-fashion-shopping-app/id907394059
appstore_in_14458630452,app_store,IN,Pooh shiva,5,H&M women shirt,Nice fabric & beautiful colour,2026-08-22T13:03:07.000Z,0,4.2608.30,https://apps.apple.com/in/app/myntra-fashion-shopping-app/id907394059
appstore_in_14458615616,app_store,IN,🎀friendly,5,Best app for shopping,First class quality,2026-08-22T12:58:28.000Z,0,4.2608.20,https://apps.apple.com/in/app/myntra-fashion-shopping-app/id907394059
appstore_in_14458601038,app_store,IN,manyakapoor,5,Myntra,My favourite app for clothes and accessories 🫶🏻,2026-08-22T12:53:53.000Z,0,4.2608.20,https://apps.apple.com/in/app/myntra-fashion-shopping-app/id907394059
appstore_in_14458500451,app_store,IN,Swathi Dileep,5,Amazing,Loved it!!!,2026-08-22T12:21:30.000Z,0,4.2608.20,https://apps.apple.com/in/app/myntra-fashion-shopping-app/id907394059
appstore_in_14458453158,app_store,IN,susham1999,5,Pretty awesome platform,The items are genuine and original with warranties and all documents,2026-08-22T12:05:42.000Z,0,4.2608.20,https://apps.apple.com/in/app/myntra-fashion-shopping-app/id907394059
appstore_in_14458449024,app_store,IN,Kirti.Goel_1994,5,Perfect app for your fashion needs,Very happy that myntra is to my rescue whenever I need to shop something for myself and my family. Hassle free returns and super fast delivery are best offered by myntra.,2026-08-22T12:04:17.000Z,0,4.2608.20,https://apps.apple.com/in/app/myntra-fashion-shopping-app/id907394059
appstore_in_14458440038,app_store,IN,Maya ramesh rana,5,Very nice,Good fabric and print so comfortable,2026-08-22T12:01:15.000Z,0,4.2608.20,https://apps.apple.com/in/app/myntra-fashion-shopping-app/id907394059
appstore_in_14458424984,app_store,IN,Kalindiparul,5,Awesome,I like very much,2026-08-22T11:56:04.000Z,0,4.2608.20,https://apps.apple.com/in/app/myntra-fashion-shopping-app/id907394059
appstore_in_14458416052,app_store,IN,anita malik,4,Best shopping experience,If you are looking for a online app which will give you best offers available and all the brands you want plus hassle free shopping experience then this is the app you must check out.,2026-08-22T11:52:59.000Z,0,4.2607.40,https://apps.apple.com/in/app/myntra-fashion-shopping-app/id907394059
appstore_in_14458396582,app_store,IN,iAppLover55,1,worst customer service,"never trust myntra for any product 
they sold me a product which doesn’t work and they don’t take returns or any responsibility.. on top of that they charged me price which is higher than the products tax invoice.. this is second time exchange with no option to refund the product, exchanged product is also of very low quality and faulty..
big headache since past 2 months.. money stuck.. no product to use.. and rude customer service staff",2026-08-22T11:46:12.000Z,0,4.2608.30,https://apps.apple.com/in/app/myntra-fashion-shopping-app/id907394059
appstore_in_14458374719,app_store,IN,Maverickø1,4,A better deal,"There are good products but too many polyester fabrics on market, its hard to find wool aur or pure cotton.",2026-08-22T11:38:29.000Z,0,4.2608.20,https://apps.apple.com/in/app/myntra-fashion-shopping-app/id907394059
appstore_in_14458307986,app_store,IN,Pro neel,5,Super,Nice,2026-08-22T11:14:19.000Z,0,4.2608.30,https://apps.apple.com/in/app/myntra-fashion-shopping-app/id907394059
appstore_in_14458293250,app_store,IN,Xyzcjfjkf,1,Refund issue,"Very disappointing refund experience. Myntra provided a refund reference number, but I have not received any UPI notification or refund amount. I also checked my bank statement, and there is no refund transaction showing. When I try to contact customer support, I only get robotic/AI responses and cannot connect with a real person. Please resolve this issue instead of just providing a reference number.",2026-08-22T11:08:55.000Z,0,4.2608.30,https://apps.apple.com/in/app/myntra-fashion-shopping-app/id907394059
appstore_in_14458288695,app_store,IN,Yorktra,5,M,Good platform,2026-08-22T11:07:11.000Z,0,4.2608.30,https://apps.apple.com/in/app/myntra-fashion-shopping-app/id907394059
appstore_in_14458277376,app_store,IN,Mahathhhhh,1,Worst service,After purchasing the product successfully why automatically get canceled and simply providing refund without reason,2026-08-22T11:02:51.000Z,0,4.2608.30,https://apps.apple.com/in/app/myntra-fashion-shopping-app/id907394059
appstore_in_14458250840,app_store,IN,Cutee p pie,5,Nice,Very everything,2026-08-22T10:52:36.000Z,0,4.2608.10,https://apps.apple.com/in/app/myntra-fashion-shopping-app/id907394059
appstore_in_14458247442,app_store,IN,Desperance,5,Easy to use,Beautiful,2026-08-22T10:51:16.000Z,0,4.2608.10,https://apps.apple.com/in/app/myntra-fashion-shopping-app/id907394059
appstore_in_14458240626,app_store,IN,Ravinsha jindal,5,Experience,My Experience is good the product I received are of good quality and got the delivery on time,2026-08-22T10:48:38.000Z,0,4.2608.20,https://apps.apple.com/in/app/myntra-fashion-shopping-app/id907394059
appstore_in_14458235290,app_store,IN,Ashok veda,5,My Reliable fashion store,I regularly buy from Myntra,2026-08-22T10:46:35.000Z,0,4.2608.20,https://apps.apple.com/in/app/myntra-fashion-shopping-app/id907394059
appstore_in_14458207010,app_store,IN,S/kapoor,5,Polo T Shirt with soft material,"Very soft material, good for body during summers unlike knitted T Shirts with matty finish. Was searching for such material for long time as majority products under T shirt category are matty finish and it’s unbearable to skin in summers.",2026-08-22T10:35:35.000Z,0,4.2608.20,https://apps.apple.com/in/app/myntra-fashion-shopping-app/id907394059
appstore_in_14458199932,app_store,IN,Gangakrishan,5,Dr k s Rawat,Nice product,2026-08-22T10:32:48.000Z,0,4.2608.20,https://apps.apple.com/in/app/myntra-fashion-shopping-app/id907394059
appstore_in_14458186451,app_store,IN,KavyaDubey,5,Absolutely fantastic shopping,Quality feels completely different and cozy,2026-08-22T10:27:23.000Z,0,4.2608.30,https://apps.apple.com/in/app/myntra-fashion-shopping-app/id907394059
appstore_in_14458169137,app_store,IN,Aadlu,5,I like It,The product quality is good,2026-08-22T10:20:20.000Z,0,4.2608.20,https://apps.apple.com/in/app/myntra-fashion-shopping-app/id907394059
appstore_in_14458127356,app_store,IN,ananyak0123,5,.,Good,2026-08-22T10:03:25.000Z,0,4.2608.20,https://apps.apple.com/in/app/myntra-fashion-shopping-app/id907394059
appstore_in_14458121981,app_store,IN,Ak click,5,Best selling,Best quality product on this platform,2026-08-22T10:01:15.000Z,0,4.2608.10,https://apps.apple.com/in/app/myntra-fashion-shopping-app/id907394059
appstore_in_14458116931,app_store,IN,Cccgyni,5,Good,Nice,2026-08-22T09:59:11.000Z,0,4.2608.10,https://apps.apple.com/in/app/myntra-fashion-shopping-app/id907394059
appstore_in_14458102027,app_store,IN,Ashmira khan,5,Overall good,The material and quality is very good,2026-08-22T09:53:03.000Z,0,4.2608.20,https://apps.apple.com/in/app/myntra-fashion-shopping-app/id907394059
appstore_in_14458093529,app_store,IN,MAK7080,5,Quality products,"Myntra never use fake item
Always original",2026-08-22T09:49:34.000Z,0,4.2608.20,https://apps.apple.com/in/app/myntra-fashion-shopping-app/id907394059
appstore_in_14458073411,app_store,IN,Mcccccvjgdishs,5,Good,Very good,2026-08-22T09:41:10.000Z,0,4.2608.30,https://apps.apple.com/in/app/myntra-fashion-shopping-app/id907394059
appstore_in_14458041270,app_store,IN,✨✨Dr,5,Clothes,Good service and varieties,2026-08-22T09:27:47.000Z,0,4.2607.20,https://apps.apple.com/in/app/myntra-fashion-shopping-app/id907394059
appstore_in_14458023846,app_store,IN,surajabhay,5,Great,Product are authentic nd good quality,2026-08-22T09:20:31.000Z,0,4.2608.20,https://apps.apple.com/in/app/myntra-fashion-shopping-app/id907394059
appstore_in_14458021209,app_store,IN,Viewthem,5,Nice,Nicr,2026-08-22T09:19:23.000Z,0,4.2608.30,https://apps.apple.com/in/app/myntra-fashion-shopping-app/id907394059
appstore_in_14457994824,app_store,IN,Blue cord set,4,Blue cord set nice quality,"The fabric n embroidery n color, everything is good it is just that the lower is bit loose but for me it works well",2026-08-22T09:08:26.000Z,0,4.2608.20,https://apps.apple.com/in/app/myntra-fashion-shopping-app/id907394059
appstore_in_14457980784,app_store,IN,Iyniv,5,Shopping,I just love myntra you can shop blindly on it and get the order as shown in the pics,2026-08-22T09:02:30.000Z,0,4.2608.20,https://apps.apple.com/in/app/myntra-fashion-shopping-app/id907394059
appstore_in_14457920315,app_store,IN,My Isra,5,Riya melody perfume,It’s a long lasting perfume with very adorable smell 🫠❤️,2026-08-22T08:37:02.000Z,0,4.2608.30,https://apps.apple.com/in/app/myntra-fashion-shopping-app/id907394059
appstore_in_14457918575,app_store,IN,Prabhkk09,5,Best,Best,2026-08-22T08:36:19.000Z,0,4.2608.20,https://apps.apple.com/in/app/myntra-fashion-shopping-app/id907394059
appstore_in_14457911528,app_store,IN,Feroz shaikh 1902,5,"Best Overall

⭐⭐⭐⭐⭐","Myntra is one of the best shopping apps for fashion and lifestyle products. The collection is huge, the app is easy to use, and the offers and discounts are great. I also love the variety of brands and the smooth shopping experience. Highly recommended for anyone who loves online shopping! 🛍️✨",2026-08-22T08:33:20.000Z,0,4.2608.10,https://apps.apple.com/in/app/myntra-fashion-shopping-app/id907394059
appstore_in_14457907938,app_store,IN,Suchela,5,Exceptionally quick delivery,Loved the product SBS the time taken to deliver,2026-08-22T08:31:48.000Z,0,4.2608.20,https://apps.apple.com/in/app/myntra-fashion-shopping-app/id907394059
appstore_in_14457892984,app_store,IN,imuions,5,Genuine,Best products and best service,2026-08-22T08:25:31.000Z,0,4.2608.30,https://apps.apple.com/in/app/myntra-fashion-shopping-app/id907394059
appstore_in_14457883349,app_store,IN,Vikeeka,5,Shopping lover,Love to shop with myntra,2026-08-22T08:21:26.000Z,0,4.2608.30,https://apps.apple.com/in/app/myntra-fashion-shopping-app/id907394059
appstore_in_14457876404,app_store,IN,Rupam@01,5,R sharma,Fantastic,2026-08-22T08:18:28.000Z,0,4.2607.20,https://apps.apple.com/in/app/myntra-fashion-shopping-app/id907394059
appstore_in_14457871243,app_store,IN,Saagam,5,Delivery & discount,Service was very fast…they delivered one day before they say date…and also great discount or freebies then other platforms…very much improved brand,2026-08-22T08:16:18.000Z,0,4.2608.20,https://apps.apple.com/in/app/myntra-fashion-shopping-app/id907394059
appstore_in_14457865468,app_store,IN,Devansh dh,5,Good,Excellence,2026-08-22T08:13:52.000Z,0,4.2608.30,https://apps.apple.com/in/app/myntra-fashion-shopping-app/id907394059
appstore_in_14457843926,app_store,IN,Don munna,5,Super,Super,2026-08-22T08:04:47.000Z,0,4.2608.20,https://apps.apple.com/in/app/myntra-fashion-shopping-app/id907394059
appstore_in_14457833320,app_store,IN,Kushdon,1,Worst app,Pathetic app with no customer service at all. Ordered 8 items out of which delivery of 4 items never happened and they just cancelled it. 2 items were returned due to size issue which also took few days to pick up and refund. Never using it again,2026-08-22T08:00:15.000Z,0,4.2608.30,https://apps.apple.com/in/app/myntra-fashion-shopping-app/id907394059
appstore_in_14457806262,app_store,IN,AO6643,5,Good,Good,2026-08-22T07:48:42.000Z,0,4.2608.20,https://apps.apple.com/in/app/myntra-fashion-shopping-app/id907394059
appstore_in_14457790795,app_store,IN,Kuchtohhai,4,Good,Don’t know what exactly is the calculation behind Platform fee,2026-08-22T07:42:07.000Z,0,4.2608.20,https://apps.apple.com/in/app/myntra-fashion-shopping-app/id907394059
appstore_in_14457781661,app_store,IN,Twinkkoach,5,Awesome,All items are reasonable prices.loved it,2026-08-22T07:38:13.000Z,0,4.2608.20,https://apps.apple.com/in/app/myntra-fashion-shopping-app/id907394059
appstore_in_14457778285,app_store,IN,Pat_Jass,4,Good platform,Good for latest collection,2026-08-22T07:36:48.000Z,0,4.2608.20,https://apps.apple.com/in/app/myntra-fashion-shopping-app/id907394059
appstore_in_14457758592,app_store,IN,Qweryiookndds,5,Good,Good,2026-08-22T07:28:24.000Z,0,4.2608.30,https://apps.apple.com/in/app/myntra-fashion-shopping-app/id907394059
appstore_in_14457751521,app_store,IN,shuchi gandhi,5,Nice,Lovely collection👍👍,2026-08-22T07:25:22.000Z,0,4.2608.20,https://apps.apple.com/in/app/myntra-fashion-shopping-app/id907394059
appstore_in_14457749562,app_store,IN,Angelika aye,5,Puma sneaker,The quality is good love the item very comfortable to wear my son is very happy,2026-08-22T07:24:31.000Z,0,4.2608.20,https://apps.apple.com/in/app/myntra-fashion-shopping-app/id907394059
appstore_in_14457748204,app_store,IN,inTheRamen,5,MoodForLasagna,I always get the best deals and the returns process is super easy and quick.,2026-08-22T07:23:56.000Z,0,4.2608.20,https://apps.apple.com/in/app/myntra-fashion-shopping-app/id907394059
appstore_in_14457738055,app_store,IN,reviewmyntrajahnvi,5,Nice delivery,Really good product and timely delivery,2026-08-22T07:19:28.000Z,0,4.2608.20,https://apps.apple.com/in/app/myntra-fashion-shopping-app/id907394059
appstore_in_14457732980,app_store,IN,Sushma30,5,Good bag,"Very beautiful and smart bag .
Quality also very good",2026-08-22T07:17:15.000Z,0,4.2608.20,https://apps.apple.com/in/app/myntra-fashion-shopping-app/id907394059
appstore_in_14457723009,app_store,IN,machineegunee,5,Nice trouser,Good looking trousers for young boys,2026-08-22T07:12:59.000Z,0,4.2608.20,https://apps.apple.com/in/app/myntra-fashion-shopping-app/id907394059
appstore_in_14457668778,app_store,IN,Dovcake,5,Soft toy bag,Awesome,2026-08-22T06:49:14.000Z,0,4.2608.20,https://apps.apple.com/in/app/myntra-fashion-shopping-app/id907394059
appstore_in_14457668190,app_store,IN,rit vkp,5,Kurti,Badia,2026-08-22T06:48:58.000Z,0,4.2608.20,https://apps.apple.com/in/app/myntra-fashion-shopping-app/id907394059
appstore_in_14457661085,app_store,IN,GURUDUTT VISHWAKARMA,1,Mnow is worst,Even the customer care executive is not know anything…. They are moron.,2026-08-22T06:45:50.000Z,0,4.2608.30,https://apps.apple.com/in/app/myntra-fashion-shopping-app/id907394059
appstore_in_14457657037,app_store,IN,Nu Unstoppable,5,Shade no -540. Nu Unstoppable,Nice colour . Only gonna suit in fair skin tone.,2026-08-22T06:44:02.000Z,0,4.2608.20,https://apps.apple.com/in/app/myntra-fashion-shopping-app/id907394059
appstore_in_14457648877,app_store,IN,Madhu Singh Sonu,5,Very nice👍,Very nice fabric and size is well fitted,2026-08-22T06:40:26.000Z,0,4.2608.30,https://apps.apple.com/in/app/myntra-fashion-shopping-app/id907394059
appstore_in_14457619021,app_store,IN,riya1804,5,Best,It is a very good app.,2026-08-22T06:27:20.000Z,0,4.2608.20,https://apps.apple.com/in/app/myntra-fashion-shopping-app/id907394059
appstore_in_14457547972,app_store,IN,devil dec,5,Great,Great,2026-08-22T05:55:48.000Z,0,4.2608.20,https://apps.apple.com/in/app/myntra-fashion-shopping-app/id907394059
appstore_in_14457543359,app_store,IN,Texture is good,5,Love the lip stain,I really like the texture and the stain it leave even after removing it.,2026-08-22T05:53:48.000Z,0,4.2608.20,https://apps.apple.com/in/app/myntra-fashion-shopping-app/id907394059
appstore_in_14457515141,app_store,IN,Dr. Manjula Nair,5,Dr. Manjula Nair,Good one. Happy to shop with Myntra 🫶,2026-08-22T05:40:59.000Z,0,4.2608.20,https://apps.apple.com/in/app/myntra-fashion-shopping-app/id907394059
appstore_in_14457503052,app_store,IN,bdjxlzozssznzss,5,fancy clutch,quality is very good,2026-08-22T05:35:31.000Z,0,4.2608.20,https://apps.apple.com/in/app/myntra-fashion-shopping-app/id907394059
appstore_in_14457494795,app_store,IN,Ashishakarsh,5,Nice app,Quite user friendly,2026-08-22T05:31:50.000Z,0,4.2608.20,https://apps.apple.com/in/app/myntra-fashion-shopping-app/id907394059
appstore_in_14457491123,app_store,IN,Rima Mondal,5,Myntra,Outstanding,2026-08-22T05:30:13.000Z,0,4.2608.20,https://apps.apple.com/in/app/myntra-fashion-shopping-app/id907394059
appstore_in_14457479891,app_store,IN,Beadgames,5,They always deliver the best❤️,"Been a fan of Myntra for a decade at least and I find shopping so hassle free and exchanges easily done,returns taken with no questions asked:)
I love it!",2026-08-22T05:25:06.000Z,0,4.2608.20,https://apps.apple.com/in/app/myntra-fashion-shopping-app/id907394059
appstore_in_14457457330,app_store,IN,Vijivjii,5,👌,Nice dress I like it,2026-08-22T05:15:03.000Z,0,4.2608.20,https://apps.apple.com/in/app/myntra-fashion-shopping-app/id907394059
appstore_in_14457443048,app_store,IN,Yuvithepug,5,Good quality,"Worth for money,comfort,good fabric",2026-08-22T05:08:37.000Z,0,4.2608.20,https://apps.apple.com/in/app/myntra-fashion-shopping-app/id907394059
appstore_in_14457385235,app_store,IN,PSAPRIL,5,Awesome price with awesome variety !!!,Love to shop from Myntra. Almost everything is available ❣️,2026-08-22T04:42:35.000Z,0,4.2608.20,https://apps.apple.com/in/app/myntra-fashion-shopping-app/id907394059
appstore_in_14457380243,app_store,IN,Mkkmkittu,5,Always 😍,Always my first preference app,2026-08-22T04:40:22.000Z,0,4.2608.30,https://apps.apple.com/in/app/myntra-fashion-shopping-app/id907394059
appstore_in_14457374248,app_store,IN,Kajalgarg,1,Very Disappointing Experience,"Myntra’s server has been down/very slow and the app is not working properly. Because of these technical issues, my posts are not getting the expected likes and views. Please fix the server and technical problems as soon as possible. It’s really affecting the user experience and engagement.",2026-08-22T04:37:41.000Z,0,4.2608.30,https://apps.apple.com/in/app/myntra-fashion-shopping-app/id907394059
appstore_in_14457340512,app_store,IN,Shivambudwa,5,Thomas crick shoes,Very nice product worth it,2026-08-22T04:22:51.000Z,0,4.2607.40,https://apps.apple.com/in/app/myntra-fashion-shopping-app/id907394059
appstore_in_14457302262,app_store,IN,pinku2001,5,review,nic product,2026-08-22T04:06:01.000Z,0,4.2608.20,https://apps.apple.com/in/app/myntra-fashion-shopping-app/id907394059
appstore_in_14457273362,app_store,IN,Yashwant patil,5,Reliable,Good product as shown in app,2026-08-22T03:53:36.000Z,0,4.2608.20,https://apps.apple.com/in/app/myntra-fashion-shopping-app/id907394059
appstore_in_14457256582,app_store,IN,see 👍💯,5,Good,Good,2026-08-22T03:46:27.000Z,0,4.2608.30,https://apps.apple.com/in/app/myntra-fashion-shopping-app/id907394059
appstore_in_14457254151,app_store,IN,Bittuyadav,5,Good,Good,2026-08-22T03:45:27.000Z,0,4.2508.20,https://apps.apple.com/in/app/myntra-fashion-shopping-app/id907394059
appstore_in_14457248107,app_store,IN,Myntrasaaj,5,Aesthetic,"This was truly a wonderful experience, and I appreciate it",2026-08-22T03:42:52.000Z,0,4.2608.20,https://apps.apple.com/in/app/myntra-fashion-shopping-app/id907394059
appstore_in_14457213051,app_store,IN,Anupam’s live,5,Collection,Good,2026-08-22T03:28:14.000Z,0,4.2608.20,https://apps.apple.com/in/app/myntra-fashion-shopping-app/id907394059
appstore_in_14457202403,app_store,IN,Sunny_23@,5,Nice quality,Like it vary products best quality,2026-08-22T03:23:50.000Z,0,4.2608.20,https://apps.apple.com/in/app/myntra-fashion-shopping-app/id907394059
appstore_in_14457174759,app_store,IN,Dhandayuth,5,Excellent app!,Branded apparels!Good!,2026-08-22T03:12:25.000Z,0,4.2608.20,https://apps.apple.com/in/app/myntra-fashion-shopping-app/id907394059
appstore_in_14457158764,app_store,IN,Dr Shruti Shukla,5,Quality,Best quality products,2026-08-22T03:05:53.000Z,0,4.2608.20,https://apps.apple.com/in/app/myntra-fashion-shopping-app/id907394059
appstore_in_14457157714,app_store,IN,krishnapreethi,5,Rool on,Good fragrance recommend,2026-08-22T03:05:27.000Z,0,4.2608.20,https://apps.apple.com/in/app/myntra-fashion-shopping-app/id907394059
appstore_in_14457148161,app_store,IN,minplucky,5,crocss,very comfertable n soft sole...easy to ware..,2026-08-22T03:01:31.000Z,0,4.2608.20,https://apps.apple.com/in/app/myntra-fashion-shopping-app/id907394059
appstore_in_14457123622,app_store,IN,Awxcxxx,5,Excellent,Excellent,2026-08-22T02:51:39.000Z,0,4.2608.20,https://apps.apple.com/in/app/myntra-fashion-shopping-app/id907394059
appstore_in_14457044483,app_store,IN,nancygautams,5,love myntra,best and amazing shopping app,2026-08-22T02:20:24.000Z,0,4.2608.20,https://apps.apple.com/in/app/myntra-fashion-shopping-app/id907394059
appstore_in_14457043243,app_store,IN,Jyothiswarupa,5,Good,Purchased 42 size and it is good,2026-08-22T02:19:54.000Z,0,4.2608.30,https://apps.apple.com/in/app/myntra-fashion-shopping-app/id907394059
appstore_in_14457039469,app_store,IN,Joselin82,5,Awesome product,Very comfortable and perfect,2026-08-22T02:18:22.000Z,0,4.2608.20,https://apps.apple.com/in/app/myntra-fashion-shopping-app/id907394059
appstore_in_14457011279,app_store,IN,jass6890,5,Offer is so bad here,There discounts is so bad,2026-08-22T02:07:24.000Z,0,4.2607.20,https://apps.apple.com/in/app/myntra-fashion-shopping-app/id907394059
appstore_in_14456984811,app_store,IN,Nefi addams,5,Best experience,I love the app,2026-08-22T01:57:02.000Z,0,4.2608.10,https://apps.apple.com/in/app/myntra-fashion-shopping-app/id907394059
appstore_in_14456960681,app_store,IN,Jpnayak,5,Good price and original,App experience is seamless and good for perfume shopping and apparel shopping.,2026-08-22T01:47:31.000Z,0,4.2608.20,https://apps.apple.com/in/app/myntra-fashion-shopping-app/id907394059
appstore_in_14456948168,app_store,IN,Tanish###,5,👌,I really like Myntra,2026-08-22T01:42:35.000Z,0,4.2608.20,https://apps.apple.com/in/app/myntra-fashion-shopping-app/id907394059
appstore_in_14456769896,app_store,IN,Ethnic cape dress,5,Lovely dress,Love the ethnic caped dress.,2026-08-22T00:32:17.000Z,0,4.2608.30,https://apps.apple.com/in/app/myntra-fashion-shopping-app/id907394059
appstore_in_14456459832,app_store,IN,amna goel,5,Good,Good,2026-08-21T22:27:24.000Z,0,4.2608.20,https://apps.apple.com/in/app/myntra-fashion-shopping-app/id907394059
appstore_in_14456358150,app_store,IN,Faeby choi,5,My fav. Shopping app,"I believe as a customer who has been using Myntra for 6+ years and ongoing in the beginning it was all legit direct company’s and very good products . If u want to buy things its easily available and delivered within few days and with the help of coupon and discount we can save a lot of money and also get good quality direct form the company 
But one cons is that recently Myntra has invited few marketing which seems to be quite fishy and not a qualified company 
But overall I love Myntra and its products and services best shopping app for me 🩷🫶🏼",2026-08-21T21:46:48.000Z,0,4.2608.20,https://apps.apple.com/in/app/myntra-fashion-shopping-app/id907394059
appstore_in_14456227770,app_store,IN,Star151197,5,Amazing,Perfect fit,2026-08-21T20:56:13.000Z,0,4.2608.30,https://apps.apple.com/in/app/myntra-fashion-shopping-app/id907394059
appstore_in_14456184804,app_store,IN,buddykakkar,5,awesome,fabric and fit is superb,2026-08-21T20:39:52.000Z,0,4.2608.30,https://apps.apple.com/in/app/myntra-fashion-shopping-app/id907394059
appstore_in_14456106058,app_store,IN,P Kukreja,5,Sanskruti homes nightsuit,"Super comfy, the fabric’s too good.",2026-08-21T20:10:30.000Z,0,4.2608.30,https://apps.apple.com/in/app/myntra-fashion-shopping-app/id907394059
appstore_in_14456097691,app_store,IN,Pucchi 😘,5,Great shopping,Good Quality,2026-08-21T20:07:26.000Z,0,4.2608.30,https://apps.apple.com/in/app/myntra-fashion-shopping-app/id907394059
appstore_in_14455988762,app_store,IN,Subham Kumar sahoo,5,good,good,2026-08-21T19:27:50.000Z,0,4.2608.30,https://apps.apple.com/in/app/myntra-fashion-shopping-app/id907394059
appstore_in_14455973573,app_store,IN,Varun Manchanda,1,Pathetic customer service,"Worst customer service. I ordered on 8th with the expected delivery of 14th.
I didn’t receive delivery and started chasing. They have created an incident on 16th. I continued chasing daily and i got same response that we are actively working on your incident but I haven’t seen even a single response on the incident.
Customer care person mentioned on 17th that I will receive my order in 24 hours.
When I didn’t receive order till 20th. I tried talking to customer care again.
Representatives Unnati and Abhishek continued saying that we want to build the trust but when I asked about delivery of the order, they again commented that I will get in 24 hours.
I checked on 21st evening, my order was cancelled automatically.
Pathetic experience, if you can’t deliver, tell this the very first time. Why waste customer’s time and effort?
I will try to keep the order minimal or may be not order from such non-reliable companies.",2026-08-21T19:22:29.000Z,0,4.2608.30,https://apps.apple.com/in/app/myntra-fashion-shopping-app/id907394059
appstore_in_14455902636,app_store,IN,Zankhana Makwana,1,Poor delivery customer care is pathetic and payment issue,"I have ordered a plazzo kurta set that was not fit in size so I requested for exchange/ refund 
The delivery partner took the dress and marked my request rejected I didn’t receive the exchange of that and I didn’t get any refund from them and i am contacting the customer service team but I am unable to contact them by any way and i am not getting the revert from the mail also my refund is stuck and my dress is also with them 
And my complaint has not been resolved yet 
Please kindly be careful while placing your order on myntra 
I had a very bad experience with them",2026-08-21T18:57:38.000Z,0,4.2608.30,https://apps.apple.com/in/app/myntra-fashion-shopping-app/id907394059
appstore_in_14455888227,app_store,IN,Deesha N,5,Shoes,Good quality,2026-08-21T18:52:39.000Z,0,4.2608.20,https://apps.apple.com/in/app/myntra-fashion-shopping-app/id907394059
appstore_in_14455874640,app_store,IN,karan sakpal,5,Love it,Best online shopping app,2026-08-21T18:47:56.000Z,0,4.2607.20,https://apps.apple.com/in/app/myntra-fashion-shopping-app/id907394059
appstore_in_14455874022,app_store,IN,Siddhi@7400,5,So so good,Very good,2026-08-21T18:47:44.000Z,0,4.2608.20,https://apps.apple.com/in/app/myntra-fashion-shopping-app/id907394059
appstore_in_14455788269,app_store,IN,vickeypidia,5,Wow,Wow,2026-08-21T18:18:51.000Z,0,4.2608.10,https://apps.apple.com/in/app/myntra-fashion-shopping-app/id907394059
appstore_in_14455761237,app_store,IN,Karishma Rankhambe,5,Highly recommended 👍,"The jeans quality is very good, and the fitting is also perfect. 👍😊",2026-08-21T18:09:44.000Z,0,4.2608.30,https://apps.apple.com/in/app/myntra-fashion-shopping-app/id907394059
appstore_in_14455735136,app_store,IN,jiaansh dudu,5,Time on delivery 👏👏👍👍,"Very fast delivery, well done Myntra 👍👍❤️❤️❤️",2026-08-21T18:00:59.000Z,0,4.2608.20,https://apps.apple.com/in/app/myntra-fashion-shopping-app/id907394059
appstore_in_14455726877,app_store,IN,Alpa bhadreshwara,5,I like it,Very good,2026-08-21T17:58:13.000Z,0,4.2608.30,https://apps.apple.com/in/app/myntra-fashion-shopping-app/id907394059
appstore_in_14455721404,app_store,IN,RDM1315,5,Fur Jaden Bag,What an authentic bag Myntra has delivered at my doorstep. Quality of the bag is too impressive and design is connoisseur!,2026-08-21T17:56:22.000Z,0,4.2608.30,https://apps.apple.com/in/app/myntra-fashion-shopping-app/id907394059
appstore_in_14455704083,app_store,IN,Mạnuu,5,Trouser,"Awesome quality n fitting 
Love the product",2026-08-21T17:50:45.000Z,0,4.2608.20,https://apps.apple.com/in/app/myntra-fashion-shopping-app/id907394059
appstore_in_14455695322,app_store,IN,Irfan Ahmed Khan,5,Wonderful,Perfect,2026-08-21T17:47:52.000Z,0,4.2608.20,https://apps.apple.com/in/app/myntra-fashion-shopping-app/id907394059
appstore_in_14455659780,app_store,IN,Moromi Gullu,5,Amazing,Best quality product ❤️❤️,2026-08-21T17:36:09.000Z,0,4.2608.20,https://apps.apple.com/in/app/myntra-fashion-shopping-app/id907394059
appstore_in_14455636178,app_store,IN,Ajit Bhandare Kolhapur,5,Good service by myntra it is trustable site I have found variety in this site,"Good service by myntra it is trustable site I have found variety in this site  use since 8 years....from ajit Bhandare ,Kolhapur",2026-08-21T17:28:26.000Z,0,4.2607.20,https://apps.apple.com/in/app/myntra-fashion-shopping-app/id907394059
appstore_in_14455633851,app_store,IN,Okokoookokokkheiwhah,5,Product was good,"Product was good but too large 
And the option of size change can’t show",2026-08-21T17:27:43.000Z,0,4.2608.20,https://apps.apple.com/in/app/myntra-fashion-shopping-app/id907394059
appstore_in_14455585362,app_store,IN,har_sh_07766,5,Product,Best product and delivery ❤️,2026-08-21T17:12:14.000Z,0,4.2608.30,https://apps.apple.com/in/app/myntra-fashion-shopping-app/id907394059
appstore_in_14455535971,app_store,IN,Tactical@,5,Too Smooth & has every site brand,Best,2026-08-21T16:56:35.000Z,0,4.2608.30,https://apps.apple.com/in/app/myntra-fashion-shopping-app/id907394059
appstore_in_14455496962,app_store,IN,Puneet sperstar,5,Hrx sports tshirt,Best product,2026-08-21T16:44:25.000Z,0,4.2608.30,https://apps.apple.com/in/app/myntra-fashion-shopping-app/id907394059
appstore_in_14455473914,app_store,IN,Megha’s 123,5,Very good fitting,I love this co Prd set,2026-08-21T16:37:15.000Z,0,4.2608.20,https://apps.apple.com/in/app/myntra-fashion-shopping-app/id907394059
appstore_in_14455432513,app_store,IN,P*nd*,5,Eyebrows shade,Nice product,2026-08-21T16:24:32.000Z,0,4.2607.20,https://apps.apple.com/in/app/myntra-fashion-shopping-app/id907394059
appstore_in_14455424067,app_store,IN,Satheesh.Jim,5,Awesome Purchase,It maintains its quality,2026-08-21T16:21:56.000Z,0,4.2608.30,https://apps.apple.com/in/app/myntra-fashion-shopping-app/id907394059
appstore_in_14455405946,app_store,IN,Vishwjeet.kumar,1,Fake app,"Very poor service. I only called the delivery boy to ask how long he would take to arrive, but he cancelled my order without any reason. Very disappointing experi",2026-08-21T16:16:23.000Z,0,4.2608.30,https://apps.apple.com/in/app/myntra-fashion-shopping-app/id907394059
appstore_in_14455387468,app_store,IN,My stall,5,Shoping,Nice things too good,2026-08-21T16:10:43.000Z,0,4.2608.20,https://apps.apple.com/in/app/myntra-fashion-shopping-app/id907394059
appstore_in_14455379732,app_store,IN,Ariana phillip,1,I’m an Iconic member but I’m saying this,Avoid Myntra!! No more the authentic marketplace it once used to be.,2026-08-21T16:08:27.000Z,0,4.2608.30,https://apps.apple.com/in/app/myntra-fashion-shopping-app/id907394059
appstore_in_14455364044,app_store,IN,KomalNMahajan,5,Good,Very good for shopping,2026-08-21T16:03:44.000Z,0,4.2511.11,https://apps.apple.com/in/app/myntra-fashion-shopping-app/id907394059
appstore_in_14455347779,app_store,IN,Bihu🌻,4,Good,Good,2026-08-21T15:58:50.000Z,0,4.2608.30,https://apps.apple.com/in/app/myntra-fashion-shopping-app/id907394059
appstore_in_14455273693,app_store,IN,Ungomma daiii,5,Very good app,Its a very affordable place to buy clothes,2026-08-21T15:36:50.000Z,0,4.2608.30,https://apps.apple.com/in/app/myntra-fashion-shopping-app/id907394059
appstore_in_14455245578,app_store,IN,Good dining options available,5,Wonderful Experience,Just loved it..will definitely recommend.,2026-08-21T15:28:37.000Z,0,4.2608.20,https://apps.apple.com/in/app/myntra-fashion-shopping-app/id907394059
appstore_in_14455233338,app_store,IN,Preet.kaur088,5,Too gud,Tooo gudd,2026-08-21T15:25:05.000Z,0,4.2608.30,https://apps.apple.com/in/app/myntra-fashion-shopping-app/id907394059
appstore_in_14455206782,app_store,IN,kamal_2506,5,Good,Nice,2026-08-21T15:17:21.000Z,0,4.2608.30,https://apps.apple.com/in/app/myntra-fashion-shopping-app/id907394059
appstore_in_14455187657,app_store,IN,Vikas1306,5,Unlimited brands deals,"I love shopping from myntra they have almost every brand.
Much more to you just go and checkout mynta.
Happy shopping",2026-08-21T15:11:50.000Z,0,4.2608.20,https://apps.apple.com/in/app/myntra-fashion-shopping-app/id907394059
appstore_in_14455179885,app_store,IN,paarthav,5,Awesome,Superb services. Trust worthy app. Good fabric !!,2026-08-21T15:09:36.000Z,0,4.2608.20,https://apps.apple.com/in/app/myntra-fashion-shopping-app/id907394059
appstore_in_14455114044,app_store,IN,Ree.ro,5,Palmonas,Top notch quality,2026-08-21T14:50:45.000Z,0,4.2608.20,https://apps.apple.com/in/app/myntra-fashion-shopping-app/id907394059
appstore_in_14454989708,app_store,IN,7vvk,5,Good,Too good,2026-08-21T14:15:31.000Z,0,4.2608.20,https://apps.apple.com/in/app/myntra-fashion-shopping-app/id907394059
appstore_in_14454942716,app_store,IN,Ovee B,5,Shopping,Very good,2026-08-21T14:02:14.000Z,0,4.2608.20,https://apps.apple.com/in/app/myntra-fashion-shopping-app/id907394059
appstore_in_14454938663,app_store,IN,gdhdhahajajgs,5,Exchange,Excellent,2026-08-21T14:01:07.000Z,0,4.2608.20,https://apps.apple.com/in/app/myntra-fashion-shopping-app/id907394059
appstore_in_14454937992,app_store,IN,Chiku7521,5,Love it,Love it,2026-08-21T14:00:55.000Z,0,4.2608.30,https://apps.apple.com/in/app/myntra-fashion-shopping-app/id907394059
appstore_in_14454901932,app_store,IN,Dipsikha lama,5,Mast hai har ek product original milta hai,Amazing app,2026-08-21T13:50:29.000Z,0,4.2608.20,https://apps.apple.com/in/app/myntra-fashion-shopping-app/id907394059
appstore_in_14454868067,app_store,IN,Arun Vanam,5,Superb look,Good and Worthy. Fabric look like silk and light weight.,2026-08-21T13:40:45.000Z,0,4.2608.20,https://apps.apple.com/in/app/myntra-fashion-shopping-app/id907394059
appstore_in_14454818010,app_store,IN,Lekh@123,5,Excellent,👍👍👍,2026-08-21T13:26:12.000Z,0,4.2608.20,https://apps.apple.com/in/app/myntra-fashion-shopping-app/id907394059
appstore_in_14454810582,app_store,IN,HER@26,2,About return,If you add a platform fee that’s too much. Then y don’t you return it while returning the item.,2026-08-21T13:24:01.000Z,0,4.2608.30,https://apps.apple.com/in/app/myntra-fashion-shopping-app/id907394059
appstore_in_14454650174,app_store,IN,Manjula ta,5,Mango jeans,Quality is great,2026-08-21T12:35:57.000Z,0,4.2608.20,https://apps.apple.com/in/app/myntra-fashion-shopping-app/id907394059
appstore_in_14454598226,app_store,IN,Nehamonty@001,5,Good,Good app,2026-08-21T12:19:52.000Z,0,4.2608.10,https://apps.apple.com/in/app/myntra-fashion-shopping-app/id907394059
appstore_in_14454594816,app_store,IN,Rush-new,5,Reviews,Good quality products,2026-08-21T12:18:49.000Z,0,4.2608.20,https://apps.apple.com/in/app/myntra-fashion-shopping-app/id907394059
appstore_in_14454547995,app_store,IN,parveenkuamr,5,original products this,best experience ever,2026-08-21T12:04:07.000Z,0,4.2608.20,https://apps.apple.com/in/app/myntra-fashion-shopping-app/id907394059
appstore_in_14454543404,app_store,IN,Babbaru,5,Good stuff,Very nice,2026-08-21T12:02:38.000Z,0,4.2608.20,https://apps.apple.com/in/app/myntra-fashion-shopping-app/id907394059
appstore_in_14454508909,app_store,IN,RamaPadi,2,Size issues,Clothesline is good but order processing is badly handled.Size issues are mostly there forcing you to exchange,2026-08-21T11:51:34.000Z,0,4.2608.30,https://apps.apple.com/in/app/myntra-fashion-shopping-app/id907394059
appstore_in_14454501304,app_store,IN,Lakhi shergill,5,Shopping,Best app for shopping,2026-08-21T11:49:07.000Z,0,4.2608.20,https://apps.apple.com/in/app/myntra-fashion-shopping-app/id907394059
appstore_in_14454473848,app_store,IN,Anku.m,5,Spider-Man shirt,Material soft aahe,2026-08-21T11:40:05.000Z,0,4.2608.20,https://apps.apple.com/in/app/myntra-fashion-shopping-app/id907394059
appstore_in_14454456406,app_store,IN,S_rish,1,Catalog of Many Brands Unavailable,"Hi, off late, the optimum catalog of many brands like Max, Pantaloons and Lifestyle is not available to shop on the app. Has there been any changes?",2026-08-21T11:34:21.000Z,0,4.2608.30,https://apps.apple.com/in/app/myntra-fashion-shopping-app/id907394059
appstore_in_14454443234,app_store,IN,Tiyashatma,5,Product,Very nice app for shopping,2026-08-21T11:29:56.000Z,0,4.2608.20,https://apps.apple.com/in/app/myntra-fashion-shopping-app/id907394059
appstore_in_14454426327,app_store,IN,Mon1234@1234,5,Best site for shopping,Best site and unlimited products with an awesome quality!,2026-08-21T11:24:16.000Z,0,4.2608.30,https://apps.apple.com/in/app/myntra-fashion-shopping-app/id907394059
appstore_in_14454423142,app_store,IN,Prakul21,5,App,Best for buying,2026-08-21T11:23:10.000Z,0,4.2608.20,https://apps.apple.com/in/app/myntra-fashion-shopping-app/id907394059
appstore_in_14454405418,app_store,IN,AKWILKHOO,5,Best price,Best app,2026-08-21T11:17:06.000Z,0,4.2608.30,https://apps.apple.com/in/app/myntra-fashion-shopping-app/id907394059
appstore_in_14454390719,app_store,IN,Vinodnaidu9618,5,Good,Great,2026-08-21T11:12:01.000Z,0,4.2608.30,https://apps.apple.com/in/app/myntra-fashion-shopping-app/id907394059
appstore_in_14454370114,app_store,IN,Manish Tadge,5,Best,One of the best app for buying cloths,2026-08-21T11:04:48.000Z,0,4.2608.20,https://apps.apple.com/in/app/myntra-fashion-shopping-app/id907394059
appstore_in_14454319789,app_store,IN,vijay kumari,5,Good,Light weight comfortable Chappel,2026-08-21T10:46:57.000Z,0,4.2608.20,https://apps.apple.com/in/app/myntra-fashion-shopping-app/id907394059
appstore_in_14454313932,app_store,IN,Rajveer jat,5,Cool,Fantastic,2026-08-21T10:44:51.000Z,0,4.2608.20,https://apps.apple.com/in/app/myntra-fashion-shopping-app/id907394059
appstore_in_14454310679,app_store,IN,Nishat Jailor,5,Bummy Pants Diper,Very good,2026-08-21T10:43:41.000Z,0,4.2608.20,https://apps.apple.com/in/app/myntra-fashion-shopping-app/id907394059
appstore_in_14454294021,app_store,IN,vinnymissy,4,Good product,Good very good,2026-08-21T10:37:37.000Z,0,4.2608.30,https://apps.apple.com/in/app/myntra-fashion-shopping-app/id907394059
appstore_in_14454291052,app_store,IN,To good👌,5,I am so happy,Very soft & comfteble dresh,2026-08-21T10:36:29.000Z,0,4.2608.30,https://apps.apple.com/in/app/myntra-fashion-shopping-app/id907394059
appstore_in_14454248064,app_store,IN,Swati2806,5,very good,Good stuff,2026-08-21T10:20:13.000Z,0,4.2608.20,https://apps.apple.com/in/app/myntra-fashion-shopping-app/id907394059
appstore_in_14454227540,app_store,IN,shashi mehandiratta,5,Problem not solved,Not working properly,2026-08-21T10:12:23.000Z,0,4.2608.30,https://apps.apple.com/in/app/myntra-fashion-shopping-app/id907394059
appstore_in_14454219983,app_store,IN,Aman@1991,5,Good services,Always us MYNTRA,2026-08-21T10:09:27.000Z,0,4.2608.20,https://apps.apple.com/in/app/myntra-fashion-shopping-app/id907394059
appstore_in_14454204633,app_store,IN,@lplalitpathak,5,King,Lalit Pathak,2026-08-21T10:03:32.000Z,0,4.2608.20,https://apps.apple.com/in/app/myntra-fashion-shopping-app/id907394059
appstore_in_14454182930,app_store,IN,Jai 9/3,5,Excellent,Shandar jabardast,2026-08-21T09:55:07.000Z,0,4.2608.10,https://apps.apple.com/in/app/myntra-fashion-shopping-app/id907394059
appstore_in_14454182648,app_store,IN,Addres not updated in portal,5,Love to spend time Witt Myntra..,I do love to get all my required daily and formal wear and all my Fashion need a wide range of collections with easy payment option and on time delivery .👏👏,2026-08-21T09:55:01.000Z,0,4.2608.30,https://apps.apple.com/in/app/myntra-fashion-shopping-app/id907394059
appstore_in_14454179075,app_store,IN,Sonujinu,4,Mast shopping app,I like the product n quality,2026-08-21T09:53:36.000Z,0,4.2608.20,https://apps.apple.com/in/app/myntra-fashion-shopping-app/id907394059
appstore_in_14454151475,app_store,IN,sushmadevani,5,Best service and price n quality,Best in all terms,2026-08-21T09:42:39.000Z,0,4.2608.20,https://apps.apple.com/in/app/myntra-fashion-shopping-app/id907394059
appstore_in_14454108874,app_store,IN,Rakhi Gautam,5,Excepted,"Excellent
Thread",2026-08-21T09:25:47.000Z,0,4.2608.10,https://apps.apple.com/in/app/myntra-fashion-shopping-app/id907394059
appstore_in_14454097711,app_store,IN,Mehak Parth,5,Dress,Perfect fit,2026-08-21T09:21:18.000Z,0,4.2608.20,https://apps.apple.com/in/app/myntra-fashion-shopping-app/id907394059
appstore_in_14454094710,app_store,IN,Akkuittu,5,Night lamp,Very nice,2026-08-21T09:20:06.000Z,0,4.2608.20,https://apps.apple.com/in/app/myntra-fashion-shopping-app/id907394059
appstore_in_14454086735,app_store,IN,MD & CEO Akarshak,4,Akarshak,Good,2026-08-21T09:16:51.000Z,0,4.2608.20,https://apps.apple.com/in/app/myntra-fashion-shopping-app/id907394059
appstore_in_14454076998,app_store,IN,Aijuuuuuuuuuuuuuuuuuuuuuuuu,5,Wow,Beautiful product,2026-08-21T09:12:50.000Z,0,4.2608.20,https://apps.apple.com/in/app/myntra-fashion-shopping-app/id907394059
appstore_in_14454065885,app_store,IN,Dr Samridhi,5,Very nice app,All time favourite pur here,2026-08-21T09:08:17.000Z,0,4.2608.30,https://apps.apple.com/in/app/myntra-fashion-shopping-app/id907394059
appstore_in_14454051508,app_store,IN,Venus Sanghavi,5,Great app experience,Excellent user interface. Products collection is good. Quick return and refund service !!,2026-08-21T09:02:26.000Z,0,4.2608.10,https://apps.apple.com/in/app/myntra-fashion-shopping-app/id907394059
appstore_in_14454001996,app_store,IN,Rifat Parween,1,Delayed Delivery,"Pathetic app, I ordered a bag worth 6.5k. Payment is done and all. I placed my order on 4th august. Its 21st August today, my bag has not arrived yet. The initial delivery was supposed to happen on 11th, then 13th then they raised a ticket on 14th asking until 18th, on 18th they asked for 48 hours and on 20th they asked for 24 hours. Im done waiting. No accountability, at this point Myntra is simply waiting for me to cancel it without any accountability. Pathetic app, pathetic customer service.",2026-08-21T08:42:12.000Z,0,4.2608.30,https://apps.apple.com/in/app/myntra-fashion-shopping-app/id907394059
appstore_in_14453997502,app_store,IN,Lookfabulous,5,Feeling fabulous,Nice fit and good quality,2026-08-21T08:40:20.000Z,0,4.2608.20,https://apps.apple.com/in/app/myntra-fashion-shopping-app/id907394059
appstore_in_14453972952,app_store,IN,Mannu & maahi,5,Happy,Fully satisfied this suit,2026-08-21T08:30:15.000Z,0,4.2608.30,https://apps.apple.com/in/app/myntra-fashion-shopping-app/id907394059
appstore_in_14453969652,app_store,IN,mysbwjlwgdkwka,5,lovely,all time my favrt🎀,2026-08-21T08:28:56.000Z,0,4.2608.20,https://apps.apple.com/in/app/myntra-fashion-shopping-app/id907394059
appstore_in_14453934324,app_store,IN,Prasad6303,1,Worst delivery,This is third item delivery got auto cancelled. I have decided that not to order any other item from Myntra in future. Good bye!,2026-08-21T08:14:15.000Z,0,4.2608.30,https://apps.apple.com/in/app/myntra-fashion-shopping-app/id907394059
appstore_in_14453891004,app_store,IN,Abhi.bgl,5,Happy Customer,Nice application,2026-08-21T07:56:15.000Z,0,4.2608.10,https://apps.apple.com/in/app/myntra-fashion-shopping-app/id907394059
appstore_in_14453838430,app_store,IN,Sk rawal,5,Best,Best,2026-08-21T07:33:53.000Z,0,4.2608.20,https://apps.apple.com/in/app/myntra-fashion-shopping-app/id907394059
appstore_in_14453836582,app_store,IN,Manoj Pattabhi,5,Perfect size,Highly recommended product. Perfect size and superb quality. Thank you so much Myntra for this fantastic product.,2026-08-21T07:33:04.000Z,0,4.2608.30,https://apps.apple.com/in/app/myntra-fashion-shopping-app/id907394059
appstore_in_14453835988,app_store,IN,vintage vaani,5,Love Myntra,Love Myntra and good stuff,2026-08-21T07:32:50.000Z,0,4.2608.20,https://apps.apple.com/in/app/myntra-fashion-shopping-app/id907394059
appstore_in_14453819222,app_store,IN,olx seller,5,Awesome,Awesome,2026-08-21T07:25:39.000Z,0,4.2608.20,https://apps.apple.com/in/app/myntra-fashion-shopping-app/id907394059
appstore_in_14453804168,app_store,IN,Remi mhry,5,Remi Mushahary,Best product it’s effect on hair .,2026-08-21T07:19:13.000Z,0,4.2608.30,https://apps.apple.com/in/app/myntra-fashion-shopping-app/id907394059
appstore_in_14453796799,app_store,IN,Sanaya’s,1,Becoming scam app,"Ordered cotton kurta and they sent completely different product and when u will place return then the pickup agent will say the product is different we can’t accept return.
FRAUD APP!!!!",2026-08-21T07:16:09.000Z,0,4.2608.30,https://apps.apple.com/in/app/myntra-fashion-shopping-app/id907394059
appstore_in_14453778530,app_store,IN,Ashu3473,1,Worst experience,"I have bought two tees from them they first delayed the delivery and now cancelled my prepaid order even meesho
Has better service than them",2026-08-21T07:08:27.000Z,0,4.2608.30,https://apps.apple.com/in/app/myntra-fashion-shopping-app/id907394059
appstore_in_14453755238,app_store,IN,Amit1 B,5,Myntra,Awesome App,2026-08-21T06:58:22.000Z,0,4.2608.20,https://apps.apple.com/in/app/myntra-fashion-shopping-app/id907394059
appstore_in_14453752178,app_store,IN,Gandhi Raju,5,Superb fitting & Excellent Cloth Quality .Worth the money,Superb,2026-08-21T06:57:01.000Z,0,4.2608.10,https://apps.apple.com/in/app/myntra-fashion-shopping-app/id907394059
appstore_in_14453751823,app_store,IN,Shouryan Tiwari,5,Good product,Good product,2026-08-21T06:56:52.000Z,0,4.2608.30,https://apps.apple.com/in/app/myntra-fashion-shopping-app/id907394059
appstore_in_14453708901,app_store,IN,Pro Samarjeet,5,Good,Wonderful bag 👍,2026-08-21T06:38:02.000Z,0,4.2608.10,https://apps.apple.com/in/app/myntra-fashion-shopping-app/id907394059
appstore_in_14453706065,app_store,IN,bjbujji,5,Gud option for soft foot,Good,2026-08-21T06:36:49.000Z,0,4.2608.20,https://apps.apple.com/in/app/myntra-fashion-shopping-app/id907394059
appstore_in_14453699269,app_store,IN,66*^##,5,Bâta bellies,Tooo good thnku myntra ❤️,2026-08-21T06:33:55.000Z,0,4.2608.30,https://apps.apple.com/in/app/myntra-fashion-shopping-app/id907394059
appstore_in_14453693160,app_store,IN,SR Ate,4,Good app,Good app with nice variety,2026-08-21T06:31:15.000Z,0,4.2608.30,https://apps.apple.com/in/app/myntra-fashion-shopping-app/id907394059
appstore_in_14453649064,app_store,IN,Makeup diaries,5,Smooth and beautiful finish,"Really happy with this lip liner! The application is smooth and easy, and it gives a clean, defined look to the lips. I really like how effortlessly it blends with lipstick and helps give the overall lip look a more polished finish. The quality is really good for the price. Definitely a product I’d recommend! ❤️",2026-08-21T06:12:03.000Z,0,4.2608.20,https://apps.apple.com/in/app/myntra-fashion-shopping-app/id907394059
appstore_in_14453647714,app_store,IN,MyntraUser07,5,Good quality. Nice color.,Purchased for 6 year old and 2 year old,2026-08-21T06:11:28.000Z,0,4.2608.20,https://apps.apple.com/in/app/myntra-fashion-shopping-app/id907394059
appstore_in_14453641696,app_store,IN,Anku1412,5,Amazing,It was up to the mark . Bang on,2026-08-21T06:08:51.000Z,0,4.2608.20,https://apps.apple.com/in/app/myntra-fashion-shopping-app/id907394059
appstore_in_14453637739,app_store,IN,Hitu8400,5,Very good product,No,2026-08-21T06:07:07.000Z,0,4.2608.20,https://apps.apple.com/in/app/myntra-fashion-shopping-app/id907394059
appstore_in_14453629100,app_store,IN,uday0000,3,Slaps 🔥,"Myntra is honestly one of the best shopping apps! Great variety, easy-to-use interface, smooth delivery, and plenty of offers. Finding good products is super easy, and the overall shopping experience is excellent. Definitely my go-to fashion app! ⭐⭐⭐⭐⭐",2026-08-21T06:03:20.000Z,0,4.2608.30,https://apps.apple.com/in/app/myntra-fashion-shopping-app/id907394059
appstore_in_14453628115,app_store,IN,Ezrabhujel,5,Amazing experience,Loved it! Everything was smooth and the products were beautiful😍✨,2026-08-21T06:02:54.000Z,0,4.2608.30,https://apps.apple.com/in/app/myntra-fashion-shopping-app/id907394059
appstore_in_14453619917,app_store,IN,kruti pathak,5,Awesome,Awesome shopping platform,2026-08-21T05:59:16.000Z,0,4.2608.20,https://apps.apple.com/in/app/myntra-fashion-shopping-app/id907394059
appstore_in_14453568603,app_store,IN,dips jolly,5,Good dress,The fit is really good and material is  also nice,2026-08-21T05:36:28.000Z,0,4.2608.20,https://apps.apple.com/in/app/myntra-fashion-shopping-app/id907394059
appstore_in_14453561522,app_store,IN,Neha Vernekar,5,Very nice dress,Very nice,2026-08-21T05:33:22.000Z,0,4.2608.30,https://apps.apple.com/in/app/myntra-fashion-shopping-app/id907394059
appstore_in_14453554318,app_store,IN,Riaan@123,5,Good quality,Very likely,2026-08-21T05:30:13.000Z,0,4.2608.20,https://apps.apple.com/in/app/myntra-fashion-shopping-app/id907394059
appstore_in_14453543496,app_store,IN,Satyen manvar,5,Good,Good,2026-08-21T05:25:30.000Z,0,4.2608.20,https://apps.apple.com/in/app/myntra-fashion-shopping-app/id907394059
appstore_in_14453543143,app_store,IN,so Gm Jb,1,Not satisfied with AI,Worst system,2026-08-21T05:25:21.000Z,0,4.2608.30,https://apps.apple.com/in/app/myntra-fashion-shopping-app/id907394059
appstore_in_14453536134,app_store,IN,Chebbi as,5,😊😍,Best appp,2026-08-21T05:22:15.000Z,0,4.2608.30,https://apps.apple.com/in/app/myntra-fashion-shopping-app/id907394059
appstore_in_14453525866,app_store,IN,Ankit666₹,5,Best perfume in this budget,This is very useable for daily and it’s comfortable to live in every situation,2026-08-21T05:17:40.000Z,0,4.2608.20,https://apps.apple.com/in/app/myntra-fashion-shopping-app/id907394059
appstore_in_14453497823,app_store,IN,Gangotris,5,Amazing,Awesome,2026-08-21T05:05:16.000Z,0,4.2608.30,https://apps.apple.com/in/app/myntra-fashion-shopping-app/id907394059
appstore_in_14453472020,app_store,IN,Subu Nancy,5,Nice,Nice product,2026-08-21T04:53:49.000Z,0,4.2608.30,https://apps.apple.com/in/app/myntra-fashion-shopping-app/id907394059
appstore_in_14453462795,app_store,IN,jhon juju,5,Gup Gup,An app without any glitch,2026-08-21T04:49:48.000Z,0,4.2608.30,https://apps.apple.com/in/app/myntra-fashion-shopping-app/id907394059
appstore_in_14453451983,app_store,IN,Indra sankhla,5,Nice,Nicely,2026-08-21T04:44:56.000Z,0,4.2608.20,https://apps.apple.com/in/app/myntra-fashion-shopping-app/id907394059
appstore_in_14453413521,app_store,IN,Gurbani kaur arora,5,Best,Alwys on time n easy return,2026-08-21T04:27:58.000Z,0,4.2608.30,https://apps.apple.com/in/app/myntra-fashion-shopping-app/id907394059
appstore_in_14453410598,app_store,IN,Anit Yadav,5,Chemistry,Nice fabric,2026-08-21T04:26:44.000Z,0,4.2608.20,https://apps.apple.com/in/app/myntra-fashion-shopping-app/id907394059
appstore_in_14453360962,app_store,IN,Aftab AH,5,Brilliant,Great experience as always,2026-08-21T04:04:59.000Z,0,4.2608.20,https://apps.apple.com/in/app/myntra-fashion-shopping-app/id907394059
appstore_in_14453313406,app_store,IN,Tillu 3,1,Worrest service,Myntra brands are worrest and Myntra service was very very worrest,2026-08-21T03:44:57.000Z,0,4.2608.20,https://apps.apple.com/in/app/myntra-fashion-shopping-app/id907394059
appstore_in_14453302763,app_store,IN,Kajol  sharrma,5,Rating,Amazing fabrics,2026-08-21T03:40:33.000Z,0,4.2608.20,https://apps.apple.com/in/app/myntra-fashion-shopping-app/id907394059
appstore_in_14453285421,app_store,IN,Gunjann1211,5,Amazing,Trusted app,2026-08-21T03:33:33.000Z,0,4.2608.20,https://apps.apple.com/in/app/myntra-fashion-shopping-app/id907394059
appstore_in_14453280377,app_store,IN,Aarti kashyapp,5,Love shopping myntra,I love doing shopping from Myntra. Staff of all the product is so good and real and luxurious. You can also enjoy Glam clean from here. You can earn from Myntra also by giving review of the product.,2026-08-21T03:31:29.000Z,0,4.2608.20,https://apps.apple.com/in/app/myntra-fashion-shopping-app/id907394059
appstore_in_14453225451,app_store,IN,Arshalgazi,5,Myntra app is very good app and good product,Excellent app,2026-08-21T03:09:26.000Z,0,4.2608.20,https://apps.apple.com/in/app/myntra-fashion-shopping-app/id907394059
appstore_in_14453204988,app_store,IN,Riyusss,5,My shopping experience,Best items at best price. And vast variety of products to choose from - Only available in Myntra.,2026-08-21T03:01:32.000Z,0,4.2608.10,https://apps.apple.com/in/app/myntra-fashion-shopping-app/id907394059
appstore_in_14453095059,app_store,IN,ਬਹਜਜ,5,Soorts shoe,Easy to find n order,2026-08-21T02:19:19.000Z,0,4.2608.20,https://apps.apple.com/in/app/myntra-fashion-shopping-app/id907394059
appstore_in_14453079549,app_store,IN,MR. PERFECTT,5,Good,Good,2026-08-21T02:13:22.000Z,0,4.2608.20,https://apps.apple.com/in/app/myntra-fashion-shopping-app/id907394059
appstore_in_14452835483,app_store,IN,Nohi Singh,5,Quality,"Myntra serve, genuine quality, and exactly same piece with a good amount of discount, love to be a part of a Myntra customer!",2026-08-21T00:40:15.000Z,0,4.2608.20,https://apps.apple.com/in/app/myntra-fashion-shopping-app/id907394059
appstore_in_14452827693,app_store,IN,Lucifer040,5,Experience,Good,2026-08-21T00:37:16.000Z,0,4.2608.20,https://apps.apple.com/in/app/myntra-fashion-shopping-app/id907394059
appstore_in_14452729177,app_store,IN,"Dus. ""10",5,Awesome for shopping app,I always shopping this app and very easy to buy,2026-08-20T23:58:55.000Z,0,4.2608.20,https://apps.apple.com/in/app/myntra-fashion-shopping-app/id907394059
appstore_in_14452697556,app_store,IN,JinLal,4,Good Product for fashion,Delivery is fast and convenience,2026-08-20T23:46:16.000Z,0,4.2608.20,https://apps.apple.com/in/app/myntra-fashion-shopping-app/id907394059
appstore_in_14452464617,app_store,IN,Saavya Rastogi,5,Excellent Collection of Sports Wear,👌👌,2026-08-20T22:13:00.000Z,0,4.2608.20,https://apps.apple.com/in/app/myntra-fashion-shopping-app/id907394059
appstore_in_14452412223,app_store,IN,Guessinggg,5,Received what ordered,Ordered 5 shirts and glad to receive what the quality was shown,2026-08-20T21:52:34.000Z,0,4.2608.20,https://apps.apple.com/in/app/myntra-fashion-shopping-app/id907394059
appstore_in_14452268424,app_store,IN,Snehapower,1,What a downfall of service,They have closed all the ways to reach customer care agents and you must deal with the AI responses until they feel you are worth it…. What a pathetic downgrade to save money. The worst part is they are paying people to give hyped reviews.,2026-08-20T20:56:56.000Z,0,4.2608.20,https://apps.apple.com/in/app/myntra-fashion-shopping-app/id907394059
appstore_in_14452246561,app_store,IN,Rajinder weds sonia,5,5star,5star,2026-08-20T20:48:43.000Z,0,4.2608.20,https://apps.apple.com/in/app/myntra-fashion-shopping-app/id907394059
appstore_in_14452233991,app_store,IN,Sandhy@,5,Best website,Thank you for a great shopping experience .. You’ve added so much happiness to my life by delivering products before time..😊🌸,2026-08-20T20:44:03.000Z,0,4.2608.20,https://apps.apple.com/in/app/myntra-fashion-shopping-app/id907394059
appstore_in_14452119416,app_store,IN,Kalpana Avhad,5,Best,I bought all my shopping only from Myntra. Great variety brands offers exchange return on time refund policy awesome,2026-08-20T20:02:00.000Z,0,4.2608.20,https://apps.apple.com/in/app/myntra-fashion-shopping-app/id907394059
appstore_in_14452077406,app_store,IN,Husne jaan,4,Nice,Best one not like other brands,2026-08-20T19:47:07.000Z,0,4.2608.20,https://apps.apple.com/in/app/myntra-fashion-shopping-app/id907394059
appstore_in_14452056477,app_store,IN,116 Reporting,2,Scary,Most of the reviews photos are Ai images so how we go with this app,2026-08-20T19:39:41.000Z,0,4.2608.20,https://apps.apple.com/in/app/myntra-fashion-shopping-app/id907394059
appstore_in_14451948706,app_store,IN,Bavya reddy,5,Good,Good,2026-08-20T19:02:19.000Z,0,4.2608.20,https://apps.apple.com/in/app/myntra-fashion-shopping-app/id907394059
appstore_in_14451912300,app_store,IN,Kanika chanana,1,Worst experience with myntra,Placing an order with them and returning items is such a big hassle. The order is always delayed and the customer care is unprofessional. They neither make a refund nor exchange items. Don’t use myntra,2026-08-20T18:49:54.000Z,0,4.2608.20,https://apps.apple.com/in/app/myntra-fashion-shopping-app/id907394059
appstore_in_14451892772,app_store,IN,Ujala pareek,5,Nice product,Very nice but price high overall nice product,2026-08-20T18:43:15.000Z,0,4.2608.20,https://apps.apple.com/in/app/myntra-fashion-shopping-app/id907394059
appstore_in_14451887275,app_store,IN,Ak47-98,5,Awesome,Many many options i love shopping on mytra,2026-08-20T18:41:21.000Z,0,4.2608.20,https://apps.apple.com/in/app/myntra-fashion-shopping-app/id907394059
appstore_in_14451818772,app_store,IN,Raghav siuu,1,Worst Myntra,I ordered a puma sneaker and returned it but still they haven’t received it and also didn’t refunded me one of the worst online shopping experience,2026-08-20T18:18:25.000Z,0,4.2608.20,https://apps.apple.com/in/app/myntra-fashion-shopping-app/id907394059
appstore_in_14451741676,app_store,IN,Neha1996A1995,5,Best App,Its the best app for clothing. Very affordable and pocket friendly.,2026-08-20T17:53:34.000Z,0,4.2607.20,https://apps.apple.com/in/app/myntra-fashion-shopping-app/id907394059
appstore_in_14451728062,app_store,IN,Tanuj89,1,Taking platform fee and Aldo other fees,Taking platform fee and other fees and price is high according to cloth material and day to day order quality is degrading,2026-08-20T17:49:12.000Z,0,4.2608.20,https://apps.apple.com/in/app/myntra-fashion-shopping-app/id907394059
appstore_in_14451714398,app_store,IN,Wild Chosse,5,Lalit,"Best for prewinter, cotton but thick",2026-08-20T17:44:50.000Z,0,4.2607.40,https://apps.apple.com/in/app/myntra-fashion-shopping-app/id907394059
appstore_in_14451702371,app_store,IN,Qween Neelam,5,Decent Morden outfit for me,Love it,2026-08-20T17:40:57.000Z,0,4.2608.20,https://apps.apple.com/in/app/myntra-fashion-shopping-app/id907394059
appstore_in_14451612152,app_store,IN,Nicks ahir,5,win,Alwz 5 star,2026-08-20T17:12:11.000Z,0,4.2608.20,https://apps.apple.com/in/app/myntra-fashion-shopping-app/id907394059
appstore_in_14451577590,app_store,IN,V_D_B1,1,Pathetic,Pathetic,2026-08-20T17:01:20.000Z,0,4.2608.20,https://apps.apple.com/in/app/myntra-fashion-shopping-app/id907394059
appstore_in_14451553720,app_store,IN,Chandan Sengupta,5,Hi,Excellent …. as expected,2026-08-20T16:53:57.000Z,0,4.2608.20,https://apps.apple.com/in/app/myntra-fashion-shopping-app/id907394059
appstore_in_14451547178,app_store,IN,swissbeauty brush,5,nice,it’s very good,2026-08-20T16:51:56.000Z,0,4.2608.10,https://apps.apple.com/in/app/myntra-fashion-shopping-app/id907394059
appstore_in_14451528558,app_store,IN,Aayushi kh,1,Service quality,Myntra is providing the worst quality of everything with poorest delivery and pickup services. Meesho is far better than Myntra. Better opt for meesho than Myntra,2026-08-20T16:46:11.000Z,0,4.2608.20,https://apps.apple.com/in/app/myntra-fashion-shopping-app/id907394059
appstore_in_14451505587,app_store,IN,janudeeo,5,product,products was so good good quality,2026-08-20T16:39:11.000Z,0,4.2608.20,https://apps.apple.com/in/app/myntra-fashion-shopping-app/id907394059
appstore_in_14451504565,app_store,IN,Kaku0007,5,Gag,Bagha,2026-08-20T16:38:52.000Z,0,4.2608.20,https://apps.apple.com/in/app/myntra-fashion-shopping-app/id907394059
appstore_in_14451498089,app_store,IN,Znb2000,5,Review,Very nice products,2026-08-20T16:36:53.000Z,0,4.2607.20,https://apps.apple.com/in/app/myntra-fashion-shopping-app/id907394059
appstore_in_14451488346,app_store,IN,Liiiiimmmm,1,Delivery patner are terrible,Delivery patner are terrible,2026-08-20T16:33:57.000Z,0,4.2608.20,https://apps.apple.com/in/app/myntra-fashion-shopping-app/id907394059
appstore_in_14451482084,app_store,IN,Punnuuuuuu,5,Feedback,Good quality,2026-08-20T16:32:03.000Z,0,4.2607.20,https://apps.apple.com/in/app/myntra-fashion-shopping-app/id907394059
appstore_in_14451458062,app_store,IN,Sahibchahat,5,Perfect,Very nice,2026-08-20T16:24:47.000Z,0,4.2608.20,https://apps.apple.com/in/app/myntra-fashion-shopping-app/id907394059
appstore_in_14451428729,app_store,IN,yogesh’1118,5,bhari,ek number,2026-08-20T16:16:02.000Z,0,4.2608.20,https://apps.apple.com/in/app/myntra-fashion-shopping-app/id907394059
appstore_in_14451396848,app_store,IN,Vijaykumar 3,5,Good,Very good as prefer cotton products,2026-08-20T16:06:31.000Z,0,4.2608.20,https://apps.apple.com/in/app/myntra-fashion-shopping-app/id907394059
appstore_in_14451365360,app_store,IN,Joel0401,5,I had bought a addidas bag pack,Great bagpack,2026-08-20T15:57:11.000Z,0,4.2608.20,https://apps.apple.com/in/app/myntra-fashion-shopping-app/id907394059
appstore_in_14451362931,app_store,IN,Kritika tyagi,5,Top review,Just love it ❤️,2026-08-20T15:56:28.000Z,0,4.2608.20,https://apps.apple.com/in/app/myntra-fashion-shopping-app/id907394059
appstore_in_14451352598,app_store,IN,Jdybshskan,1,Pathetic service,M delivery is worse,2026-08-20T15:53:27.000Z,0,4.2608.10,https://apps.apple.com/in/app/myntra-fashion-shopping-app/id907394059
appstore_in_14451274700,app_store,IN,Bloodypakistani,5,Genuine Product and affordable price,Wonderful,2026-08-20T15:30:57.000Z,0,4.2607.20,https://apps.apple.com/in/app/myntra-fashion-shopping-app/id907394059
appstore_in_14451229435,app_store,IN,Ujala H Rai,5,Trendy,Trendy clothes,2026-08-20T15:18:02.000Z,0,4.2608.20,https://apps.apple.com/in/app/myntra-fashion-shopping-app/id907394059
appstore_in_14451178697,app_store,IN,simi sahil,5,Amazing Fit and comfortable,One of the best high impact sports bra❤️,2026-08-20T15:03:45.000Z,0,4.2608.20,https://apps.apple.com/in/app/myntra-fashion-shopping-app/id907394059
appstore_in_14451120516,app_store,IN,Nikkimonks,5,Worth buying,Quality is sooo good,2026-08-20T14:47:19.000Z,0,4.2608.20,https://apps.apple.com/in/app/myntra-fashion-shopping-app/id907394059
appstore_in_14451087519,app_store,IN,DhruChi12,5,Good,Good,2026-08-20T14:38:04.000Z,0,4.2608.10,https://apps.apple.com/in/app/myntra-fashion-shopping-app/id907394059
appstore_in_14451061747,app_store,IN,R29 Bittu,5,RED TAPE,Great Sneakers,2026-08-20T14:30:50.000Z,0,4.2608.20,https://apps.apple.com/in/app/myntra-fashion-shopping-app/id907394059
appstore_in_14450998148,app_store,IN,TRAVITEJA33,5,Good,Good,2026-08-20T14:13:00.000Z,0,4.2608.20,https://apps.apple.com/in/app/myntra-fashion-shopping-app/id907394059
appstore_in_14450936477,app_store,IN,Ayushmaaan,5,Best shopping app,Absolutely love shopping from myntra ❤️,2026-08-20T13:55:43.000Z,0,4.2608.10,https://apps.apple.com/in/app/myntra-fashion-shopping-app/id907394059
appstore_in_14450878590,app_store,IN,Rashmi Sadgir,5,Best bag ever..,Multi purpose bag..that you can use every where…top notch quality..you can go for it,2026-08-20T13:39:17.000Z,0,4.2608.20,https://apps.apple.com/in/app/myntra-fashion-shopping-app/id907394059
appstore_in_14450869812,app_store,IN,Nishghhji,1,Disgusting app,They’re literally selling reused stuff like if someone has returned a product they won’t discard it but sell it other customers. Also I ordered a different size product and still they send me smaller size product so annoying.,2026-08-20T13:36:46.000Z,0,4.2608.20,https://apps.apple.com/in/app/myntra-fashion-shopping-app/id907394059
appstore_in_14450841384,app_store,IN,v s s s s s,3,Delivery issues,"I don't know what happened to myntra, earlier they have smooth delivery, nowadays deliveries not has promised or deliveries are not happening and delivery timing is horrible, one day their delivery agent calling me at 11'O clock night, I have a healthy habit of sleeping at 10, please fix the issue.",2026-08-20T13:28:36.000Z,0,4.2608.20,https://apps.apple.com/in/app/myntra-fashion-shopping-app/id907394059
appstore_in_14450834294,app_store,IN,Gilhery,5,Denim Bermuda,"Material is not that comfortable, but I like the fit 👍
So I kept it.",2026-08-20T13:26:34.000Z,0,4.2608.20,https://apps.apple.com/in/app/myntra-fashion-shopping-app/id907394059
appstore_in_14450789536,app_store,IN,Dushyant Gaur,5,Great experience,Great experience,2026-08-20T13:13:40.000Z,0,4.2608.10,https://apps.apple.com/in/app/myntra-fashion-shopping-app/id907394059
appstore_in_14450785021,app_store,IN,Barsha Biswakarma,5,Good,Verry nice,2026-08-20T13:12:22.000Z,0,4.2608.20,https://apps.apple.com/in/app/myntra-fashion-shopping-app/id907394059
appstore_in_14450778155,app_store,IN,Nadeem.shk,5,Best,Best app for shopping,2026-08-20T13:10:20.000Z,0,4.2607.40,https://apps.apple.com/in/app/myntra-fashion-shopping-app/id907394059
appstore_in_14450778030,app_store,IN,sanmotra,5,puma glat,very comfortable,2026-08-20T13:10:17.000Z,0,4.2608.20,https://apps.apple.com/in/app/myntra-fashion-shopping-app/id907394059
appstore_in_14450729001,app_store,IN,ompanchal,1,उत्पाद के बारे में कोई सुनवाई नहीं होती है,उत्पाद के बारे में कोई सुनवाई नहीं होती है,2026-08-20T12:55:52.000Z,0,4.2608.20,https://apps.apple.com/in/app/myntra-fashion-shopping-app/id907394059
appstore_in_14450670972,app_store,IN,NAGARAJ BUT,5,Good,Ok,2026-08-20T12:38:10.000Z,0,4.2608.20,https://apps.apple.com/in/app/myntra-fashion-shopping-app/id907394059
appstore_in_14450601032,app_store,IN,pandey mehak,2,Myntra AI 🤦🏻‍♀️,"Myntra looks fake these days, images are blurry and some customer reviews are AI generated, images shared by the customers are also AI generated, not able to understand which one is AI and which one is original",2026-08-20T12:17:04.000Z,0,4.2608.20,https://apps.apple.com/in/app/myntra-fashion-shopping-app/id907394059
appstore_in_14450600554,app_store,IN,Code fashion,5,Code word dress,Awesome collection can’t underestimate Myntra fashion so cool collection,2026-08-20T12:16:55.000Z,0,4.2608.20,https://apps.apple.com/in/app/myntra-fashion-shopping-app/id907394059
appstore_in_14450584749,app_store,IN,Ashi27@,5,Top,Very nice product super comfortable and looking nice,2026-08-20T12:12:00.000Z,0,4.2608.20,https://apps.apple.com/in/app/myntra-fashion-shopping-app/id907394059
appstore_in_14450559156,app_store,IN,Vkreign18,5,Very nice app,Top ui experience,2026-08-20T12:03:58.000Z,0,4.2608.20,https://apps.apple.com/in/app/myntra-fashion-shopping-app/id907394059
appstore_in_14450534197,app_store,IN,Pmp17,1,"Empty packet, no refund, denial of the uploaded image",Myntra delivered empty packet for ordered Bitterlime women grey and coffee brown solid top and skirt. Then on request to guide on how to request product as the parcel was empty. They asked me to upload the image in the exchange section. Then they cancelled the exchange. And said no refund. To top it on call they are mentioning there was no image that was uploaded. Now they deny the refund and even the dress,2026-08-20T11:55:59.000Z,0,4.2608.20,https://apps.apple.com/in/app/myntra-fashion-shopping-app/id907394059
appstore_in_14450531115,app_store,IN,Sumandhaniya,5,Osm,Bhutt jdaaaa achaa h nd comfert bi h,2026-08-20T11:55:00.000Z,0,4.2608.20,https://apps.apple.com/in/app/myntra-fashion-shopping-app/id907394059
appstore_in_14450503107,app_store,IN,Saddyie,5,Sarita,Wow,2026-08-20T11:46:01.000Z,0,4.2607.40,https://apps.apple.com/in/app/myntra-fashion-shopping-app/id907394059
appstore_in_14450478977,app_store,IN,Ashok Bokade,5,Best quality of product,best quality of product,2026-08-20T11:38:09.000Z,0,4.2608.20,https://apps.apple.com/in/app/myntra-fashion-shopping-app/id907394059
appstore_in_14450451791,app_store,IN,urvashi99,5,delivery,the delivery was smooth,2026-08-20T11:29:09.000Z,0,4.2608.20,https://apps.apple.com/in/app/myntra-fashion-shopping-app/id907394059
appstore_in_14450418512,app_store,IN,Worst company .,5,Suit review,such a nice fabric and it looks so beautiful,2026-08-20T11:17:57.000Z,0,4.2608.20,https://apps.apple.com/in/app/myntra-fashion-shopping-app/id907394059
appstore_in_14450414584,app_store,IN,Ally2604,5,Best app,Best app delivers on time best products u can search for any product any will get with the best quality,2026-08-20T11:16:39.000Z,0,4.2607.40,https://apps.apple.com/in/app/myntra-fashion-shopping-app/id907394059
appstore_in_14450392167,app_store,IN,Ravisaiishu,5,Wow,Great for its price,2026-08-20T11:09:06.000Z,0,4.2607.20,https://apps.apple.com/in/app/myntra-fashion-shopping-app/id907394059
appstore_in_14450373090,app_store,IN,patronnnnnnnnn,5,Products quality,Satisfactory,2026-08-20T11:02:24.000Z,0,4.2608.20,https://apps.apple.com/in/app/myntra-fashion-shopping-app/id907394059
appstore_in_14450354274,app_store,IN,soniya sain,5,Lip n chick tint,Very nice product,2026-08-20T10:55:51.000Z,0,4.2608.20,https://apps.apple.com/in/app/myntra-fashion-shopping-app/id907394059
appstore_in_14450335856,app_store,IN,Bhavferi,5,Wallet,Product is Good,2026-08-20T10:49:19.000Z,0,4.2512.20,https://apps.apple.com/in/app/myntra-fashion-shopping-app/id907394059
appstore_in_14450335265,app_store,IN,Shrusti joshi,5,Review,Best,2026-08-20T10:49:05.000Z,0,4.2608.20,https://apps.apple.com/in/app/myntra-fashion-shopping-app/id907394059
appstore_in_14450324160,app_store,IN,Radhika w,1,3 time hua hai.,Order kiya hua products myntra shipping hone ke bad cancel karta hai,2026-08-20T10:45:11.000Z,0,4.2608.20,https://apps.apple.com/in/app/myntra-fashion-shopping-app/id907394059
appstore_in_14450306118,app_store,IN,Nitinrwt001,5,Nice,Good quailty,2026-08-20T10:38:37.000Z,0,4.2601.20,https://apps.apple.com/in/app/myntra-fashion-shopping-app/id907394059
appstore_in_14450303622,app_store,IN,Palak_007,5,Nice,10,2026-08-20T10:37:42.000Z,0,4.2608.20,https://apps.apple.com/in/app/myntra-fashion-shopping-app/id907394059
appstore_in_14450299924,app_store,IN,DBangur,5,Beautiful Rakhi,Beautiful,2026-08-20T10:36:23.000Z,0,4.2607.40,https://apps.apple.com/in/app/myntra-fashion-shopping-app/id907394059
appstore_in_14450289668,app_store,IN,kethavath jashwanth,5,Very good quity,Very good quality,2026-08-20T10:32:35.000Z,0,4.2608.20,https://apps.apple.com/in/app/myntra-fashion-shopping-app/id907394059
appstore_in_14450289252,app_store,IN,krriishhx,1,"Been Ordering Since 2016. Today, I’m Done.","I’ve been ordering from Myntra since 2016–17, and after what happened with my latest order, I genuinely cannot believe how badly this platform has deteriorated.

I ordered a pair of Roadster shoes. It took ages to arrive, and when I finally went to the shipment warehouse at my university mall to collect it, the staff were completely inattentive and acted like they couldn’t care less.

But the real shock came when I got back to my room and opened the package.

Instead of the Roadster shoes I ordered, I received some cheap-looking knockoffs from a completely different brand called “Amico.”

I immediately contacted customer support, only to be greeted by an absolutely useless chatbot. There was no straightforward option to speak to a real person. I had to click through an absurd number of menus just to reach an actual support agent.

And then, when I finally got there, the app itself started glitching. I couldn’t even upload a photo of the product I received. It just sat there endlessly saying “Uploading…”

This is not what you expect from a platform I’ve been trusting with my orders for nearly a decade.

Wrong product. Poor delivery experience. Unhelpful staff. A frustrating support system. And then an app that doesn’t even let you submit the evidence needed to resolve the issue.

Myntra, this is absolutely unacceptable.

After almost 10 years of ordering from you, this is the last time I’m using Myntra. You’ve completely lost my trust.",2026-08-20T10:32:26.000Z,0,4.2608.20,https://apps.apple.com/in/app/myntra-fashion-shopping-app/id907394059
appstore_in_14450282300,app_store,IN,Trustworthy clothes and things,5,Goods,Trustworthy,2026-08-20T10:29:51.000Z,0,4.2608.20,https://apps.apple.com/in/app/myntra-fashion-shopping-app/id907394059
appstore_in_14450252942,app_store,IN,Priya reddy12,4,It’s very nice,Good,2026-08-20T10:18:58.000Z,0,4.2608.10,https://apps.apple.com/in/app/myntra-fashion-shopping-app/id907394059
appstore_in_14450241598,app_store,IN,Sai krishna devalla,5,Fabulous,I had really very good shopping experience,2026-08-20T10:14:44.000Z,0,4.2608.20,https://apps.apple.com/in/app/myntra-fashion-shopping-app/id907394059
appstore_in_14450228382,app_store,IN,sanjali_versatile1,5,Amazing Shopping Experience ❤️✨,"Absolutely love shopping on Myntra! ❤️ The collection is amazing and there are so many stylish options to choose from. The app is easy to use, product variety is great, and the overall shopping experience is really smooth. I also love the discounts and offers available on different brands. Delivery and packaging have been good too. Overall, Myntra is one of my favourite fashion shopping apps. Highly recommended! ⭐⭐⭐⭐⭐",2026-08-20T10:09:41.000Z,0,4.2608.20,https://apps.apple.com/in/app/myntra-fashion-shopping-app/id907394059
appstore_in_14450180499,app_store,IN,Sidrudra,5,Cool and vibrant,"Very nice color, perfect fit for me",2026-08-20T09:51:06.000Z,0,4.2608.20,https://apps.apple.com/in/app/myntra-fashion-shopping-app/id907394059
appstore_in_14450160328,app_store,IN,Ayub Khan Malwan,5,Very good,Nice product,2026-08-20T09:43:13.000Z,0,4.2608.20,https://apps.apple.com/in/app/myntra-fashion-shopping-app/id907394059
appstore_in_14450155006,app_store,IN,khushi rajput jha,5,Gorgeous,Very beautiful dresses always,2026-08-20T09:41:08.000Z,0,4.2608.20,https://apps.apple.com/in/app/myntra-fashion-shopping-app/id907394059
appstore_in_14450118246,app_store,IN,Mick jyo,5,Nyc,Good,2026-08-20T09:26:33.000Z,0,4.2608.10,https://apps.apple.com/in/app/myntra-fashion-shopping-app/id907394059
appstore_in_14450112735,app_store,IN,izzukhan,5,Perfect fragrance,Best perfume ever you could go for. Lasts about 4-5hours for sure. My fav so far.,2026-08-20T09:24:22.000Z,0,4.2608.20,https://apps.apple.com/in/app/myntra-fashion-shopping-app/id907394059
appstore_in_14450108425,app_store,IN,Spamiksha,5,Fondue set,Good product. Amazing quality,2026-08-20T09:22:36.000Z,0,4.2608.10,https://apps.apple.com/in/app/myntra-fashion-shopping-app/id907394059
appstore_in_14450108072,app_store,IN,Ayushibehl,5,Carlton London watch,Amazing watch beautiful loved it,2026-08-20T09:22:29.000Z,0,4.2607.40,https://apps.apple.com/in/app/myntra-fashion-shopping-app/id907394059
appstore_in_14450083292,app_store,IN,Stifling beauty,5,Shopping,Very nice app very useful,2026-08-20T09:12:31.000Z,0,4.2606.20,https://apps.apple.com/in/app/myntra-fashion-shopping-app/id907394059
appstore_in_14450070737,app_store,IN,Tarsh3998,5,Easy shopping,Easy shopping good stuff,2026-08-20T09:07:26.000Z,0,4.2608.10,https://apps.apple.com/in/app/myntra-fashion-shopping-app/id907394059
appstore_in_14450064278,app_store,IN,Shivi Tripathi,5,Suit,Amazing experience,2026-08-20T09:04:49.000Z,0,4.2608.10,https://apps.apple.com/in/app/myntra-fashion-shopping-app/id907394059
appstore_in_14450047104,app_store,IN,Anji kavali,5,Awesome,Good,2026-08-20T08:57:46.000Z,0,4.2607.40,https://apps.apple.com/in/app/myntra-fashion-shopping-app/id907394059
appstore_in_14450034775,app_store,IN,golu98076))(,5,Osm,Nice,2026-08-20T08:52:43.000Z,0,4.2608.20,https://apps.apple.com/in/app/myntra-fashion-shopping-app/id907394059
appstore_in_14450016611,app_store,IN,Nutttteeeexchapq. Ysfabalbs,5,Anouk,Nice kurta,2026-08-20T08:45:15.000Z,0,4.2608.20,https://apps.apple.com/in/app/myntra-fashion-shopping-app/id907394059
appstore_in_14449988337,app_store,IN,Nice trawling bus,5,Nice,Best,2026-08-20T08:33:36.000Z,0,4.2608.20,https://apps.apple.com/in/app/myntra-fashion-shopping-app/id907394059
appstore_in_14449987492,app_store,IN,shamilee patrudu,5,Good product,Good product,2026-08-20T08:33:16.000Z,0,4.2607.20,https://apps.apple.com/in/app/myntra-fashion-shopping-app/id907394059
appstore_in_14449954768,app_store,IN,pinku5405,5,Good,Good,2026-08-20T08:19:51.000Z,0,4.2608.20,https://apps.apple.com/in/app/myntra-fashion-shopping-app/id907394059
appstore_in_14449947882,app_store,IN,PrabhJas1510,5,Love love,Love,2026-08-20T08:17:01.000Z,0,4.2608.20,https://apps.apple.com/in/app/myntra-fashion-shopping-app/id907394059
appstore_in_14449945867,app_store,IN,Aditi23_,5,Fantastic,Great app for all your fashion needs,2026-08-20T08:16:12.000Z,0,4.2608.20,https://apps.apple.com/in/app/myntra-fashion-shopping-app/id907394059
appstore_in_14449923939,app_store,IN,Nkk37,5,Great,Awesome,2026-08-20T08:07:03.000Z,0,4.2608.10,https://apps.apple.com/in/app/myntra-fashion-shopping-app/id907394059
appstore_in_14449908803,app_store,IN,Jana Roy Bir,5,Super🫶🏼,Its very beautiful kurti 🥰 thank you Myntra,2026-08-20T08:00:47.000Z,0,4.2608.20,https://apps.apple.com/in/app/myntra-fashion-shopping-app/id907394059
appstore_in_14449884466,app_store,IN,Mushef,4,Kurta,Beautiful kurta must buy piece best for casual outings,2026-08-20T07:50:33.000Z,0,4.2608.20,https://apps.apple.com/in/app/myntra-fashion-shopping-app/id907394059
appstore_in_14449875556,app_store,IN,Syedashfaqueahmad,5,Excellent,Good,2026-08-20T07:46:44.000Z,0,4.2608.20,https://apps.apple.com/in/app/myntra-fashion-shopping-app/id907394059
appstore_in_14449833280,app_store,IN,Purple_phu,5,Good fit and soft material,"fabric is very nice, and also a good fit",2026-08-20T07:28:46.000Z,0,4.2608.20,https://apps.apple.com/in/app/myntra-fashion-shopping-app/id907394059
appstore_in_14449823766,app_store,IN,nicks gurung,5,Many variety options,"Awesome service, and great replacement options",2026-08-20T07:24:43.000Z,0,4.2608.20,https://apps.apple.com/in/app/myntra-fashion-shopping-app/id907394059
appstore_in_14449810940,app_store,IN,Garikaaaa,4,Jockey,Amazing quality,2026-08-20T07:19:16.000Z,0,4.2608.20,https://apps.apple.com/in/app/myntra-fashion-shopping-app/id907394059
appstore_in_14449783070,app_store,IN,Flipdamaka,5,नाइस,गुड,2026-08-20T07:07:36.000Z,0,4.2608.20,https://apps.apple.com/in/app/myntra-fashion-shopping-app/id907394059
appstore_in_14449776160,app_store,IN,Buddiga Nani,5,Venkat,This product is worth to money. Impressed,2026-08-20T07:04:42.000Z,0,4.2608.20,https://apps.apple.com/in/app/myntra-fashion-shopping-app/id907394059
appstore_in_14449764593,app_store,IN,Mansi Rawat123,5,Wonderful experience,"I love using this app, so affordable products w best quality be it skincare,bodycare, haircare or clothes everything is just bestttt",2026-08-20T06:59:49.000Z,0,4.2607.40,https://apps.apple.com/in/app/myntra-fashion-shopping-app/id907394059
appstore_in_14449759654,app_store,IN,DeepsVerma,5,Beautiful soft fabric,"Loved the Tshirt, its very comfortable to wear",2026-08-20T06:57:45.000Z,0,4.2608.20,https://apps.apple.com/in/app/myntra-fashion-shopping-app/id907394059
appstore_in_14449752935,app_store,IN,Raashavi,5,Best fragrance,"Very good quality & must buy perfume 
Especially Nirvana & Oud Rocks",2026-08-20T06:54:50.000Z,0,4.2608.20,https://apps.apple.com/in/app/myntra-fashion-shopping-app/id907394059
appstore_in_14449752840,app_store,IN,Ss sood,5,Shirt,"Amazing fabric,nice colour",2026-08-20T06:54:47.000Z,0,4.2608.10,https://apps.apple.com/in/app/myntra-fashion-shopping-app/id907394059
appstore_in_14449746968,app_store,IN,bmoghe,4,Review,Excellent,2026-08-20T06:52:16.000Z,0,4.2608.20,https://apps.apple.com/in/app/myntra-fashion-shopping-app/id907394059
appstore_in_14449718030,app_store,IN,Sonakshi tri,5,Myntra review,I am using this app from ages and this is kinda always my go to place .. so comfortable from purchase to return everything ❤️,2026-08-20T06:39:56.000Z,0,4.2608.20,https://apps.apple.com/in/app/myntra-fashion-shopping-app/id907394059
appstore_in_14449709089,app_store,IN,12;)8@&(46,5,OnePlus4Pro,"These are really good headphones, and the sound quality is also very good.",2026-08-20T06:36:02.000Z,0,4.2606.20,https://apps.apple.com/in/app/myntra-fashion-shopping-app/id907394059
appstore_in_14449691051,app_store,IN,Rain Sharma,5,Vgood,10,2026-08-20T06:28:17.000Z,0,4.2608.20,https://apps.apple.com/in/app/myntra-fashion-shopping-app/id907394059
appstore_in_14449685106,app_store,IN,Acne care gel,5,Zit care ance gel,Very good gel for acne prone skin 👍🏻 recommended by my dermatologist 🙌🏻,2026-08-20T06:25:44.000Z,0,4.2507.20,https://apps.apple.com/in/app/myntra-fashion-shopping-app/id907394059
appstore_in_14449669663,app_store,IN,ritu chug,5,Happy with product,Fabric is too good and very comfortable,2026-08-20T06:19:07.000Z,0,4.2608.20,https://apps.apple.com/in/app/myntra-fashion-shopping-app/id907394059
appstore_in_14449663867,app_store,IN,Cnd Mandal,5,Earrings,Very good,2026-08-20T06:16:35.000Z,0,4.2608.10,https://apps.apple.com/in/app/myntra-fashion-shopping-app/id907394059
appstore_in_14449657938,app_store,IN,Mahi0190,5,Nicr,E,2026-08-20T06:14:03.000Z,0,4.2607.40,https://apps.apple.com/in/app/myntra-fashion-shopping-app/id907394059
appstore_in_14449644541,app_store,IN,Foodnoms,5,Excellent,Been using for years now so good,2026-08-20T06:08:10.000Z,0,4.2608.20,https://apps.apple.com/in/app/myntra-fashion-shopping-app/id907394059
appstore_in_14449640634,app_store,IN,Kirupardesi,5,Loved it!!!,Best for shopping,2026-08-20T06:06:26.000Z,0,4.2608.20,https://apps.apple.com/in/app/myntra-fashion-shopping-app/id907394059
appstore_in_14449628094,app_store,IN,Fab rakhis💕,5,Review,Nice,2026-08-20T06:00:57.000Z,0,4.2608.10,https://apps.apple.com/in/app/myntra-fashion-shopping-app/id907394059
appstore_in_14449625985,app_store,IN,Nidhi barot,5,Good,Good,2026-08-20T06:00:02.000Z,0,4.2608.20,https://apps.apple.com/in/app/myntra-fashion-shopping-app/id907394059
appstore_in_14449614920,app_store,IN,BIG BRO 86,5,Genuine products,This site is best for collection and price and all above brand for genuine products,2026-08-20T05:55:06.000Z,0,4.2608.20,https://apps.apple.com/in/app/myntra-fashion-shopping-app/id907394059
appstore_in_14449612060,app_store,IN,Garv Mishra,5,Thank you team Myntra,Very nice and best fabric,2026-08-20T05:53:51.000Z,0,4.2608.20,https://apps.apple.com/in/app/myntra-fashion-shopping-app/id907394059
appstore_in_14449604259,app_store,IN,Swapnil gaikar,1,Delivery not get on time,"This delay has caused me significant inconvenience. I have already checked with my neighbours and reviewed the tracking information, but there are no helpful updates.

Since your company failed to deliver the product within the promised timeframe, I no longer require the item.",2026-08-20T05:50:24.000Z,0,4.2608.20,https://apps.apple.com/in/app/myntra-fashion-shopping-app/id907394059
appstore_in_14449589180,app_store,IN,Sakshiskmg,5,Rakhi,Great,2026-08-20T05:43:36.000Z,0,4.2608.20,https://apps.apple.com/in/app/myntra-fashion-shopping-app/id907394059
appstore_in_14449585485,app_store,IN,Best fabric,5,Best app for shopping,Track pant is very comfortable and fabric is best,2026-08-20T05:41:57.000Z,0,4.2608.20,https://apps.apple.com/in/app/myntra-fashion-shopping-app/id907394059
appstore_in_14449582231,app_store,IN,Puja 12,1,Complain,"Sabse bekar  app h jb koi return krna hota h to delevry boy apne aap write kr deta h ke coustmer not available 
Ager help line pe ph kro to agent busy hote h naa wapis ph krte naa cunct krte koi subhidha nhi h 
Myntra se achha to messo or flipcart h",2026-08-20T05:40:29.000Z,0,4.2608.20,https://apps.apple.com/in/app/myntra-fashion-shopping-app/id907394059
appstore_in_14449575953,app_store,IN,K Somor,5,Owsome,Very cool and very well done product and very good quality product,2026-08-20T05:37:39.000Z,0,4.2608.20,https://apps.apple.com/in/app/myntra-fashion-shopping-app/id907394059
appstore_in_14449507971,app_store,IN,Prohelika’s,5,Love it,"I really like the product its very comfortable
I just love it",2026-08-20T05:07:50.000Z,0,4.2608.10,https://apps.apple.com/in/app/myntra-fashion-shopping-app/id907394059
appstore_in_14449494717,app_store,IN,Divyanis,5,Best,Best for online shopping,2026-08-20T05:02:01.000Z,0,4.2608.20,https://apps.apple.com/in/app/myntra-fashion-shopping-app/id907394059
appstore_in_14449494250,app_store,IN,Ansh villain,4,Gud product,Nyc and original brand,2026-08-20T05:01:48.000Z,0,4.2608.10,https://apps.apple.com/in/app/myntra-fashion-shopping-app/id907394059
appstore_in_14449477798,app_store,IN,Dr. Takvani,5,Good,The blazer has awesome fitting and breathable material 😍,2026-08-20T04:54:39.000Z,0,4.2608.10,https://apps.apple.com/in/app/myntra-fashion-shopping-app/id907394059
appstore_in_14449438404,app_store,IN,Zeenath Nongrum,5,Very good,Very good,2026-08-20T04:37:21.000Z,0,4.2608.20,https://apps.apple.com/in/app/myntra-fashion-shopping-app/id907394059
appstore_in_14449427703,app_store,IN,Shalu aligarh,5,Good gesture,Its a better app for mycash earnings and purchasing in budget things and useful things are available in deals and earn daily my cash i loved this app i hope always maintain your own speciality,2026-08-20T04:32:40.000Z,0,4.2608.20,https://apps.apple.com/in/app/myntra-fashion-shopping-app/id907394059
appstore_in_14449416087,app_store,IN,Avishek09,1,Very poor customer service,My account log out without any reason,2026-08-20T04:27:34.000Z,0,4.2608.20,https://apps.apple.com/in/app/myntra-fashion-shopping-app/id907394059
appstore_in_14449375316,app_store,IN,Debadrita Paul,1,Myntra selling fake brand product,"Please do not buy anything from Myntra, as they are selling fake products and refusing to take accountability. I ordered an H&M pair of jeans that turned out to be ill-fitted, but when the delivery agent arrived for the pickup, he outright refused the return, claiming that the brand name ""H&M"" was not engraved on the button. How is an everyday consumer supposed to inspect microscopic details like button engravings when all the original tags and packaging were completely intact?
Myntra delivered a counterfeit item in the first place, and now their customer support has trapped me in a loop of empty promises. Since August 14th—nearly a week now—they have repeatedly delayed resolving the issue with false assurances of ""24 to 48 hours."" Their callback service fails to connect, customer care lines are perpetually busy, and no one has initiated the pickup or processed my refund. This is not merely about the cost of the jeans; it is a breach of consumer trust. If Myntra delivers a fake product, penalizing the customer and refusing a legitimate return is unacceptable. Avoid shopping on Myntra unless you are willing to risk losing your money on counterfeit items with zero customer support.",2026-08-20T04:09:56.000Z,0,4.2608.20,https://apps.apple.com/in/app/myntra-fashion-shopping-app/id907394059
appstore_in_14449349192,app_store,IN,abhilesh19,4,nice experience,vast variety of clothing along with quality checks.,2026-08-20T03:58:50.000Z,0,4.2608.20,https://apps.apple.com/in/app/myntra-fashion-shopping-app/id907394059
appstore_in_14449346813,app_store,IN,&32123,5,Best app,Four Myntra to be the best fashion app,2026-08-20T03:57:48.000Z,0,4.2608.10,https://apps.apple.com/in/app/myntra-fashion-shopping-app/id907394059
appstore_in_14449273013,app_store,IN,Dhanapaul,5,Aruna Dhanapaul,Quality is nice . I like it.,2026-08-20T03:27:16.000Z,0,4.2607.40,https://apps.apple.com/in/app/myntra-fashion-shopping-app/id907394059
appstore_in_14449256090,app_store,IN,Vâkkî,4,Ok,Nice,2026-08-20T03:20:25.000Z,0,4.2608.10,https://apps.apple.com/in/app/myntra-fashion-shopping-app/id907394059
appstore_in_14449241046,app_store,IN,Jyoti or,1,Cancelling the order at the date of delivery,After placing the order they give the delivery date 20 days after.and on the date of delivery they cancel the order.i m an icon customer and this has happened to me twice.and when u call the customer care they ask u to wait for the sale and place the order again.pathetic service.never expected this from Myntra,2026-08-20T03:14:23.000Z,0,4.2608.20,https://apps.apple.com/in/app/myntra-fashion-shopping-app/id907394059
appstore_in_14449227637,app_store,IN,Vansh dahiya,5,Awwsm,Bahut hi bdhiya hai mast mast mast,2026-08-20T03:09:05.000Z,0,4.2607.20,https://apps.apple.com/in/app/myntra-fashion-shopping-app/id907394059
appstore_in_14449203715,app_store,IN,dr lokesh kumar,5,excellent,Approx all product are good quality,2026-08-20T02:59:41.000Z,0,4.2608.20,https://apps.apple.com/in/app/myntra-fashion-shopping-app/id907394059
appstore_in_14449172445,app_store,IN,Arshi@1,4,Cream white pant,This pant is soo nice and wear comfortably i think for casual office look it will give a good outfit look.,2026-08-20T02:47:29.000Z,0,4.2608.10,https://apps.apple.com/in/app/myntra-fashion-shopping-app/id907394059
appstore_in_14449117301,app_store,IN,Chetankumar’s,5,Blessed to Have Myntra App,One of the most convenient way to shop online with discounts offers and seamless delivery. The 30mins delivery is eye candy,2026-08-20T02:26:19.000Z,0,4.2608.20,https://apps.apple.com/in/app/myntra-fashion-shopping-app/id907394059
appstore_in_14449114194,app_store,IN,Mkubawat,4,Minu,Excellent offers !,2026-08-20T02:25:06.000Z,0,4.2608.20,https://apps.apple.com/in/app/myntra-fashion-shopping-app/id907394059
appstore_in_14449071607,app_store,IN,Sujakavishju,5,Vishnu,Best T-shirt,2026-08-20T02:09:05.000Z,0,4.2608.20,https://apps.apple.com/in/app/myntra-fashion-shopping-app/id907394059
appstore_in_14449051066,app_store,IN,Hilal Syed,5,Hear now shirt,Good quality and good service,2026-08-20T02:01:26.000Z,0,4.2608.20,https://apps.apple.com/in/app/myntra-fashion-shopping-app/id907394059
appstore_in_14449033345,app_store,IN,लक्ष्मी देवी,5,नाइस,सुपर,2026-08-20T01:54:48.000Z,0,4.2608.20,https://apps.apple.com/in/app/myntra-fashion-shopping-app/id907394059
appstore_in_14448889511,app_store,IN,123@RM,5,Rakhi,"Wonderful rakhi, been purchasing rakhi every year from myntra always on time delivery",2026-08-20T01:00:54.000Z,0,4.2607.40,https://apps.apple.com/in/app/myntra-fashion-shopping-app/id907394059
appstore_in_14448818829,app_store,IN,Rose chauhan,5,Good,Very nive app,2026-08-20T00:33:55.000Z,0,4.2608.20,https://apps.apple.com/in/app/myntra-fashion-shopping-app/id907394059
appstore_in_14448803673,app_store,IN,Veekay0019,4,Good response,They have responded very quickly,2026-08-20T00:28:01.000Z,0,4.2608.20,https://apps.apple.com/in/app/myntra-fashion-shopping-app/id907394059
appstore_in_14448642209,app_store,IN,Sidhra Habeeb,5,😍😍,Very Good,2026-08-19T23:24:39.000Z,0,4.2608.10,https://apps.apple.com/in/app/myntra-fashion-shopping-app/id907394059
appstore_in_14448598986,app_store,IN,Iyeshais,5,Very good,Excellent,2026-08-19T23:07:30.000Z,0,4.2607.20,https://apps.apple.com/in/app/myntra-fashion-shopping-app/id907394059
appstore_in_14448082297,app_store,IN,Aykzmi,1,A Customer Service Nightmare — Money and Returns Left Unresolved..deactivated account blocked  money,"At present, I no longer consider Myntra a trustworthy shopping platform based on my experience. Customers may receive incomplete, incorrect, or entirely different products from what they ordered, and even when valid return requests are raised with supporting evidence, they can face unnecessary rejection or delays.
In my experience, the situation becomes even more frustrating when the logistics partner allegedly makes no genuine attempt to collect the return, yet the return is marked as cancelled or failed based on the pickup agent’s own status update. What is even more concerning is the suspension or deactivation of a customer’s account while valid returns, refunds, and the customer’s money remain unresolved. This leaves customers feeling helpless and raises serious concerns about the transparency and accountability of the platform’s return, logistics, and account-management processes. Myntra should prioritize customer protection, transparent investigations, genuine pickup attempts, timely refunds, and fair treatment instead of leaving customers to struggle to recover money for products they did not receive correctly. New Income source of income for Myntra...😒",2026-08-19T19:53:48.000Z,0,4.2608.20,https://apps.apple.com/in/app/myntra-fashion-shopping-app/id907394059
appstore_in_14448063116,app_store,IN,Spidermanbnd,5,Good for discount,Good app for purchasing branded clothes in discounted price,2026-08-19T19:47:04.000Z,0,4.2608.20,https://apps.apple.com/in/app/myntra-fashion-shopping-app/id907394059
appstore_in_14447991336,app_store,IN,vishal hundwani,5,TRUSTED APP,The app watch i can trust and buy branded product without fear of fake one.,2026-08-19T19:22:19.000Z,0,4.2608.20,https://apps.apple.com/in/app/myntra-fashion-shopping-app/id907394059
appstore_in_14447989453,app_store,IN,Bikuishere,5,Best app,One of my favourite app best shopping app thanks Myntra,2026-08-19T19:21:38.000Z,0,4.2608.10,https://apps.apple.com/in/app/myntra-fashion-shopping-app/id907394059
appstore_in_14447985865,app_store,IN,Akshatman,5,Good shirt,Very nice fit very stylish a d comfortable,2026-08-19T19:20:24.000Z,0,4.2608.10,https://apps.apple.com/in/app/myntra-fashion-shopping-app/id907394059
appstore_in_14447975979,app_store,IN,Jivitesh khakhria,5,Pants,Amazing products …… as seen on pictures received the same …. Must try,2026-08-19T19:16:58.000Z,0,4.2608.10,https://apps.apple.com/in/app/myntra-fashion-shopping-app/id907394059
appstore_in_14447975605,app_store,IN,Pinkedy,5,Thik h,Thik,2026-08-19T19:16:50.000Z,0,4.2607.40,https://apps.apple.com/in/app/myntra-fashion-shopping-app/id907394059
appstore_in_14447944191,app_store,IN,amhy07,5,T shirt,Good quality Bt not every cloths and plz improve uhr delivery packaging,2026-08-19T19:06:09.000Z,0,4.2608.20,https://apps.apple.com/in/app/myntra-fashion-shopping-app/id907394059
appstore_in_14447934705,app_store,IN,Vihaana  Sree,5,Good,Iam very happy to use Myntra offers,2026-08-19T19:02:59.000Z,0,4.2608.10,https://apps.apple.com/in/app/myntra-fashion-shopping-app/id907394059
appstore_in_14447912707,app_store,IN,Kavitagogar,5,Nice app,Excellent platform for shopping,2026-08-19T18:55:35.000Z,0,4.2608.20,https://apps.apple.com/in/app/myntra-fashion-shopping-app/id907394059
appstore_in_14447887884,app_store,IN,Anbu123/-,5,Superb product,"Product was nice
I luv this fabric",2026-08-19T18:47:06.000Z,0,4.2608.20,https://apps.apple.com/in/app/myntra-fashion-shopping-app/id907394059
appstore_in_14447872470,app_store,IN,Sanchit more,1,Faltu app,Dumbest delivery app I ever scene i want to gave 0 star but,2026-08-19T18:41:57.000Z,0,4.2608.20,https://apps.apple.com/in/app/myntra-fashion-shopping-app/id907394059
appstore_in_14447807337,app_store,IN,razilriza,5,Osum aap,Excellent,2026-08-19T18:20:14.000Z,0,4.2608.10,https://apps.apple.com/in/app/myntra-fashion-shopping-app/id907394059
appstore_in_14447789409,app_store,IN,Cherry coconut,5,Super comfortable,I loved this super comfortable trouser,2026-08-19T18:14:19.000Z,0,4.2608.20,https://apps.apple.com/in/app/myntra-fashion-shopping-app/id907394059
appstore_in_14447775996,app_store,IN,Anushkav12,5,Its good,Nice,2026-08-19T18:09:50.000Z,0,4.2608.20,https://apps.apple.com/in/app/myntra-fashion-shopping-app/id907394059
appstore_in_14447749958,app_store,IN,Ahad1317,5,Nice,Nice,2026-08-19T18:01:20.000Z,0,4.2607.20,https://apps.apple.com/in/app/myntra-fashion-shopping-app/id907394059
appstore_in_14447739560,app_store,IN,Faizz siddiqui,5,Awesome cap,Love it,2026-08-19T17:57:57.000Z,0,4.2608.10,https://apps.apple.com/in/app/myntra-fashion-shopping-app/id907394059
appstore_in_14447707708,app_store,IN,Shahpi,5,Everyday chic,Excellent,2026-08-19T17:47:40.000Z,0,4.2608.20,https://apps.apple.com/in/app/myntra-fashion-shopping-app/id907394059
appstore_in_14447654641,app_store,IN,Resh009,1,Not worth it,I occasionally use myntra i don’t prefer it. Whenever i have used I have got cheap product or it get cancelled after waiting for more than expected delivery. After all these repeated experiences I uninstalled the app.,2026-08-19T17:30:31.000Z,0,4.2608.20,https://apps.apple.com/in/app/myntra-fashion-shopping-app/id907394059
appstore_in_14447649531,app_store,IN,Myntra Queen ❤️,5,Love with Myntra,Very useful App I’m very satisfied 🥰❤️,2026-08-19T17:28:52.000Z,0,4.2608.20,https://apps.apple.com/in/app/myntra-fashion-shopping-app/id907394059
appstore_in_14447492509,app_store,IN,iqbal iqqu,5,Good app,Great discount,2026-08-19T16:40:05.000Z,0,4.2607.40,https://apps.apple.com/in/app/myntra-fashion-shopping-app/id907394059
appstore_in_14447466204,app_store,IN,CityGirlVlogs,5,App,Perfect app for shopping,2026-08-19T16:32:04.000Z,0,4.2608.10,https://apps.apple.com/in/app/myntra-fashion-shopping-app/id907394059
appstore_in_14447419743,app_store,IN,Aaaccjd,5,Aa,Aa,2026-08-19T16:18:10.000Z,0,4.2607.40,https://apps.apple.com/in/app/myntra-fashion-shopping-app/id907394059
appstore_in_14447386561,app_store,IN,GOPAL676,5,BEST FASHION SHOPPING APP,Myntra has always been the best shopping app for authentic branded product.,2026-08-19T16:08:13.000Z,0,4.2607.20,https://apps.apple.com/in/app/myntra-fashion-shopping-app/id907394059
appstore_in_14447364226,app_store,IN,sur 77777777,5,Amazing fit,Must recommend,2026-08-19T16:01:33.000Z,0,4.2607.40,https://apps.apple.com/in/app/myntra-fashion-shopping-app/id907394059
appstore_in_14447354000,app_store,IN,Dr Ankita Jain,5,Wonderful collection,"Over all collection of every thing is very nice 
You get all the thing in your budget",2026-08-19T15:58:33.000Z,0,4.2608.10,https://apps.apple.com/in/app/myntra-fashion-shopping-app/id907394059
appstore_in_14447318058,app_store,IN,Kuldeep390,5,Nice,Nice  good cloth,2026-08-19T15:48:00.000Z,0,4.2608.10,https://apps.apple.com/in/app/myntra-fashion-shopping-app/id907394059
appstore_in_14447306290,app_store,IN,Brhammin,5,Amazing,Mytra as a trusted online shop,2026-08-19T15:44:31.000Z,0,4.2608.20,https://apps.apple.com/in/app/myntra-fashion-shopping-app/id907394059
appstore_in_14447291997,app_store,IN,Milan 😊👌,5,😊😊,To cutest & comfortable T-shirt,2026-08-19T15:40:24.000Z,0,4.2608.20,https://apps.apple.com/in/app/myntra-fashion-shopping-app/id907394059
appstore_in_14447262294,app_store,IN,Bhadana2700,5,Good,5,2026-08-19T15:31:48.000Z,0,4.2608.20,https://apps.apple.com/in/app/myntra-fashion-shopping-app/id907394059
appstore_in_14447239148,app_store,IN,রুমকি,5,wow,amezing,2026-08-19T15:25:14.000Z,0,4.2608.20,https://apps.apple.com/in/app/myntra-fashion-shopping-app/id907394059
appstore_in_14447227586,app_store,IN,harendra choudhary,5,Product vry gud quality,Goood,2026-08-19T15:21:56.000Z,0,4.2607.20,https://apps.apple.com/in/app/myntra-fashion-shopping-app/id907394059
appstore_in_14447218178,app_store,IN,Disappointed user 1011,5,Awesome,Wonderful user experience and search,2026-08-19T15:19:16.000Z,0,4.2608.20,https://apps.apple.com/in/app/myntra-fashion-shopping-app/id907394059
appstore_in_14447164629,app_store,IN,Love it this one,5,nice,nice,2026-08-19T15:04:00.000Z,0,4.2608.20,https://apps.apple.com/in/app/myntra-fashion-shopping-app/id907394059
appstore_in_14447163094,app_store,IN,Super-womeen,4,Customer service needs to be improved.,"You can get anything best on myntra at its best price , but when it comes to customer service , it sucks a lot. So please try to fix it and make it easy for people who try resolve their problems .",2026-08-19T15:03:35.000Z,0,4.2608.20,https://apps.apple.com/in/app/myntra-fashion-shopping-app/id907394059
appstore_in_14447152611,app_store,IN,Mamthac,5,Louie Philippe,Loved it perfect size fit,2026-08-19T15:00:37.000Z,0,4.2608.20,https://apps.apple.com/in/app/myntra-fashion-shopping-app/id907394059
appstore_in_14447138360,app_store,IN,Watch ￼,5,Daniel hechter watch,Best quality product,2026-08-19T14:56:34.000Z,0,4.2607.40,https://apps.apple.com/in/app/myntra-fashion-shopping-app/id907394059
appstore_in_14447111411,app_store,IN,Ugfhftdijg,5,I love it,"⭐⭐⭐⭐⭐

Really happy with this purchase! The jeans fit perfectly and are very comfortable to wear. The fabric quality is good, and the color looks exactly like the pictures. The fitting is stylish and flattering, and the length is also perfect. Overall, a good-quality jeans at a reasonable price. Definitely worth buying! 👖✨",2026-08-19T14:48:55.000Z,0,4.2608.20,https://apps.apple.com/in/app/myntra-fashion-shopping-app/id907394059
appstore_in_14447079865,app_store,IN,Abhi-lko,5,Excellent Services,"Amazing choice, great delivery experience",2026-08-19T14:40:02.000Z,0,4.2608.20,https://apps.apple.com/in/app/myntra-fashion-shopping-app/id907394059
appstore_in_14447046346,app_store,IN,Rishabh Madhwal,5,Trusted shopping App,Best online shopping experience,2026-08-19T14:30:34.000Z,0,4.2608.20,https://apps.apple.com/in/app/myntra-fashion-shopping-app/id907394059
appstore_in_14447021402,app_store,IN,SurajPramanik,5,Very nice,Always excilent products,2026-08-19T14:23:32.000Z,0,4.2608.20,https://apps.apple.com/in/app/myntra-fashion-shopping-app/id907394059
appstore_in_14446988534,app_store,IN,Nagesh  raj singh,5,Nice,Nice,2026-08-19T14:14:19.000Z,0,4.2607.20,https://apps.apple.com/in/app/myntra-fashion-shopping-app/id907394059
appstore_in_14446915790,app_store,IN,Varsha  Pandey,5,Just love it,Amazing product,2026-08-19T13:53:54.000Z,0,4.2608.10,https://apps.apple.com/in/app/myntra-fashion-shopping-app/id907394059
appstore_in_14446892327,app_store,IN,Daminisingh,5,👏,Fabulous 😍😍😍,2026-08-19T13:47:11.000Z,0,4.2607.40,https://apps.apple.com/in/app/myntra-fashion-shopping-app/id907394059
appstore_in_14446845477,app_store,IN,Dikshaaaa1,5,Myntra,So amazing great offers and great product,2026-08-19T13:33:50.000Z,0,4.2608.10,https://apps.apple.com/in/app/myntra-fashion-shopping-app/id907394059
appstore_in_14446841000,app_store,IN,Madhavi Patil,5,Excellent,"Superb variety, user friendly app",2026-08-19T13:32:32.000Z,0,4.2607.40,https://apps.apple.com/in/app/myntra-fashion-shopping-app/id907394059
appstore_in_14446819924,app_store,IN,Bala ram bista,5,Super se bhi uper,Excellent quality suprab,2026-08-19T13:26:28.000Z,0,4.2608.20,https://apps.apple.com/in/app/myntra-fashion-shopping-app/id907394059
appstore_in_14446783011,app_store,IN,Gruhalakshmi gaddipati,5,Good product,"Excellent
Product",2026-08-19T13:15:36.000Z,0,4.2608.10,https://apps.apple.com/in/app/myntra-fashion-shopping-app/id907394059
appstore_in_14446753924,app_store,IN,SAKSHIII&00,1,Fake products,I ordered the suit bt recieved completely different product and customer care also do nothing about this matter didn’t expect this from myntra worst customecare service ever they didnt do anything about your complain,2026-08-19T13:07:04.000Z,0,4.2608.20,https://apps.apple.com/in/app/myntra-fashion-shopping-app/id907394059
appstore_in_14446724848,app_store,IN,Resmy Mary Joseph,5,My Review,Good Quality products. Timely delivery. Easy shopping experience. MynCash offer is super good.,2026-08-19T12:58:23.000Z,0,4.2608.20,https://apps.apple.com/in/app/myntra-fashion-shopping-app/id907394059
appstore_in_14446721892,app_store,IN,Akhilasajin,5,Superbbb,Nice App. I loved it,2026-08-19T12:57:30.000Z,0,4.2607.20,https://apps.apple.com/in/app/myntra-fashion-shopping-app/id907394059
appstore_in_14446710510,app_store,IN,sikkic,5,Good Platform to buy garments from Myntra,"Recently I was ordered clothes from Myntra , overall good experience",2026-08-19T12:54:05.000Z,0,4.2608.10,https://apps.apple.com/in/app/myntra-fashion-shopping-app/id907394059
appstore_in_14446644349,app_store,IN,Anup8152,5,Envy Perfume,"I loved this perfume, sweet and mild smell",2026-08-19T12:34:05.000Z,0,4.2607.40,https://apps.apple.com/in/app/myntra-fashion-shopping-app/id907394059
appstore_in_14446626665,app_store,IN,Shekhu_shah,5,Lee T-shirt,Good quality product,2026-08-19T12:28:38.000Z,0,4.2608.10,https://apps.apple.com/in/app/myntra-fashion-shopping-app/id907394059
appstore_in_14446619967,app_store,IN,shreya veldurthy,5,Pink tank top,Cute colour. Snug fit. Good material,2026-08-19T12:26:36.000Z,0,4.2608.10,https://apps.apple.com/in/app/myntra-fashion-shopping-app/id907394059
appstore_in_14446591436,app_store,IN,Majestic_misha,4,regular customer of mynta,good product,2026-08-19T12:17:46.000Z,0,4.2608.20,https://apps.apple.com/in/app/myntra-fashion-shopping-app/id907394059
appstore_in_14446565985,app_store,IN,Madhurevanth,5,Very good,Looked very nice on me. Even my husband noticed it. Loved it,2026-08-19T12:09:47.000Z,0,4.2608.10,https://apps.apple.com/in/app/myntra-fashion-shopping-app/id907394059
appstore_in_14446544052,app_store,IN,Rishuuu90,5,Shopping,"Always provide best service on time . I blindly trust on Myntra. 
They repost very fast always provide polite reply to their customers.",2026-08-19T12:02:48.000Z,0,4.2607.40,https://apps.apple.com/in/app/myntra-fashion-shopping-app/id907394059
appstore_in_14446536653,app_store,IN,Yensuu,4,Good platform,"Good deals , good and genuine product",2026-08-19T12:00:27.000Z,0,4.2608.20,https://apps.apple.com/in/app/myntra-fashion-shopping-app/id907394059
appstore_in_14446504420,app_store,IN,Sunny another,5,Thanks for signup coupons,Bhai redtape ke shoes mst mile,2026-08-19T11:50:03.000Z,0,4.2608.20,https://apps.apple.com/in/app/myntra-fashion-shopping-app/id907394059
appstore_in_14446496174,app_store,IN,Wajid Faiyaz,5,Nice,Ek nombar bahot accha aya hai,2026-08-19T11:47:23.000Z,0,4.2608.20,https://apps.apple.com/in/app/myntra-fashion-shopping-app/id907394059
appstore_in_14446458250,app_store,IN,Heena dabhi,5,Just wow,"Beautiful work 
Awesome application 😅",2026-08-19T11:34:57.000Z,0,4.2607.20,https://apps.apple.com/in/app/myntra-fashion-shopping-app/id907394059
appstore_in_14446429896,app_store,IN,Hinesh...,5,...,Unbeatable,2026-08-19T11:25:35.000Z,0,4.2608.10,https://apps.apple.com/in/app/myntra-fashion-shopping-app/id907394059
appstore_in_14446388732,app_store,IN,Hima22292,5,Nice collection,Nice collection and great experience,2026-08-19T11:11:39.000Z,0,4.2607.20,https://apps.apple.com/in/app/myntra-fashion-shopping-app/id907394059
appstore_in_14446345057,app_store,IN,Chinki Bhati,5,Beautiful saree,Soft clothe,2026-08-19T10:56:30.000Z,0,4.2608.20,https://apps.apple.com/in/app/myntra-fashion-shopping-app/id907394059
appstore_in_14446271704,app_store,IN,Geetu 1984,4,Best website,Always good experience,2026-08-19T10:29:43.000Z,0,4.2608.20,https://apps.apple.com/in/app/myntra-fashion-shopping-app/id907394059
appstore_in_14446242973,app_store,IN,ShivH04,5,Service,Excellent 👌,2026-08-19T10:18:59.000Z,0,4.2608.10,https://apps.apple.com/in/app/myntra-fashion-shopping-app/id907394059
appstore_in_14446182416,app_store,IN,Vaibi24,1,Very bad customer care service,Very bad customer care service. I had cancelled my order and till now there is no refund. In order status it is showing refund initiated but when called customer care team they have no ideas and just keep transferring the calls which are never received,2026-08-19T09:55:41.000Z,0,4.2608.20,https://apps.apple.com/in/app/myntra-fashion-shopping-app/id907394059
appstore_in_14446173608,app_store,IN,Basket03,5,Cartoon London,It’s an amazing perfume. Fragrance is Osmmm and budget friendly too.,2026-08-19T09:52:15.000Z,0,4.2608.10,https://apps.apple.com/in/app/myntra-fashion-shopping-app/id907394059
appstore_in_14446170222,app_store,IN,ae.cee,5,Awesome app,"Amazing shopping experience, i have stopped going to malls 👍🙂",2026-08-19T09:50:57.000Z,0,4.2607.20,https://apps.apple.com/in/app/myntra-fashion-shopping-app/id907394059
appstore_in_14446162563,app_store,IN,Rkiveanjoonie,5,Fav app,One of my fav. Shopping app..,2026-08-19T09:47:59.000Z,0,4.2608.10,https://apps.apple.com/in/app/myntra-fashion-shopping-app/id907394059
appstore_in_14446129985,app_store,IN,Chia 🐥,5,Awesome,Wonderful experience,2026-08-19T09:35:04.000Z,0,4.2608.10,https://apps.apple.com/in/app/myntra-fashion-shopping-app/id907394059
appstore_in_14446115214,app_store,IN,Althf007,5,Good,Good,2026-08-19T09:29:20.000Z,0,4.2608.20,https://apps.apple.com/in/app/myntra-fashion-shopping-app/id907394059
appstore_in_14446100876,app_store,IN,Urmila Panwar,5,Best shopping app,Always best to,2026-08-19T09:23:39.000Z,0,4.2608.20,https://apps.apple.com/in/app/myntra-fashion-shopping-app/id907394059
appstore_in_14446056827,app_store,IN,Maana’s,5,Great product,A lovely product value for money,2026-08-19T09:06:02.000Z,0,4.2607.20,https://apps.apple.com/in/app/myntra-fashion-shopping-app/id907394059
appstore_in_14446053944,app_store,IN,G.23344,4,Nice,Ok ok,2026-08-19T09:04:51.000Z,0,4.2608.20,https://apps.apple.com/in/app/myntra-fashion-shopping-app/id907394059
appstore_in_14446041764,app_store,IN,GIVA Jewel,5,Amazing shopping experience,"⭐⭐⭐⭐⭐
Amazing shopping experience with Myntra! The app is easy to use, has a great variety of products, and the delivery is quick and reliable. I’m very happy with the quality and overall service. Highly recommended! 🛍️✨",2026-08-19T08:59:54.000Z,0,4.2607.20,https://apps.apple.com/in/app/myntra-fashion-shopping-app/id907394059
appstore_in_14446037435,app_store,IN,RBUP76,5,Perfect,Perfect fitting with exact colour tone,2026-08-19T08:58:09.000Z,0,4.2608.20,https://apps.apple.com/in/app/myntra-fashion-shopping-app/id907394059
appstore_in_14446033198,app_store,IN,Mehtaass,5,Vatsal,Best and Safe Place for shopping,2026-08-19T08:56:23.000Z,0,4.2607.20,https://apps.apple.com/in/app/myntra-fashion-shopping-app/id907394059
appstore_in_14446028950,app_store,IN,fawarhazz,4,great,user friendly,2026-08-19T08:54:40.000Z,0,4.2608.10,https://apps.apple.com/in/app/myntra-fashion-shopping-app/id907394059
appstore_in_14446011176,app_store,IN,JSK234567890,4,Super,"Best shopping app 
For all",2026-08-19T08:47:22.000Z,0,4.2607.20,https://apps.apple.com/in/app/myntra-fashion-shopping-app/id907394059
appstore_in_14445980079,app_store,IN,Anshaskt,5,Good,Good,2026-08-19T08:34:38.000Z,0,4.2608.20,https://apps.apple.com/in/app/myntra-fashion-shopping-app/id907394059
appstore_in_14445971667,app_store,IN,GUPTA NGG,5,Very good,Good,2026-08-19T08:31:07.000Z,0,4.2607.20,https://apps.apple.com/in/app/myntra-fashion-shopping-app/id907394059
appstore_in_14445934177,app_store,IN,Armaan41,1,order not received,"maine 15/07/2026 ko order kiya tha aaj 19/08/2026 hai aaj 35 days ho gaye mera order abhi tak mujhe mila nahi, 👎🏻👎🏻👎🏻👎🏻",2026-08-19T08:15:34.000Z,0,4.2608.20,https://apps.apple.com/in/app/myntra-fashion-shopping-app/id907394059
appstore_in_14445917365,app_store,IN,Vedam singh rawat,5,Very good,Good,2026-08-19T08:08:35.000Z,0,4.2607.40,https://apps.apple.com/in/app/myntra-fashion-shopping-app/id907394059
appstore_in_14445908952,app_store,IN,Vayavya123,5,Beautiful dress,Love the product quality n fit,2026-08-19T08:05:05.000Z,0,4.2607.20,https://apps.apple.com/in/app/myntra-fashion-shopping-app/id907394059
appstore_in_14445888784,app_store,IN,Khalandar sonu,5,Always super,It’s always best way to purchase the best products,2026-08-19T07:56:50.000Z,0,4.2608.20,https://apps.apple.com/in/app/myntra-fashion-shopping-app/id907394059
appstore_in_14445885818,app_store,IN,Patel manisha,5,Fabric,Excellent,2026-08-19T07:55:36.000Z,0,4.2608.20,https://apps.apple.com/in/app/myntra-fashion-shopping-app/id907394059
appstore_in_14445884866,app_store,IN,Trisshala,1,Fraudulent and disgusting experience with Myntra,"Ordered jeans, received absolute garbage. Raised a complaint with evidence, yet Myntra simply closed the ticket claiming the “correct product” was delivered.

Taking customers’ money and refusing to take responsibility is unacceptable. I will escalate this through the consumer grievance authorities. Avoid Myntra unless you’re prepared to fight for your money.",2026-08-19T07:55:13.000Z,0,4.2608.20,https://apps.apple.com/in/app/myntra-fashion-shopping-app/id907394059
appstore_in_14445883870,app_store,IN,Mithun Basfore,5,Awesome,Good,2026-08-19T07:54:47.000Z,0,4.2608.20,https://apps.apple.com/in/app/myntra-fashion-shopping-app/id907394059
appstore_in_14445881022,app_store,IN,Mithdai,5,Dams,Multiple reason I I like Myntra,2026-08-19T07:53:36.000Z,0,4.2608.10,https://apps.apple.com/in/app/myntra-fashion-shopping-app/id907394059
appstore_in_14445880356,app_store,IN,saharitusmita,5,1% Glycolic Acid Advanced face wash gel 200g,"I especially like that a small amount is enough for the whole face. It's a good option if you're looking for a face wash that gives a gentle exfoliating effect while keeping your skin feeling clean and fresh.
 rating 5/5 *****",2026-08-19T07:53:19.000Z,0,4.2607.20,https://apps.apple.com/in/app/myntra-fashion-shopping-app/id907394059
appstore_in_14445879222,app_store,IN,Namrata Singh Mittal,5,Good prodcts,Good clothes with lots of varieties,2026-08-19T07:52:50.000Z,0,4.2608.10,https://apps.apple.com/in/app/myntra-fashion-shopping-app/id907394059
appstore_in_14445874420,app_store,IN,Ranga subramanyam,5,Nice,Delivery is fast,2026-08-19T07:50:49.000Z,0,4.2608.20,https://apps.apple.com/in/app/myntra-fashion-shopping-app/id907394059
appstore_in_14445865210,app_store,IN,Swati Saraogi,5,Long Gown,So beautiful,2026-08-19T07:46:58.000Z,0,4.2607.20,https://apps.apple.com/in/app/myntra-fashion-shopping-app/id907394059
appstore_in_14445839151,app_store,IN,alna walker,5,Trend,Great shopping app,2026-08-19T07:35:56.000Z,0,4.2608.20,https://apps.apple.com/in/app/myntra-fashion-shopping-app/id907394059
appstore_in_14445835885,app_store,IN,1234@YBS,1,Disappointment,"Dear Myntra ,

I am writing to raise a formal complaint regarding the delayed delivery of two HRX products that I ordered from Myntra. The promised delivery date was 18 August, but the products have still not been delivered. Moreover, there has been no proper update showing the order as delayed or explaining the reason for the delay.

I have already contacted Myntra Customer Care two to three times regarding this issue. Even before today, there was no proper delivery attempt made for my order. Today was the promised delivery date, yet the delivery was again not attempted.

When I contacted Customer Care earlier, I was asked to wait until 9 PM for the delivery. After 9 PM, when I contacted Customer Care again, I was told to wait for another 72 hours.

I would like to understand why I should be asked to wait for an additional 72 hours when the product was promised to me for delivery on 18 August. I placed the order based on the delivery date provided by Myntra, and I expect the product to be delivered within the committed timeline.

I am a loyal Myntra customer and have always trusted Myntra for reliable service. Therefore, I do not expect such a delay without any proper communication or resolution.

I request you to please look into this matter urgently, provide me with a clear explanation for the delay, and ensure that my products are delivered at the earliest without asking me to wait indefinitely.

Please treat this as a formal grievance and provide me with a proper resolution.

Regards,
Yogendra Kumar Sharma",2026-08-19T07:34:34.000Z,0,4.2608.20,https://apps.apple.com/in/app/myntra-fashion-shopping-app/id907394059
appstore_in_14445827111,app_store,IN,Doesn’tmatter83637,4,Good online shopping platform,Have been using it for long time,2026-08-19T07:30:53.000Z,0,4.2608.20,https://apps.apple.com/in/app/myntra-fashion-shopping-app/id907394059
appstore_in_14445824068,app_store,IN,Swetty2204,5,Nice quality,Nice quality,2026-08-19T07:29:37.000Z,0,4.2608.10,https://apps.apple.com/in/app/myntra-fashion-shopping-app/id907394059
appstore_in_14445802978,app_store,IN,RAMU KALLURI,5,I like it,Good,2026-08-19T07:20:41.000Z,0,4.2608.20,https://apps.apple.com/in/app/myntra-fashion-shopping-app/id907394059
appstore_in_14445793446,app_store,IN,Jay..Ne,1,Complicated return Policy,"When the mistake is in their part, The return policy is complicated. It’s been days, Countless requests with customer support and grievance officer but issue is not getting resolved.",2026-08-19T07:16:40.000Z,0,4.2608.20,https://apps.apple.com/in/app/myntra-fashion-shopping-app/id907394059
appstore_in_14445783569,app_store,IN,Situ kaushik,5,Very impressive,Best platform,2026-08-19T07:12:28.000Z,0,4.2606.40,https://apps.apple.com/in/app/myntra-fashion-shopping-app/id907394059
appstore_in_14445771907,app_store,IN,Asfiya@s,5,Amazing,5stars,2026-08-19T07:07:31.000Z,0,4.2607.20,https://apps.apple.com/in/app/myntra-fashion-shopping-app/id907394059
appstore_in_14445763657,app_store,IN,Rhokmsnanns,5,Good,Good,2026-08-19T07:04:04.000Z,0,4.2607.40,https://apps.apple.com/in/app/myntra-fashion-shopping-app/id907394059
appstore_in_14445752839,app_store,IN,manan25262,5,Gud,Gud,2026-08-19T06:59:24.000Z,0,4.2512.20,https://apps.apple.com/in/app/myntra-fashion-shopping-app/id907394059
appstore_in_14445748381,app_store,IN,Pallavi godwal,5,Awesome,"Suit is very pretty, if you are thinking to purchase this kurta set then go for it",2026-08-19T06:57:31.000Z,0,4.2607.20,https://apps.apple.com/in/app/myntra-fashion-shopping-app/id907394059
appstore_in_14445742980,app_store,IN,1₹/)27/?2&8/2!!2!!,4,Shopping,App is good I ordered a shoes product was good I’ll continue shopping from this this,2026-08-19T06:55:11.000Z,0,4.2608.10,https://apps.apple.com/in/app/myntra-fashion-shopping-app/id907394059
appstore_in_14445728091,app_store,IN,Geet 🎄,5,grate app,5/5,2026-08-19T06:48:53.000Z,0,4.2607.40,https://apps.apple.com/in/app/myntra-fashion-shopping-app/id907394059
appstore_in_14445712955,app_store,IN,nnneeti,5,Best shopping aap ever,Easy to use .. very friendly.. and my favourite clothes shopping aap ever,2026-08-19T06:42:21.000Z,0,4.2607.20,https://apps.apple.com/in/app/myntra-fashion-shopping-app/id907394059
appstore_in_13943117177,app_store,IN,zaki7860,5,Myntra’s customer service is PATHETIC and HORRIBLE!!,"I ordered an expensive diesel brand wrist watch few days ago and when I received the order I found the additional leather strap was missing in the box. When I contacted Myntra’s customer care, I was told that I have to wait until 6th May 2019 only to know what will be the next action from Myntra. I received a message within 6days from Myntra that my product will be returned. However, I only wanted to have the leather strap back which was missing since I wanted to avoid further delay of having the complete product but to my dismay, when I called customer care on 6th I was assured on call that my product will be exchanged.
 I waited till 9th May but I didn’t receive any response hence I called to customer care again on 10th May and spoke to an executive who transferred call to their senior executive named LATHA, I found her to be extremely careless and irresponsible and she also insisted that the product can only be returned and refused to proceed further regarding my complaint and kept asking me if there is any other issue to discuss. I went through a lot of mental agony in this whole process and I request Myntra’s top level management to look into this and help me out.",2026-04-10T15:00:12.000Z,0,4.2603.10,https://apps.apple.com/in/app/myntra-fashion-shopping-app/id907394059
appstore_in_12772948569,app_store,IN,Sruthi nsh,1,Worst app in whole app history,Don’t ever order from Myntra on 23rd may I’ve ordered crocs on sale they delivered on 26th and guess what it’s wrong size exchanged it again on 29th second time also wrong size so now it’s confirmed they don’t want to give you what you have ordered Again exchanged it guess what this time they mismatched tag and didn’t deliver product raised a complaint on 3rd June they said 3 days no message or update with the so unprofessional behaviour of Myntra on 6th I called to know update they said exchange can’t be done because the product is stuck at somewhere said to wait till 9th and then no updates received on 9th I called back they said same raised complaint wait till time line 13th I asked and demanded refund they said okay but on 13th I called them for update because they didn’t update me I’ve been keep updating myself calling them again n again losing my time and peace they said they don’t know what’s happening raising complaint allow 24hrs I demanded refund which they didn’t give so I had to wait for 24hrs and again on 14th I called them back raised my voice asked for resolution and said I’ll go to consumer court even then manager said he won’t refund and can’t even tell when it’s going to resolve asked for time line till 17th and guess what i received the same wrong size product again so basically Myntra is a false fake website where everyone getting fooled please raise a complaint in consumer court everyone we can fight it i have recorded everything soon it’s going live,2025-06-14T11:13:21.000Z,0,4.2505.11,https://apps.apple.com/in/app/myntra-fashion-shopping-app/id907394059
appstore_in_13926034585,app_store,IN,Aryanizaneena,5,Best app,"Myntra is one of the best online shopping platforms for fashion and lifestyle products. It offers a wide range of clothing, footwear, and accessories from popular brands at affordable prices. Myntra is one of the best online shopping platforms for fashion and lifestyle products. It offers a wide range of clothing, footwear, and accessories from popular brands at affordable prices. The app and website are user-friendly, making it easy to browse, select, and purchase items. I especially like their frequent sales and discounts, which help save money while shopping for trendy outfits. The delivery service is usually quick and reliable, and the packaging is neat. Myntra also has a hassle-free return and exchange policy, which makes shopping more convenient and stress-free. However, sometimes the sizes may vary depending on the brand, so it’s important to check the size chart before buying. Overall, Myntra provides a great shopping experience with quality products, good customer service, and attractive deals. I would definitely recommend it to anyone who loves online fashion shopping.",2026-04-05T18:13:32.000Z,0,4.2603.10,https://apps.apple.com/in/app/myntra-fashion-shopping-app/id907394059
appstore_in_13112344149,app_store,IN,sps0901,1,Beware!! Myntra is a cheat,"Edit- Myntra has gone from bad to worse. In last few months, every time I have made an order containing several items, one or more than one item came out wrong or incorrect size or in some cases - one piece missing.
Hassle starts after that as it is impossible to connect to someone. Myntra app will redirect your query to bot which will be done with you as soon as you started. Even mails will not be responded to. And if they did, they will reject your claim and say that they had sent the right product. Save your hard earned money. Stay away. 
 
Two recent incidents have made me write this review and make other people aware. In recent months, Myntra has started a concept of seal tag with some of its premium products and that seal tag has to remain intact in case a customer wants to exchange or return a product. However, at two instances, I received a product without any seal tag intact (while the app shows that there was a seal tag attached). I raised the complaint and tried to explain that there was no seal tag and only brand and price tag attached but no one listens or understand. And then they reject the return citing lack of seal tag which leaves you with a product which either you don’t like or which doesn’t fit you well. And a complete waste of money. Myntra’s app and customer care are also too much AI dependent which makes it hard to explain the issue.
In conclusion, do not use Myntra.",2025-09-08T06:15:16.000Z,0,4.2508.20,https://apps.apple.com/in/app/myntra-fashion-shopping-app/id907394059
appstore_in_6388448565,app_store,IN,WORST CUSTOMER SERVICE ALERT!!,1,"Pathetic customer service, stop be befooling your customers.","Ordered a dress from ONLY using your app, received the product but it was damaged. Requested for an exchange which got cancelled due to unannounced reasons and had to put another exchange request. I was relieved when the delivery partner came as promised this time, but it didn’t end here. I came to know that the tag on that dress is not of the dress that I ordered. It was for some other dress of ONLY, and the delivery partner started claiming that nothing can happen as it is damaged so it cannot be returned. Now do I need to check the tags also when ordering online, and why am I held responsible for a dress which was already defective when I received it? The person who is responsible for tagging these clothes is the reason I couldn’t exchange it. Talked to the delivery partner’s boss and customer service, nothing worked out. Even mailed you the issue, but we were been told to contact your customer service. What shall I do now? Come to your office directly, because believe me I am so furious right now that I am willing to come but will you bear the expenses? 
We are your customers and yes, we can bring you down just like we helped you to reach this platform. Myntra is the only shopping app which I use frequently and have also recommended others. But after the worst experience in the history of my online shopping, I don’t trust your service anymore. The least I am expecting from you is to at least transfer the amount back to the account.",2020-09-02T19:45:12.000Z,0,4.2008.2,https://apps.apple.com/in/app/myntra-fashion-shopping-app/id907394059
appstore_in_13147192620,app_store,IN,Manuranjan S,1,Getting worse day day by,"Myntra service quality has been consistently declining, especially in the past few months. What used to be a reliable and convenient platform has now become a frustrating experience for regular shoppers. Orders frequently get delayed without any clear communication or updated delivery timelines. In some cases, the expected delivery date is completely missing, leaving customers in the dark.
Worse still, the platform has developed a troubling pattern of sending incorrect or poor-quality items. There have been instances where customers order premium products, only to receive cheaper substitutes — sometimes without original tags, raising serious concerns about authenticity and quality control. It almost feels like the original branded product is retained in their warehouse, and a lower-grade item is shipped instead.
This not only undermines trust but also reflects poorly on Myntra’s handling of inventory and commitment to customer satisfaction. The return and refund process isn’t always smooth either, adding another layer of inconvenience. If you have plenty of time and patience, you might be able to navigate through these issues — but for most people, shopping on Myntra has gone from hassle-free to highly unreliable.
It’s disappointing to see a once-dependable platform fall short on the basics: timely delivery, product accuracy, and transparent communication.",2025-09-17T05:34:44.000Z,0,4.2508.20,https://apps.apple.com/in/app/myntra-fashion-shopping-app/id907394059
appstore_in_13096437821,app_store,IN,P sharma1,1,Very bad experience from last month. Don’t buy anything from Myntra,"I ordered last month a kurta suit set from Myntra for my MiL and due to size issue I exchanged with the size she wants but after delivery they sent it without dupatta so I orders again so that I can gift her but my experience was very disappointing they sent me different product with same brand with different colour I exchanged with complaint in help center  again so that I can get what I ordered but again they sent with different colour then I checked the price for that different product price was lesser almost half. Is this we are trusting on Myntra again I exchanged with complain of the wrong product then also delivered differed product every time this happens 4 times….which is really pathetic. They hide all complaints raised by me even help Center is not working for me sometimes is this we are expecting from any online shopping platform…no right. My issue is still in their queue, every time customer support team said ye we understand we are very sorry about it will resolve in 48 hours but this is not resolved from past month.  I use Myntra from couple of years but after this pathetic bad service I request you all don’t buy anything with ‘tis app as they are just making money with every order and delivery from past few months they doesn’t care about your emotion, money and loyalty of customers.",2025-09-04T04:32:19.000Z,0,4.2508.20,https://apps.apple.com/in/app/myntra-fashion-shopping-app/id907394059
appstore_in_10302636312,app_store,IN,Li-se-nok,1,"So bad!!!!Do not order anything from them if you do not want to lose money, time and nerves","This online store has gone bad. I ordered on their website for almost 4 years, and everything was always fine. This month I ordered jeans, when the courier brought the parcel, I paid for it, but there was another product inside the parcel. They never returned the money for these jeans to me, and they didn't send the jeans either. Then I ordered a bathrobe, and this product was sent from a different manufacturer, a different quality and even a different size. To my complaints, Mintra replies that she can't help in any way. I called the call center many times, but they answer that I need to wait a few days to solve the problem, and then they send me a message again that they can't help me in any way. But, most often, call center operators just hang up. I told my friends about what happened, and they confirmed that Mintra stopped caring about its customers and they just don't care about us. Many of my friends have already stopped ordering anything on this site. Mintra has become a very bad site for online shopping. I highly do not recommend this store. If you don't want to lose your money, time and nerves, it's better to use other online shopping apps. Thank God there are more than enough such applications now, and they care about their reputation and their customers.",2023-08-26T21:23:33.000Z,0,4.2308.20,https://apps.apple.com/in/app/myntra-fashion-shopping-app/id907394059
appstore_in_9581283467,app_store,IN,ritishxf,1,Worst return experience,"Recently, I bought men Nike court vision from Myntraa and I ordered UK8 size. But Myntraa gave me UK7. So, I didn’t even wear it. I mean I couldn’t. As the size couldn’t fit, so I have two options now, to return or to exchange the order. As these are Nike sneakers, they sell out quickly so while exchanging I didn’t find my size so I have not any other option but to return it. And when I was trying to return it, Myntraa said “ shoes failed the quality check- dirty shoes”. And I was like “ bro I didn’t even try it on, the way you gave me the shoes. I returned you the same way.” And now Myntraa says shoes will be shipped to you in 48 working hours”. But I didn’t receive anything been more than 72 hours (3 days). After contacting Myntraa customer care for 7 days through voice call and messages. Then after 8 successful days of regression and guilt I got my shoes back with the box which was in the very bad shape. But thankfully Shoes were alright. And then I tried it again to make a return request there was no option for return now. So I tried contacting customer care to re-investigate the issue. Because bro I didn’t even wear the shoes how can they make false claim and to prove them I attached pictures from every perspective. They Didn’t believe me and rejected my return request.
And now, I am stuck with one size smaller than my usual size, which doesn’t fit me at all because of their own mistake. It was nice wasting 4K rupees :) I don’t think I’m ever gonna shop from them again but who cares. Peace out myntra, it was nice knowing you.",2023-02-04T07:24:26.000Z,0,4.2301.20,https://apps.apple.com/in/app/myntra-fashion-shopping-app/id907394059
appstore_in_12030789650,app_store,IN,_raks,1,Worst app || expensive and troublesome,"The chat support is pathetic. I had to wait for 7 days for delivery and then it gets delayed further to unknown period of time. On raising the query it raises a ticket for a 7 days resolution time but on asking further support it says something is wrong and ends the chat by itself. What is this ? Why should i cancel my order that i have been waiting for 7 days. You should speed up the service and schedule the delivery the very next day and not ask customers to wait for unknown time. I did not get any message or information about the delay before or after. And there’s no call support available. I checked on website and app but just git questions and answers. It’s disgusting.
There’s fraud going on here, once i ordered a sweatshirt/sweater and it was defected piece and not my fit when i raised a return just on the basis of its wrong size because i had no idea about the hole as it was not my size. Besides the fact that the delivery and return being filed same day and even within an hour of delivery my return was not accepted because there was a hole and I didn’t mention it but i mentioned only size issue. Why would i check anything for defect if that’s not even my size. And i had to keep that with me and my money was never returned and got wasted for ordering from myntra. This is a pathetic customer support app. 0 support.",2024-12-06T03:19:55.000Z,0,4.2411.20,https://apps.apple.com/in/app/myntra-fashion-shopping-app/id907394059
appstore_in_11843483008,app_store,IN,Laiba Chauhan,1,Disgusting behaviour from myntra team,"So basically I have ordered earphone for my use from Nu Republic there is a policy that you cant exchange or return the earphone I saw the ratings so I ordered, first they cancel my order after that i ordered again then after some days i received my parcel then i try them. The earphone are not fit for my ears They are very painful for my ears and very bad quality there are no extra earbuds. I try to return them From last 3 days they are making excuses there is no senior for help I didn't get my refund . The problem is if Nu Republic brand wants to make a policy for no return or exchange then make a product that no one can complaint about me if a customer is ordering anything online how he know that the product is good or not first he has to try and if it is not good then it is a right to return or you will keep it to yourself because of that stupid policy. Myntra customer care is very rude and behaviour is unacceptable and they should stop making excuses . There is no one to help out they will deny to make a complaint to any senior person and they expect you to accept that stupid product that’s not even a good product. I am very dissatisfied, disappointed from Myntra I will never shop from Myntra again . Here I want to praise Nykafashion my mother bought a suit from NykaFashion and the quality of the suit was very bad there was the same problem that there was no return exchange policy over there but still nykafashion customer care help my mother and return it. Please kindly look into it and make sure not to buy from myntra.",2024-10-17T11:44:51.000Z,0,4.2410.10,https://apps.apple.com/in/app/myntra-fashion-shopping-app/id907394059
appstore_in_3614413734,app_store,IN,N. Anjum,1,Disgusting services and useless products,"We have ordered Blink GO smart watch through Myntra, delivery was too late and the product does not switch on. We called customer care and detailed the problem with their product. Customer executive initially ignored return and refund and after so many requests he ultimately arranged for return. The collection boy was so arrogant and we had argument with him as we were in office when he came to collect the faulty Blink GO watch and he started yelling at us saying he has to spend his own money for fuel and cannot make more than one attempt for returns . Now after returning product we received a message saying “refund cannot be processed , pls contact us “ since then we are calling Myntra it has been eight hours but no executive is answering our call. Now: 1. Do we really need this torture in our life? 2. Myntra executives are really unfit for their job 3. Collection boys irritation towards us was very hurting and 4. Finally no response from customer care and no refund so far. This is all happened because we selected to buy something from Myntra and it’s our fault to choose it. I request all the customers of Myntra not to encourage such services and be ware of faulty products sold by Myntra. After a very long day at office we have very little time to spend with family and services of Myntra is ruining those little happy things. I request all the readers to be ware of Myntra and it’s products pls communicate with them and be precise before u purchase anything in Myntra.",2019-01-05T08:30:03.000Z,0,3.24.1,https://apps.apple.com/in/app/myntra-fashion-shopping-app/id907394059
appstore_in_8146148612,app_store,IN,Mrs Kotian,1,Worst Shopping App Ever,"I ordered for a mangalsutra and as the beeds of mangalsutra was not proper I requested for a refund and pick-up of the product.. Pick up date was given as 22nd December but the next day in the app it was showing out for pick up , I was waiting the whole day for the agent to pick up the product but no one turned up and later in the evening the delivery agent has mentioned the false comment stating could not reach customer, I called up Myntra informing them about the situation but they asked me to wait till 23rd December, App again stated the next day that is on 18th December out for pick up, The door was open and the agent rang the bell 😂 for his technical issue he told me without OTP he cannot take my parcel and even said that my number is wrong , where in the morning received call from Myntra on the same number as I had scheduled call back .. Agent told I can’t wait , will come tomorrow and try informed him plz ring the door bell , He said I will .. 
Today 19th December 2021 app mentioned could not meet customer hence pick up failed but not even once the door bell rang and neither I had received any call from Myntra's agent .. Had to call back customer service but they are useless again told me to wait till 23rd plus the agent is not coming to pick up my product and making false comment.. 
IT was my first order and a very bad and worst experience with Myntra..God knows if the product will be picked or no or will I get my refund or no hence will never order from Myntra and please if you guys wanna save your time and money don’t order too ..",2021-12-19T08:50:48.000Z,0,4.2111.2,https://apps.apple.com/in/app/myntra-fashion-shopping-app/id907394059
appstore_in_5503721738,app_store,IN,PThulung,1,Flawed Quality Check Process -  Myntra,"I have been a loyal customer for as long as Myntra has existed but I need to write this review today as it is high time Myntra revise their return and ‘quality check’ process! Quality check should be thoroughly performed BEFORE a product is shipped to the customer as it is a tedious process to return the product once a customer gets the defective product. Myntra ironically declines to refund despite customer producing images of the quality issues of the product and explaining the product shipped already had quality issues! There is an option to return the product and choose quality issues but even if we choose quality issues Myntra fails to process the return/refund citing we need to contact customer care if that was the case! Nowhere on the app or site it is mentioned that we should immediately contact customer care in case of defective product or quality issue with the product apart from selecting quality issue on the app. Be sure to lose your money/ accept the poor quality product once it is shipped to you! Myntra will never accept it back citing the same quality reasons! IRONIC! 
Another major concern is that Myntra does not allow photos of the product with quality issues on their reviews. They decline it with one or the other reason especially citing shipping/service issues even when it clearly is the product quality while being manufactured! Customers do not get to honestly review the products available and used that are available on Myntra as they process only moderated content and only good reviews unlike other apps and sites.",2020-02-08T12:01:49.000Z,0,4.2001.1,https://apps.apple.com/in/app/myntra-fashion-shopping-app/id907394059
appstore_in_6676639121,app_store,IN,Girish KT,1,Fraud QA check Reason- for not accepting the Return,"I orders mens Kurta from Myntra on 6th Nov was delivered fairly on given time, i got an issue with kurta size and fitting, so i requested for return on 17th nov and after a day i got message saying that QA check failed, and reason was wrinkles was present so they can’t return, i really want to know how can this be a QA check reason? cotton cloth if its under shipment than any cloth will have wrinkles and that’s how i got from myntra, but i didn’t bothered and i requested for genuine size issue return, i tired calling Myntra Customer service many times to understand how can wrinkles be a valid reason for rejecting, till date they just say we have filled your complaint and you will get a call back from our seniors and they have no answer for there QA process and on mail also they just mentioned QA failed with no proper explanation, i would completely accept if there is some genuine reason for not taking, 100% i will accept it, but this is fraud to customers for not taking products back which is as per there terms and conditions which they mentioning-on myntra website. absolutely un ethical business and diss loyalty with customers, till date 8+ calls with myntra customer care executives and mail trail but no any solution or explanation on this. i will make sure all people know about this experience so they don’t face it and will try go mention this wherever i can.",2020-11-23T09:32:39.000Z,0,4.2009.1,https://apps.apple.com/in/app/myntra-fashion-shopping-app/id907394059
appstore_in_11828785231,app_store,IN,KirtiBamne,1,Account Deactivation and Unresolved Complaints,"I am writing to tell you about my deep dissatisfaction with the service I have received from Myntra and to formally escalate the issues surrounding the sudden deactivation of my account without any explanation. On October 2nd, I raised a complaint regarding a perfume order that arrived with an empty box. I was assured a resolution by October 5th; however, my complaint was marked as resolved despite not receiving any resolution. When I re-raised the issue on October 5th, I was assured again that it would be resolved by October 9th, but unfortunately, no action has been taken. On october 10th, I logged into my account only to find that it has been deactivated without any explanation. As a loyal and Elite customer, I frequently shop on your platform, and I currently have Rs 4000 in Myntra credits (from a gift card) at stake. This sudden deactivation not only jeopardizes my funds but also disrupts my ongoing orders and wishlist items. I’ve reached out to the customer care multiple times through calls and emails (customer grievances, support, communication) but haven’t received response from anywhere. My continued patronage of Myntra is contingent upon a satisfactory resolution of these issues. I won’t recommend this app to people.I believe it is crucial for potential customers to be aware of the service shortcomings I have encountered.",2024-10-13T10:15:20.000Z,0,4.2410.10,https://apps.apple.com/in/app/myntra-fashion-shopping-app/id907394059
appstore_in_9981205782,app_store,IN,manishtg,1,“A Lesson in How Not To Treat Customers”,"“Once upon a time, shopping with Myntra was a delight, a venture into the world of online fashion without risks. Returns? No issue, they said, as they coaxed us into a comfy bubble of customer convenience. But oh, how times have changed! That cozy bubble was burst when they introduced a ‘convenience fee’, ironically named for an inconvenience to customers returning poor-quality products. But Myntra wasn’t done there. No, they also suggested my account may be disabled due to too many returns. My sin? Expecting quality for my hard-earned money. Myntra, you started by offering us the ability to return items with ease. This wasn’t a ‘favor’, it was a reassurance of your commitment to quality and customer satisfaction. Now, it feels like you’ve backtracked and want to charge us for your failures in quality control. If returning a bad product is a crime, I gladly plead guilty. But remember, I also kept the good ones. And yet, instead of taking responsibility, you’re punishing your customers. Dear fellow online shoppers, if you’re looking for a platform that values customer satisfaction over quick profit, you might need to look elsewhere. Because at the end of the day, who wants to pay extra for the privilege of returning sub-par items? I think I’ll be sticking to offline stores for a while. Quality checking: free of charge!”",2023-05-30T15:55:52.000Z,0,4.2305.10,https://apps.apple.com/in/app/myntra-fashion-shopping-app/id907394059
appstore_in_8680498312,app_store,IN,isha_786,1,"Delivery never happened, customer care does not agree on the miss","I had ordered a Kurta set from the app which I was supposed to get by 8 May. On 6 May morning I got the message that a delivery agent would come on the day and I need to share OTP for receipt. Neither any delivery agent came nor did I get the package and by 6th May evening the package was marked as delivered by the app.
Since then I am following up with Customer Care, they took a week (their resolution time boasts of being 24 hrs) to respond telling me that their logistics dept has confirmed that they have delivered the package in “pristine state” and are not agreeing that the delivery has not happened at all. Within such operations mistakes can happen but a good business will accept their mistake and would at least refund the price paid. I have been a Myntra customer since they began in 2014, still they are not valuing my relationship with them and are ready to loose a customer for a genuine Mista on their part. This shows what kind of values they are having. Fashion delivery is cheap, Amazon(much much better customer service), retail giants as Westside, Pantaloons, AJIO there are many options available for me if I want to switch. Myntra learn to value your customers, despite your merger you are still not profitable and your CAC is still high; I wonder if customer retention is of such low priority for you",2022-05-17T15:40:37.000Z,0,4.2204.2,https://apps.apple.com/in/app/myntra-fashion-shopping-app/id907394059
appstore_in_11371797025,app_store,IN,Mayank6192,1,False delivery,"I ordered a product with Myntra, it was a prepaid order. The product was supposed to be delivered on 11th June 2024. The delivery address was my office address. On the evening of 10th June, 2024, I received an email saying that the order has been delivered. I didn’t get any call from the delivery agent which I usually get. Anyway, I called the guard at my office to cross check, however, he informed me that nobody came to deliver any product. I left the office that day at 6:45 pm. I checked the CCTV footage from 6:45 pm till 9:00 pm but it was clear that nobody came to deliver any parcel. I registered a complaint in the ‘Help Centre’ section of the app, the case said that I will get the resolution by 14th June. Suddenly, out of nowhere the case automatically got closed on 12th June without any notification aur intimation given to me. Currently, I don’t get any support, I have lost my money, and I still don’t have the product with me. The customer care agents keep repeating the scripted lines “Sir, we have checked with the logistics team, they have said that they have delivered the product”. Either you can trust a customer who has been associated with you for over a decade who also has a proof that the order was not delivered (CCTV footage), or you can trust the incompetent logistics team. One thing for sure, I will never recommend shopping from Myntra after such an unexpectedly horrible experience. If you still want to shop with them, make sure you always opt for COD option. There are better shopping platforms such as NYKAA, Ajio, etc. I have never faced any such issue with them.",2024-06-12T06:54:44.000Z,0,4.2405.10,https://apps.apple.com/in/app/myntra-fashion-shopping-app/id907394059
appstore_in_9083469183,app_store,IN,San Hayat,1,Very poor customer service,"I have been purchasing from Myntra since 2014 and have always loved it ! But their customer service is pathetic, never have I been so frustrated!!! I had ordered a set of hair dryer and straightener, order was placed hair dryer was confirmed and delivered within 2 days but the straightener was stuck on ‘order placed’ , I tried chatting with them asking why wasn’t it was confirmed while the dryer already got delivered. 1st Agent didn’t understand my query and somehow we got disconnected and got connected to 2nd agent by the name Anjali I asked the same question, she stated she raised a complaint for the same and that it will be delivered within 3-5 working days and literally disconnected the chat on my face . After 5 days the status was same so I contacted them again and this time they canceled the order(without my consent ). Well, Why sell in sets when you can’t deliver the products?? Gave them benefit of doubt and placed an order for 2 shirts, I wanted to return 1 , the guy who was supposed to come pick up the product came after 7:30pm and of course I wasn’t there because ‘I have a life and I’m working’ . The number provided for returning the product never worked . So I contacted Myntra again why because I purchased the product from you!! This time the agent said we cannot do anything from our end when I requested to get the pick up done before 5pm. Wow!!! As a customer I would have appreciated even if he would have said ‘we will try’ . I think you need to train your customer service agents better. You have amazing products but the experiences I had with your customer service executives have been painful and annoying.",2022-09-14T10:19:50.000Z,0,4.2207.3,https://apps.apple.com/in/app/myntra-fashion-shopping-app/id907394059
appstore_in_10014462437,app_store,IN,fatema G,5,Have changed policies without informing,I have been customer of Myntra since very long time and I was very happy from their service and products and everything but this time I got caught with very big scam. This time in their end of reason sale they had various offers and I purchased so many things because of that but when I received my products I didn’t liked few of them and while returning they are charging half of the price of the product. They are deducting half price from the refund and and while confronting for the same they don’t have the solution or proper reason of them. I fought with their customer care for more than an hour but they are not ready to accept thier fault and not ready to give any alternate solution. Though they are writing below the products that they providing free return and exchange within 14 days but than too I am charged for half of the price. Also there are many other changes made this time without our knowledge. Please guys be careful from now while purchasing from Myntra,2023-06-09T05:47:54.000Z,0,4.2305.10,https://apps.apple.com/in/app/myntra-fashion-shopping-app/id907394059
appstore_in_9814054261,app_store,IN,Anu Prithvi,4,Can make the shoppers experience better,"I have been purchasing from Myntra from more than 6 years, right from my college days. I have had good and bad experiences but now that every thing is being updated from your end pertaining to quality, sale and offers, including glittery advertising and commercials why are you not able to keep it up standard wise? at least with regular customers? I order a product based on brand, reviews and, quality estimation by the pictures of a product. Yet many a times I was disappointed with 8/10 purchases just because either the product I ordered was clearly used by another customer and dry cleaned and sent to me by Myntra or the quality is extremely poor where it doesn’t stand up to the description provided in the app. Why Myntra? Is it because you are maintaining dupes of the same brand or replicas of all your products? Is that why some of them seem to be good while some are of poor quality ? Every-time I order something I am left dissatisfied these days with the quality or some part of the product would be missing. (Eg. dupatta in a chudidaar set)",2023-04-12T14:17:46.000Z,0,4.2303.20,https://apps.apple.com/in/app/myntra-fashion-shopping-app/id907394059
appstore_in_6709535320,app_store,IN,Kreddum,1,Missing product and Myntra does not care about it,I ordered a kurta set for my wife and when we opened the package the top is missing and only palazzo was there. When contacted Myntra customer support for the same they declined the claim saying the QC passed and the full product was there while shipping. Moreover after i reopened the case asking for how the product got missed they are asking for unpacking video of the product. If you can ask customer about unpacking video then why cannot customers expect you to share the QC check video showing full product is shipped. If the full product is shipped then where is the product missing. Second time after escalating also I got the same reply after almost waiting for 2 weeks and multiple follow ups. The process needs to be changed where delivery person needs to show full products are there which will avoid these kind of issues. Finally not happy with the way Myntra handled the issue and it’s totally waste of time and money ordering in Myntra for almost 10 years. Finally I closed my account with Myntra as they are not efficient in handling the customer issues. Better to buy offline as your time and money will be saved and no need to wait for customer support team to resolve the issues in a pathetic manner.,2020-12-02T13:04:38.000Z,0,4.2011.0,https://apps.apple.com/in/app/myntra-fashion-shopping-app/id907394059
appstore_in_13674682096,app_store,IN,no more a myntra user,1,Myntra has lost its customer service.,"This is the 4th time this has happened with me at Myntra, i made 2 orders to be delivered before 14th for my husband. Myntra purposely delayed them so that i cancel the order n pay platform fee for no reason and then i buy the same thing at a  higher price. They are compensating for the celebrity ad fees this way. Awful way to loot the customers and spoil their special day. I have ordered a 2piece suit at Myntra and it was supposed to be delivered on 12th feb but they delayed the delivery on purpose coz they are greedy and want higher price for their product. They expected me to cancel and replied back by saying that they’ll deliver the product by 17th Feb but again today they messaged adding they’ll resolve the issue by 19th Feb. Myntra team doesn’t communicate the issue correctly and now they wouldn’t even cancel or solve the issue so that i cancel and pay the platform fee for no reason and as an apology for not solving my issue they’ll give me a stupid and useless coupon which does not work for any shopping. This is ridiculous and now I want my refund and also a same amount of Myntra credit else m filling a complaint against Myntra in consumer court. I have tried reaching out through chat but it says all representatives are busy and is ignoring my complaints.",2026-01-25T15:51:58.000Z,0,4.2512.20,https://apps.apple.com/in/app/myntra-fashion-shopping-app/id907394059
appstore_in_6205226707,app_store,IN,SaksMittal,1,Unsatisfactory Customer Service,"I’ve been shopping from myntra for many years now. Their service was pretty satisfactory until it wasn’t. They service started to degraded over these years and stooped real low now. 
I ordered a saree for my mother as surprise for Mother’s day and they sent me a whole different saree from the same brand to what I ordered(my mother’s day surprise was scattered into pieces) So I did what any customer would do, returned it. But, to my surprise, they put it on hold stating MISMATCH product. I was asked to wait on calling customer care for 3 days for the update about the issue which I patiently did. Then I had to called again just to get an update because they didn’t bother. I was asked to wait for 3 more days again. I did wait again but furiously this time yet same result, no update. I had to call again. And this time I was asked to wait for 10 days straight. Can you imagine? 
Well, I think I got lucky, I got my return amount in next 2 days. 
Now, comes the second incident, I ordered a Tshirt, firstly it was supposed to be delivered on 6th of July yet It got delivered on 16th on july. The tshirt I got, was defective and the packaging was in a bad shape too. So I had to return it. Now it has been put on hold again. As if the saree’s mental agony was not enough. 
I don’t think so I can ever buy anything from myntra ever again.",2020-07-16T15:05:14.000Z,0,4.2006.4,https://apps.apple.com/in/app/myntra-fashion-shopping-app/id907394059
appstore_in_11694017908,app_store,IN,shina95,4,Login issue,"#boycottmyntra I am not able to login through my account..it shows account doesn’t exist... I have an order to be exchanged. i have faced the same issue with My previous account also which i have been using from last 7years... so, i made a new account and using it from last 6months to and now again same thing happened ,this is disgusting 😖😖they are looting people .. My myntra account is locked without any reason. I raised a request to exchange my last order .Later on they cancelled my exchange due to account locked and further saying that it is not possible to exchange item but we can raise return of your item but credits will go to your myntra wallet and as you know your account is locked ,you won’t be able to use that money. So in short they are forcing me to keep that over size item. When i called customer care ,they just say your account is locked and we can’t help you regarding this. They don’t even have specific valid point to satisfy customers that why their account is locked. All i can say myntra in loosing their valuable customers.",2024-09-06T07:02:55.000Z,0,4.2408.10,https://apps.apple.com/in/app/myntra-fashion-shopping-app/id907394059
appstore_in_6476805772,app_store,IN,B @anya,4,Pathetic service,I have ordered few things on Myntra in mid June and the products were so disappointing that I literally kept 2-3 of them and I returned 14 items straight and as the amount was big I didn’t add it to the Myntra credit and gave them my bank details somehow it was my mistake that instead of bank account number I wrote my card number and after 2 weeks they got to know the issue I immediately updated my bank details by sending them around 100 mails and then they said we are initiating your refunds since 3 months till now I hv got 4 refunds out of 14 that too by continuously calling and begging them for my own money like a fool ..I wonder if they have a working system or something like that because calling continuously and sending mails for 3 months brought nothing but disappointment plus these people have trust issues on customers that they ask for bank statements every time you call and ask for the refund very pathetic I will never shop on Myntra ever in my life they screwed my life and I don’t have patience still calling them for money back 🙏🏻please give my money back,2020-09-28T08:27:45.000Z,0,4.2009.1,https://apps.apple.com/in/app/myntra-fashion-shopping-app/id907394059
appstore_in_11149392128,app_store,IN,Davleena Bakshi,2,Customer service & delivery agent arenot supportive,One of my recent order has been cancelled without informing me. At the time of delivery I was not available and same has been updated to the delivery agent & he has rescheduled the delivery on next day as I got the text from myntra but next day when I did not received any update than I called up the customer care & same has been discussed with her & she has assured me to deliver the product (suit) within 24 hours as per the rescheduled time. But the next day I checked the status through the app it’s showing the product has been cancelled because of bulk order restricted. I don’t understand if you are not deliver the product in 2nd attempt than why you guys given the rescheduled option and also your delivery agent has the option to reschedule the delivery.  You guys playing with customer emotions. I usually doing shoping online and I don’t have any other outfit to wear on same day Thts why I eagerly waiting for my order but you guys cancel the same. And now again I order the same product on higher price but still not confirm its deliver or not. If we paid you whatever the price than you should provide the best service to the the customer.,2024-04-12T12:27:04.000Z,0,4.2404.10,https://apps.apple.com/in/app/myntra-fashion-shopping-app/id907394059
appstore_in_13518738120,app_store,IN,diksha rai,1,30 mins express delivery is a scam,"I ordered 2 items through Myntra from 30 mins MNow which showed me it will express deliver 30 mins but of course it was a lie. The reason i ordered was i am in the hospital and i needed the clothes. I called customer support spoke to Nisha who was nice but she first couldn’t find my order, then later said it was due to technical issue then she said the ordered i placed will be delivered anytime EOD!!!! This is where i lost my mind. EOD is not what your advertising was if it was so there are other apps who deliver way before that and i would have ordered from them. Nisha tried to help me, she said she will escalate and expedite but could not give me a timeframe like if it would take another hour or 2 hours, so basically I have to wait till EOD. I requested for cancellation but of course Nisha couldn’t so i asked her if i can cancel it on my own in the app, she said yes but of course I couldn’t cancel because it was for express delivery. Lately I have been having horrible experience with Myntra it’s like you all don’t care at all. I know losing 1 customer may not effect your business so much but i have been a premier customer for so many years and have given you business, a lot and really expensive ones. This is ridiculous seriously.",2025-12-16T02:29:26.000Z,0,4.2512.10,https://apps.apple.com/in/app/myntra-fashion-shopping-app/id907394059
appstore_in_12431488167,app_store,IN,K N Joshi,1,No refund processed,"I should minus rating for the services. I ordered a Face serum this month and then after a day I got better deal on another website so I cancelled it from Myntra and ordered from elsewhere. I opted for refund on original payment source, I was informed that it will take 7-10 days to process refund. After 3 days I received a WhatsApp message from Myntra saying that the refund has been processed and same was updated on their app as well. However, I did not receive any message from Bank confirming the refund, hence, I checked with my bank regarding the same, and the refund was not processed. I tried contacting their customer service several times through chat and call every time on the chat. They used to say that it will take 10 days to show the balance on my account and they themselves will cut the conversation every time I try and call I always get the reply saying that the customer service executives are very busy and that we will call you back and your call time is 343 minutes four minutes. Whatever, but I never received a single call from them. The amount was as small as ₹1200, but henceforth I would have no faith in Myntra. I am a loyal customer since so many years now and this is very annoying and upsetting.",2025-03-17T14:39:31.000Z,0,4.2503.11,https://apps.apple.com/in/app/myntra-fashion-shopping-app/id907394059
appstore_in_11762011320,app_store,IN,Easther A,1,Bad Experience,"I've been purchasing from Myntra for a very long time. I never had any issues, but from the last 2 packages I’m having issues with Khadi Natural Products. Last time I received a damaged product. You guys apologized and resolved the issue, and on the second order, which I placed on September 15, I placed an order for 2 shampoos and 2 conditioners, but I received only shampoos in 4 bottles. I called and informed them I received only shampoos, not conditioners, but customer service was told that I would be receiving a call before the 20th, and still to date I didn't receive any call. Then today I called and told them again about the issue, but customer support was told that they can't do anything regarding this because the package was in good condition and neither I nor I didn't ask for any refund or replacement. My question was, when I'm placing an order, your packaging team should check what customer was placed and pack it accordingly; if not, why am I paying and ordering from you, guess? Are you guys giving it free of charge? No right. I'm paying for the right product to be delivered, but this is a bad experience for me, and hereafter I will never place an order from Myntra. You lost one customer because of your bad service. ",2024-09-25T07:17:59.000Z,0,4.2409.10,https://apps.apple.com/in/app/myntra-fashion-shopping-app/id907394059
appstore_in_14107563019,app_store,IN,Canary003,1,Fraud and misbehaviour,"Ordered a pair of Bata brown women’s boots from Myntra and received a completely different product — an old, dirty, clearly used pair of shoes without proper tags. I immediately raised a return request which was approved, but the pickup agents kept refusing to collect the product because of its condition, even though I received it exactly like that. For days I kept receiving “Out for Pickup” messages followed by “Failed Attempt” updates despite no actual pickup attempt being made. I even contacted the delivery agents directly and they admitted they would not pick up the damaged shoes. Customer care repeatedly assured resolution, gave timelines, reopened issues, and then cancelled the return request due to “internal issues.” What’s worse is that another return request of mine is also getting affected because pickup agents are avoiding my address altogether. I offered to courier the item myself — denied. I asked for a refund first since the issue is entirely on Myntra’s end — denied. Finally, when I asked what happens if the issue remains unresolved again, customer care disconnected my calls multiple times. Absolutely unacceptable experience. Customers should not be forced to keep somebody else’s used product because of failures between Myntra, Ekart, and pickup agents.",2026-05-26T10:11:49.000Z,0,4.2605.20,https://apps.apple.com/in/app/myntra-fashion-shopping-app/id907394059
appstore_in_5264842293,app_store,IN,dandolifanfi,1,Thief Myntra Thief,"I ordered through Myntra for 2 Belts (reversible), but they sent me the non-reversible belt. I contacted the customer service for replacement, and they instead refunded for 1 belt without consenting me and sent wrong once 3 times for the remaining belt. I called again and shouted, they committed they would be delivering it by Saturday 26th October no matter what happens and I did not receive it. I ordered it for the especially Diwali occasion, and they did not send me. This entire procedure took almost 20 days with no resolution or belt. I had to use the belt as no shops were opened on New Year for selling the belt. I contacted them again via email for an update, and they kept asking for to have a label attached to the belt which I threw away because they never reached me for it. Lastly, I had to abuse them in the email as they didn't do anything. I opened a dispute in PayPal as well; however; I missed to escalate to PayPal and it went to buyers favour. It's not about the 300 rupees but its also about the fake product that they sell. I purchased a Roaster watch worth rupees 1200, and few of the functions were like toys, they never function, as a kind of showpiece. The same happened earlier as well. Since the service and the products are worse, I am lodging a case in Consumer court as thieves like Myntra should be shut down.",2019-12-12T18:58:30.000Z,0,4.1912.0,https://apps.apple.com/in/app/myntra-fashion-shopping-app/id907394059
appstore_in_10809482585,app_store,IN,Jayanth.kumar,1,Worst delivery experience don’t buy from Myntra,"Hi Friends

I ordered product from Myntra but it is not delivered by the agent and marked as delivered in app. After that I raised the complaint with customer support team and the agent went to my home he given me the product used condition and without product above cover. I asked him why there is no cover on it. He conveyed me like upper brown colour package cover is broken so I removed total cover like that. He requested me to accept it and he begged in front of me. So I said ok no problem & don’t repeat it again and asked him to return it. After that I got message from Myntra like product is used condition and serial number also missed on it, So we don’t accept they said. Here I didn’t opened and returned when I received condition trough same delivery boy. I conveyed what happened to Myntra customer support again but they didn’t taking action against the delivery agent and not received my product or refund also but they mentioned again delivered to me like that. This stupid experience I faced with Myntra. This people are looting our money. So I decide to not to purchase any products from Myntra. Now I lost 2k only but how many orders this guys are doing same thing. Please remember guys don’t buy the products from this app.",2024-01-11T11:27:48.000Z,0,4.2312.23,https://apps.apple.com/in/app/myntra-fashion-shopping-app/id907394059
appstore_in_10248527023,app_store,IN,Pjagda1,4,Useless app,I have recently purchased a clothing item and ordered as per size chart however when I received the parcel i have tried and the size was smaller so placed a request for exchange with one bigger size and here problem starts . First they said they will arrive on specific day however they arrived a day prior and expect me to be there to exchange which wasn’t possible . I have planned it that way if they are arriving on a specific day some one or i will be there for change however it didn't went that way . Second i know there is a policy for exchange that you need to keep tag or bag or both however first by when parcel was delivered of course i have tried and realised that its small size so i have placed a request for exchange which took almost 5 to 6 days and you expect to keep that tag or bag which isn’t possible and lastly they said i need to talk to customer service for approval which is pathetic and worst service so i am not using this app any more and people please think twice because its your money you are wasting,2023-08-12T09:20:02.000Z,0,4.2308.10,https://apps.apple.com/in/app/myntra-fashion-shopping-app/id907394059
appstore_in_7930102384,app_store,IN,kpranoti24,1,Worst customer service ever !,"So I did a good amount of shopping during the Big Myntra sale. While I was browsing through the app, one fine day I was abruptly logged out from the app. And when I tried to login again it associated my number with another email id and showed the past orders of June/July. When I called customer service for 3 consecutive days I was told that it created altogether a new account and gave me a bunch of “solutions” as per them to resolve which even included uninstalling and reinstalling the app (for me which clearly didn’t make any sense) as the issue is related to multiple accounts and nothing to uninstall/reinstall app. on the 5th day I even tweeted about the same and got one courtesy call from the escalation desk manager which later asked me to wait for 48 hours to get the issue resolved. Today is the 10th day and the issue is still not resolved. I’m still not able to login or view my orders. I would really like to return everything I shopped for and ask for a complete refund. I did inform the customer service to return but they had some issues while even doing that. It is a horrible service I’ve seen in years. And most importantly I’m worried about the money if I’ll ever get it back.",2021-10-19T04:52:09.000Z,0,4.2108.1,https://apps.apple.com/in/app/myntra-fashion-shopping-app/id907394059
appstore_in_12994181521,app_store,IN,Sapna Shiwani,1,Worst customer care exicutive do Myntra is having,"As i have mentioned good feedback earlier but due to facing so many challenges regarding product quality and delivery services I am now frustrated at a boiling point they are not able to handle delivery agent they are
 Misbehaving with customers I have been mentioning this since 8 months  still no solution has been given if you ordered something you have to go the street other wise delivery agent will cancel order without informing you I am facing this challenges since 8 months the delivery boy is worst person unprofessional illiterate he is giving me order and misbehaving am have been complaining this since but Myntra team is not working they are actually not able to work on this I don’t  why??????? In future it’s good to do not shop with Myntra because customer care will not listen you they are writing you complaints and after you call drop they are throw into dustbin this is happening from 8 month…….if I will write each and every issue the feedback section will full so I am quitting this here and i would say at last it is worthless to trust on customer care executive about your complaints to be action ……..disappointed from customer care exicutive.",2025-08-09T08:21:31.000Z,0,4.2507.20,https://apps.apple.com/in/app/myntra-fashion-shopping-app/id907394059
appstore_in_7568973668,app_store,IN,ravneet shergill,1,They took my product and never gave me refund,"Simply pathetic service. I had ordered a Seiko watch and the size was not right so I put in a return request. My watch was picked up and the blind uneducated pickup driver put the return on hold which made me wondering as I didn’t even take off the plastic film off the watch. Now comes the funniest part, when I called the chap and asked what was wrong as he had checked the watch thoroughly he said my dial said Seiko but the photo Myntra gave him was seik with a dot. That clown didn’t see that the dot was on the seconds hand and the seconds hand dot is covering O of Seiko. I tried calling the customer service up as it was a simply stupidity from the pickup guy as he acknowledged he didn’t check it properly and it was his fault. Then started the main problem as you simply can talk to Myntra customer care they call you back after an hour. I talked to at least 7 people from customer service and all 7 simply can’t solve. The reason was they had no contact with pickup guy. The problem would have been solved in a minute by calling the pickup guy but no one cares at Myntra. So think before you buy from Myntra as the customer service is beyond pathetic. Still waiting for my refund.",2021-07-12T18:45:41.000Z,0,4.2105.1,https://apps.apple.com/in/app/myntra-fashion-shopping-app/id907394059
appstore_in_10373295857,app_store,IN,Shael25,1,They betray their loyal customers,"I’ve been using Myntra for almost a decade now. I was so obsessed with them that I never bought anything from offline stores or even other shopping apps. Myntra was my one-stop solution for shopping until recently, when I had a really bad experience that destroyed my years of trust for them. I’m an ‘Elite Insider’ and they claim to give all those perks and privileges to Insiders, but turns out they are nothing more than ’just claims’. 
I bought a two-piece set and blazer but the cloth quality turned out to be so pathetic I had to return it. The delivery associate took my product but bought it back a day later saying that the seal tag was missing. I had no idea what this seal tag was, because I returned the product in the same condition that I received it- unused, with all the brand tags. There was no seal tag whatsoever. When I lodged a compaint the customer support executive was giving me so much assurance that my issue would be resolved, but guess what? It has been almost 15 days, I’ve lodged complaints with them more than 5-6 times, sometimes on call, sometimes on chat, but it always ends up with “your return request has been rejected because there was no seal tag”. Like seriously, I never expected Myntra to collab with such pathetic brands who use these unethical practices to increase their sales. First sending a cheap quality product and then not letting the customer return it by blaming them for removing a seal tag which was never there in the first place.
Yes Myntra, you better cooperate with these pathetic brands and not your loyal customer of 10 years. I don’t understand what they will achieve by deceiving me of 4000 rs. I never knew they could steep so low. Utterly disappointed!!!",2023-09-16T07:14:03.000Z,0,4.2309.10,https://apps.apple.com/in/app/myntra-fashion-shopping-app/id907394059
appstore_in_14108432122,app_store,IN,nishdee,1,From being an amazing brand to a shady brand,"I had been a loyal customer for years, easily making purchases worth over a few lakhs, but Myntra’s customer policies have turned absolutely draconian over the last two years. I finally uninstalled the app over a year ago, and here is why:
* Failed Returns & Lost Money: I was delivered the wrong item. I shared the required photos, initiated a return, and the item was successfully picked up. However, due to an issue with their logistics partner, the return was not delivered back to them. Even though the system acknowledged the return request, they completely refused to refund me. I was left with no product (right or wrong) and had to absorb a shameless loss of ₹3.8K.
* Repeat Offense: I foolishly let the first incident pass, thinking it was a one-off system glitch. Then, the exact same cycle happened again.
While other e-commerce companies, even their parent company, Flipkart are continually making their customer policies better, Myntra is going down the drain. Their customer service is entirely bottlenecked by rigid, anti-consumer rules; agents just put their hands up and repeat, ""We can't do anything else.""
Highly disappointed. Save your money and shop elsewhere.",2026-05-26T15:00:36.000Z,0,4.2605.20,https://apps.apple.com/in/app/myntra-fashion-shopping-app/id907394059
appstore_in_9921863469,app_store,IN,Preetibhoj,1,Horrible service provided by customer service and executive named Juhi,Pathetic service from Myntra. I had ordered a product from Myntra and they delivered a wrong product to me then after that I asked for return but they very conveniently they said that I will have to self ship the product to them and I have been trying to speak to the customer executives but they constantly ask me to wait for 24-48 hours in which they just try to get rid of the customer so that when the customer calls them the next time it is actually another customer executive who will have to deal with the customer. I spoke to a customer executive named Juhi who constantly just apologised and did nothing else. I gave her 3-4 options but she constantly said no and also gave me the learnt replies which were of no help. I spoke to Juhi for over an hour but still she kept on asking to self ship the product. These people think that customers are free and have nothing better to do than go to a courier service and do the work that they are supposed to do. Miss Juhi also agreed with me that it was their fault which the customer has to pay for. This is how pathetic the customer executives are and how pathetic their services are.,2023-05-13T09:16:33.000Z,0,4.2304.20,https://apps.apple.com/in/app/myntra-fashion-shopping-app/id907394059
appstore_in_9408518966,app_store,IN,harshu menghwani,1,This app and the employees who work here are not at all capable of anything,I had ordered for black saree which I didn’t liked so I wanted to return it and since the day I have put it on return these people are troubling me once a delivery man came for picking up the return parcel and then checked the product which was all fine and was given by me the same way I received it still he put my return parcel on hold and mentioned the reason that it’s damage product and then for next 14 days this good for nothing customer care team kept me waiting by giving me useless date for the rescheduled return but still no one came to pick it up and then on 15 day when I mailed them my concern for again rescheduling my return the said that delivery boy will come for pickup but he never came and gave a false reason for damage product again which even coming and checking in the reason section and now it’s 19 days no one is responding to me nor is concerned regarding the return I truly believe that I should now stop shopping from Myntra and also will make sure all my friends will also uninstall the app then only this people from customer care will understand the value of their valuable customers,2022-12-18T07:03:21.000Z,0,4.2210.2,https://apps.apple.com/in/app/myntra-fashion-shopping-app/id907394059
appstore_in_11926104986,app_store,IN,RAHUL JAIKUMAR,1,Worst customer service ever,"Their customer service is the worst, calling the customer service for past 5 days on one of the orders which was supposed to be delivered 5 days ago on the status and they are like an automated response, “we have raised the ticket, our leads will look into it, thank you for your time, your issue will be addressed with topmost priority “, but there is still no response. The same thing happened 15 days ago and same response and order got auto cancelled without even informing me. Ive used myntra alongside ajio and they have a far better response than these guys. I asked for talking to an escalation team and the same response even from the supervisors also. I guess they follow a ticketing system to just do blame game rather than providing a customer with a response. If you are planning a vacation shopping or wedding shopping, definitely dont purchase anything from this app, you might end up not having anything if you depend on this app. I tried to call the delivery agent and he also cuts the call and doesnot respond, delivery partner being from Ekart logistics. I ordered a sherwani for my brothers wedding 1 month ago and i guess these people will deliver the product for celebrating his one year anniversary rather than his wedding. They donot care about their customers coz they have a huge customer base but these actions have made me uninstall this app and im sure many others feel the same and they keep loosing money coz of this. I spend around 10k per month on this app and now, im not even gonna install this app after this. Their ticketing system and customer support is a joke, even automated services can provide a better response than this support. They outsource the delivery and are not concerned about the status of the order at all.",2024-11-08T11:16:01.000Z,0,4.2410.20,https://apps.apple.com/in/app/myntra-fashion-shopping-app/id907394059
appstore_in_4682298485,app_store,IN,RamD123,1,Bad retention and customer harassment,"I am totally disappointed with the Myntra shopping experience, I didn’t use my Myntra account for sometime and today when I came back, I noticed that I was charged 150 rs shipping fee even when my order exceeded the minimum shopping price for free delivery. So I find this notification that there is some fair policy and all. I immediately checked my order history and it’s showing empty and don’t see anything in order archive even. I wanted to check how have I abused the fair policy. When you say easy returns and all, and on the other side you say abusing fair policy. So I need to understand this policy and this should be mentioned prior to our shopping experience and not later. Rather than customer satisfaction you are harassing the customer. Also on calling the help desk, they are of no help and no email address is provided to have a formal discussion over email. This is seriously pathetic and annoying. You should seriously have better policies in place to have better customer satisfaction and if the product doesn’t suit the customer, they will return it, like if we buy things from a shopping mall and return, they don’t charge us extra. This is an unfair and absurd policy.",2019-08-27T17:14:14.000Z,0,4.1908.0,https://apps.apple.com/in/app/myntra-fashion-shopping-app/id907394059
appstore_in_3712836587,app_store,IN,Sana Dadani,1,Very disappointing and unsatisfactory service,The primary goal of the app is to be customer friendly and to be of service and when failed on this regard to be of help but this does not seem the case with this app. I ordered a jacket for which the all inclusive bill was shown 471 but on delivery the product bill was 620 because they added delivery charges to it which I do not oppose but I want to be well informed about it. On calling the customer care they tell me that if I had done bank transfer the bill would have shown it but did not show because it was COD. Well then thank you for playing surprise surprise with the customers who have ordered it with COD. Also then the product comes in defective not once but twice! And on complaining they say that I have to wait 72hours for the complaint to process and then additional time for the exchange to happen. Gee thanks!! Now I not only have paid a surprise 149 Rs but don’t even have the jacket to take it where I want to. Thank you Myntra for being a part reason for me getting hypothermia. The best part is on complaining all they have to offer you is a pretend sorry and nothing else. Thank you again Myntra now I have another sorry to add to my jar :),2019-01-30T13:50:29.000Z,0,3.25.0,https://apps.apple.com/in/app/myntra-fashion-shopping-app/id907394059
appstore_in_13794461306,app_store,IN,Nands1110,1,Recent changes making it difficult to use the app,"I’m a user of Myntra for more than 6 years now. It has been my go to place for everything that I need to shop in terms of apparel and footwear. Recently ahout 2 months ago maybe a few changes were done to the interface and now when search for let’s say “jeans”, I’m unable to see the number of products under the jeans category. This # is available in filters, but not on the main screen where you scroll and select. This had made me dislike online shopping on myntra because I have no clue how many products exist under a specific category and how many I have viewed while scrolling. Not sure why this change was made but to the UI team, I hate it and sure a lot of other do too. Too much uncertainty.
Secondly, I’m unable to scroll after probably seeing 100 options when there are actually 10k+. It just doesn’t take me beyond a certain point which seems like a bug or maybe for birthday sale you’re doing this. Whatever it is, it is bad. 


Please fix this, otherwise you’re losing out on at least 3 loyal customers ( people attached to me who became myntra shoppers)",2026-02-27T10:19:33.000Z,0,4.2602.10,https://apps.apple.com/in/app/myntra-fashion-shopping-app/id907394059
appstore_in_12788637612,app_store,IN,Tanuu@2005,1,Scammmm,"I am extremely disappointed with my recent shopping experience on Myntra. I had ordered a white handbag from the brand ALDO, but to my surprise, I received a white bag from a completely different brand. I was very careful while placing the order and double-checked everything, so I was sure there had been a mistake in the delivery. I immediately raised a complaint and expected Myntra to take responsibility and resolve the issue. However, to my shock, my complaint was declined, with the reason given that the correct product was delivered — which is absolutely not true. I did not receive the ALDO bag I paid for. It’s very unfair to reject my return request without properly verifying the issue. This kind of careless handling is not acceptable, especially from a trusted platform like Myntra. I spend my money expecting quality service and genuine products, but this has been a very frustrating experience. I request Myntra to please look into this matter seriously, allow the return of the wrong item, and help me get either the correct ALDO bag or my full refund. I hope my concern is taken seriously and that the company improves its service and support in future.",2025-06-18T12:49:41.000Z,0,4.2506.11,https://apps.apple.com/in/app/myntra-fashion-shopping-app/id907394059
appstore_in_11352687512,app_store,IN,srrrriish,1,Poor customer service and often sends used or wrong products,"The service is so poor and they send wrong products , products with missing tag , worn or used out products multiple time and then they refuse to accept their mistake and hence refuse for refund, Been using this app since 8-9 years now and the services get poor with each passing year , I ordered a blue top of size L and I received a yellow top size xs and of completely different patten when I reached out their customer service at first they gave false claimed of resolving my issue in 24hrs, then I had to call multiple times for multiple days with each time they saying will solve in next 24 hrs , like if u order from Myntra and receive a wrong product be ready for the mental torcher everyday u will have to call then and remind them of their work ,okay moreover this much of negligence wasn’t enough  they refused to accept their mistake later and hence refuse to refund. They make all this fake programmes in their app “ Myntra insider” , “ Myntra select member” “ Myntra elite” but do not care a bit about their loyal customers I will suggest to not use this app unless u don’t mind wasting your money 🙂",2024-06-07T06:50:29.000Z,0,4.2405.10,https://apps.apple.com/in/app/myntra-fashion-shopping-app/id907394059
appstore_in_14337717758,app_store,IN,Salvatore2345,1,Delivery delayed and useless service.,"If you guys can’t deliver the products then why bother even running a shopping app and showing products available!!! It’s been days and whenever i order something whatever it is, it never reaches me! While ordering they show the delivery date and when that date actually comes they never actually deliver the product! Multiple products of mine never went out for deliver always the same delivery delayed!! I can understand if it’s once or twice but multiple times in every single order of mine? I even tried ordering from 2 different accounts still, in both accounts the product was never delivered!! And the customer service? It’s just a bot sitting behind my screen and giving me same old 2-3 options that never includes the real problem, there is no option to write your query yourself!! How am i supposed to explain my problem if i don’t have any means to. Even their call option only includes choosing options and dialing 1,2,3…like there’s no accountability or way to reach the customer support! So disappointed in this app, useless, wasting my time and patience!!",2026-07-23T09:24:14.000Z,0,4.2607.20,https://apps.apple.com/in/app/myntra-fashion-shopping-app/id907394059
appstore_in_12963434645,app_store,IN,Goru Mina,5,Myntra aap review,"User-Friendly Interface:
Many users find the app easy to navigate and appreciate the intuitive design. 
Wide Selection:
Myntra boasts a vast collection of fashion and lifestyle products, with a variety of brands and styles. 
Personalized Recommendations:
The app's ability to suggest items based on user preferences is a well-liked feature. 
Fast Returns (sometimes):
Some users have reported positive experiences with Myntra's return process, with quick refunds and courier pick-ups. 
Secure Payments:
Myntra offers secure payment and EMI options, making it easy to purchase items. 
Negative Aspects:
Delivery Issues:
Some users have experienced delayed deliveries or inconsistent delivery times. 
App Performance:
Occasional problems with the app hanging or not working smoothly have been reported. 
Return/Exchange Headaches:
A significant number of users have complained about difficulties and delays in the return and exchange process. 
Price Concerns:
Some users find the prices on Myntra to be higher than on other platforms. 
Potential for Fake Products:
While Myntra aims to maintain quality, some users have expressed concerns about the possibility of receiving fake or low-quality items. 
Customer Service Issues:
Some users have reported negative experiences with Myntra's customer service, including slow response times and unresolved issues.",2025-08-01T15:21:49.000Z,0,4.2507.20,https://apps.apple.com/in/app/myntra-fashion-shopping-app/id907394059
appstore_in_12103691107,app_store,IN,Jàss,1,Senseless customer support,"I have purchased a premium shirt costing around 9k from this app and it took a week for product delivery. Since there was a sizing issue I returned the product with bigger size and when I cross checked with brand sizing I found the sizing guide on this app was wrong. Any ways my return order was accepted but it never reached out to me. I never received any call from any delivery guy. But these guys are very smart to out a fake update on my order that the quality check failed. After complaining about my delivery experience the return was reinitiated and again same story, the product was never delivered and fake updates are always made without fail. After speaking to customer support many times, there was no resolution to my issue and finally I got an answer that that they had reached the reattempt limit and now nothing can be done. This app people are blindly trusting their delivery partners and not even listening to what the customer is trying to say. I suggest to not to buy from these cheap online platforms and buy directly from the brand stores.
It’s a cheap app for cheap products with cheap support…",2024-12-25T11:18:12.000Z,0,4.2412.20,https://apps.apple.com/in/app/myntra-fashion-shopping-app/id907394059
appstore_in_10296201671,app_store,IN,royalarjun001,1,Title: Extremely Disappointed After Years of Use,"I've been a loyal user of Myntra for over 7 years, but my recent experience has left me extremely disappointed and frustrated. I ordered a product that not only arrived significantly delayed but was also defective upon arrival. This would have been manageable if the customer service had been remotely helpful. I made numerous calls to both the customer care and the delivery agent in hopes of resolving the issue. However, instead of assistance, I was met with unhelpful responses and a rude attitude from the delivery agent. It's disheartening to see the quality of service deteriorate so drastically after years of being a dedicated user. The whole experience left me feeling undervalued as a customer. The lack of accountability and the dismissive behavior I encountered during this ordeal is truly disappointing. As a result, I've been pushed to my limits and reluctantly decided to delete the app. I sincerely hope that Myntra takes this feedback seriously and works on improving their customer service, delivery process, and overall user experience. It's sad to see a once-great app fall so far from its former glory.",2023-08-25T02:56:38.000Z,0,4.2308.10,https://apps.apple.com/in/app/myntra-fashion-shopping-app/id907394059
appstore_in_9418912877,app_store,IN,ms_saquib,1,Pathetic return experience since few months.,"Myntra cheating people saying hassle free return, currently they are running a business model in which you get product hassle free but when you try to return they will full of hassle full return. Worst, pathetic, disgusting, painfull every word will seems less if you want to return any product from Myntra. Please do not believe in return model of Myntra it's pathetic now a days since past 4 months. I am cancelling my ordered products just to fear of return policy from Myntra. Really shamefull!!!
I ordered a product but I got different product from same company and I want to return that product but since from 7 days they are making us fool by saying we will look into the issue and now they are giving a date of reply which is beyond my return period. From past few months myntra is pathetic man really pathetic. I already shared the details of product and even picture of product with tag intact and barcode too. Too return a product if this is the behaviour why will I buy from you guys then. I literally cancelled few orders in fear of thinking what will happen if I got wrong or damaged product.",2022-12-21T07:04:37.000Z,0,4.2212.0,https://apps.apple.com/in/app/myntra-fashion-shopping-app/id907394059
appstore_in_14070104759,app_store,IN,gunnxvi,4,Missing Feature Issue,"Hi App Development Team, I am writing this review to let you know how I miss this feature of Myntra app - to be able to browse “More of the same brand, type or color” items - was one of the best user experience features IMO. Instead, there is this “Similar” feature or other enhanced discovery features at the bottom of product details, which are not as effective while browsing. It would be really helpful if you could bring back the “More items of similar color, type, or brand” options.

Also, an additional feature I would like to request - please disable or cross out the products that are out of stock in the same series. For example, if we open a product page, we could see multiple other products in the same category (either color or design). It is not until we click on each of them that it shows out of stock. It should already be crossed or greyed out like in Amazon/other apps.",2026-05-16T08:05:41.000Z,0,4.2605.11,https://apps.apple.com/in/app/myntra-fashion-shopping-app/id907394059
appstore_in_5405751743,app_store,IN,kuldeep patil,1,Frauds,"I had ordered an Indian Terrain Black T-Shirt and due to fitting issues placed a return request. The Myntra delivery person came to my home and asked for return item. So like every time just handed it over. Then received a message saying “your return has been rescheduled and will be picked up by tomorrow “next day the fu..k..ng person came to home asking for a return item. I told in irritation that you only collected last say. He said yes I remember. Then I received same return rescheduled message and no one came to home. After 2 days got messages saying Return has been cancelled.
I called up customer care and explained the scenario they registered a complaint. After
Few days got notification stating incident has been resolved successfully . after calling customer repetitively they don’t even track who picked up the T-shirt. Now finally due to useless operating model of Myntra I lost my 700 . This happened with first time. Their escalation team too don’t have any idea after looking at their system. I am going delete Myntra app permanently and never ever again shop with these fraudsters . I shall explain this to all my known people . 
Good bye Myntra no more shopping with your fraudulent e-commerce company.",2020-01-15T07:49:26.000Z,0,4.2001.1,https://apps.apple.com/in/app/myntra-fashion-shopping-app/id907394059
appstore_in_11071445243,app_store,IN,Nithya Rajan,1,MYNTRA IS CAPABLE OF SINGLE PACK SUPPLIES ONLY,"Dear Myntra Team,

I am calling you out here in this platform so that someone responsible will get to the bottom of the issue. During the Myntra Sale I had ordered more than 30 items. While the supplies started it never really occurred to me to cross check whether all items ordered are delivered coz that’s what we call “TRUST”. Unfortunately I was able to catch that House of Pataudi Kurta set was not delivered and reported the same. I was told that the window for reporting this issue is 72 hours and that I have crossed it. Then I immediately checked all deliveries and found that one more sandals was shown delivered but missing and reported it. I received a refund for that. 2 days later another delivery showed delivered but was not - Berrylush pink set. I have reported that too and now the customer support says that the logistics had delivered. End of story dot. So essentially I have lost my money on two items. Practically paid for it only to be told that it’s been delivered like Magic. No OTP system like Flipkart. I will NEVER EVER ORDER AGAIN IN BULK. Coz apparently it becomes Caveat Emptor. I will not let it go. I will take it up in consumer court.",2024-03-22T05:31:21.000Z,0,4.2403.11,https://apps.apple.com/in/app/myntra-fashion-shopping-app/id907394059
appstore_in_10150114609,app_store,IN,………n😡💯,1,Worst Refund policy and customer support,"I tried to place order on 13th July and and amount debited but order not placed , 2times happen same thing , next day when I called customer support, they said amount will be back to source within 24hours by the time order placed , on 15th morning I got amount for one order but 2nd still stuck ,again coordinated with Myntra customer support, now call transferred to escalation desk and Kavita said wait for 72 hours from the time order placed but still amount not credited . Again called on 15th same statement received from Ritik(escalation desk)…I told everyone bill will be generated and then what will I do…No body tried to help me except giving Tat of 72 hours , Moreover , when I asked Kavita that is there any issue going on with Myntra Payment gateway…she confirmed No then on 14th again I tried to place the order but again amount debited but order not place, please credit back my amount Rs 5991, tmw is last date to pay the bill, Pathetic customer support team including supervisor, associates…No body tried to understand my problem 
PFB last 4digit of my order’s id
Order ID # 5620
Order ID # 5001
Order ID # 8303",2023-07-17T11:59:52.000Z,0,4.2307.10,https://apps.apple.com/in/app/myntra-fashion-shopping-app/id907394059
appstore_in_9820226325,app_store,IN,Yadav Pragati,1,Hard to connect to customer care,"I bought bobby brown foundation which is worth 4100 , the bottle was looking fine from outside but when i tried to pump out the product it was found to be empty, i raised complain regarding this on myntra , one of the executive said issue will be resolved on 14 april but there is no update regarding this so tried to call on customer support the waiting time was 20 min , then raised to 35 then 40 and the 55min so i tried to connect on chat section and after waiting for a long time i connected to an agent and without even hearing my issue he marked the conversation as resolved , again when i connected to next agent he gave me next date, they end the chat if they have to wait for more tha 30 seconds and we are waiting for 45 min to connect to them ,just like you have your job to do ,your customers time is also precious we are also working somewhere , we also dont have 55min to waste on a call just to connect to an agent and if somehow agent is connected he is not able to help , if the staff is not sufficient and i got the empty product then the mistake is all yours , why i am suffering .",2023-04-14T09:55:04.000Z,0,4.2304.10,https://apps.apple.com/in/app/myntra-fashion-shopping-app/id907394059
appstore_in_9513165565,app_store,IN,sheen0301,1,Disappointed,"Severely disappointed with Myntra. I have been buying from here since so long and easy returns they say, it is the worst. I bought a Roadster faux jacket on 7 jan I suppose and didnt quiet liked it plus the pocket was a bit torn. I tried returning the jacket and the pick up agent accepted my return request after checking the tags. Once it reached the main center I got a mail that it was rejected. I contacted support being an icon member and they said they’ll investigate and let me know. Next day, I asked the same pick up partner why was my return rejected you saw the tags and they were intact… right? He said yes they were intact and they will give you the refund back. In the end they rejected the request and said that they will reship the jacket to me. After this I contacted the support again and they said they are looking. Since then I have reached out to support 3 more times and they said wait till 16 jan. We will resolved your issue and still there  is  no resolved and the myntra app states as resolved. The jacket was in 3000s range and my money and product both are stuck with mo updates. Worst app, never buying from you again.",2023-01-16T08:59:23.000Z,0,4.2301.10,https://apps.apple.com/in/app/myntra-fashion-shopping-app/id907394059
appstore_in_9394887935,app_store,IN,Priti1212,1,Rejected my return,"I have been Myntra’s elite customer since it’s inception. Recently I bought a NB shoes of white colour. On opening the box I found that it’s a black colour instead of white. Immediately I initiated return by mentioning wrong product delivered. Myntra pickup person didn’t picked up the return stating it can’t be done as colour is different and also he played that he is unable to understand my language . He didn’t even bothered to open the box and check the product and straight away rejected the pickup.
 Later I complained this to customer care. They promised that the item will be picked up but later I got a message from Myntra rejecting my return stating that they have done thorough investigation with their back end team and there is no possibility of delivering a wrong colour product. 
I was shocked that they even didn’t reached out to me to get pictures of the shoes or discuss about the return. 
This is completely ridiculous from Myntra and team to not accept a product that was delivered with a wrong colour. 
I will not recommend Myntra henceforth to anyone. This is a fraudulent company for sure with extremely pathetic customer support.",2022-12-14T10:43:32.000Z,0,4.2210.2,https://apps.apple.com/in/app/myntra-fashion-shopping-app/id907394059
appstore_in_5863634813,app_store,IN,RN0803,1,Cheaters....,"I had placed an order n received a defected product (torn one). When i asked fr a replacement, myntra logistics guys said d product is torn so cannot b replaced. The reason y i askd fr a replacement is bcos it was torn. I made several calls, bt to my surprise i find out that there is no sync or coordination between d shipping guys, the delivery guys and myntra guys. All d customer care executives seem lost, n every time i called i had to explain my case from d very beginning, even though it is all available with them. Theirs supervisors too seem lost n couldnt provide me a solution. Finally widout me even asking for it, they cancel my order n its been a month plus now n I still have nt received a call for pickup nor d money refunded. I feel cheated n looted of my money. Have been a myntra customer since the last 8 years, bt with this experience i will never ever use myntra again n will also recommend ma friends n family too, to stop using Myntra.. Pathetic service n pathetic people.
Having read other reviews i ve realised that, myntra does these kinda things a lot n many like me have lost money or felt cheated. Better not to purchase or even download this app. Worst e commerce app i ve ever used.",2020-04-25T21:31:27.000Z,0,4.2003.3,https://apps.apple.com/in/app/myntra-fashion-shopping-app/id907394059
appstore_in_12910340547,app_store,IN,No after sale service,1,Pathetic customer service,"I have been using Myntra since 2015 and I have always been an elite customer. But since last one year, I have faced a hell lot of issues with Myntra. It has been 4 to 5 times. I had faced some issue with the product (I have received used products, bad quality product). As the procedure, I raise the request for exchange / return, but the request always used to get stuck in the procedure. It became a part of my daily routine to call the Myntra customer care. And after multiple it took over a month for the product to get off my house. Every time I used to call, I was told to wait for 24 hours, but their 24 hours never came. If it would have been once it could have been ignored, but I have faced this 3 to 4 times in the past six months. It is very frustrating to call Myntra customer support every day, just to get one query resolved. It has become very annoying to shop with Myntra nowadays. I personally will not be using Myntra anymore as I cannot go through the hassle of every time putting out to a different customer support agent, and waiting for their response to get it resolved.",2025-07-19T12:03:12.000Z,0,4.2507.10,https://apps.apple.com/in/app/myntra-fashion-shopping-app/id907394059
appstore_in_6844977003,app_store,IN,Bahni Roy,1,Worst Refund Policy and Customer Support,"I had ordered an ONLY dress from Myntra around the month of September. I had some size issue with the dress which was delivered to me , hence I applied for exchange . The next day the exchanged product which was delivered to me was not at the dress I had ordered , it was an altogether different ONLY top . Hence I immediately applied for return , which was collected the next day itself. So technically I should be able to get the refund in the next 1-4 business days , instead what I saw reflecting on the app is that my return has been rejected and the product has been out on hold because it failed a Quality Check owing to the fact that it’s a different product . I mean like what the hell !! I had returned the product on the same grounds and you are showing me the exact same reason and put my refund on hold ????? Since then , I have been in touch with atleast 6-7 Myntra customer service people and everyone had the same words of assurance that I will get my refund within the next 10 days . Well guess what? It’s been 3.5 months , a new year has started MR MYNTRA , and I have still not got my refund !!!",2021-01-08T11:30:49.000Z,0,4.2012.0,https://apps.apple.com/in/app/myntra-fashion-shopping-app/id907394059
appstore_in_10014622453,app_store,IN,IGayatrimishra,1,Myntra has become worst and denies to get advanced at all,I am using Myntra from a decade now.. but there is no new upgrade on their service..7-8years back they had the same OTP policy till date.. I recently ordered some items and i gave a saved address to deliver..in which i had a number that i am mo longer use.. myntra sent the otp to that particular number ..but i do not have the number.. now they’ve not sent the otp to my mail..they can not give the otp even if i called from my registered number.. also the OTP doesn’t show on the app..i had to return those items..i got for my whole family.. pls become more advanced with all these thing.. what are the alternatives you’re providing for this issue.. pls take this as a constructive feedback and be better..i am so disappointed..my father loved the gift but i had to return it.. because you guys don’t have the alternatives for the issues.. BTW i talked to their customer agents ..at first they said they will help me with the otp.. they said wait for 24hours you will get the mag as delivered.. then again they said we don’t have any alternatives to give you pls cancel it,2023-06-09T07:08:04.000Z,0,4.2305.10,https://apps.apple.com/in/app/myntra-fashion-shopping-app/id907394059
appstore_in_6995667552,app_store,IN,Люцифер 🦀,1,Organisation of irresponsible idiots,"Myntra was the best till 2020, they got a lot of collections for everyone. Even now they are giving enough choices but only in display. Since last few months 8 out of my 10 orders were getting delivered either size or color mismatch. Sellers are spoiling Myntra’s image but the blame has to be equally shared between Myntra and their sellers. For prepaid orders they are holding customer money for at least two weeks before making a refund (including one week for delivery, 1-2 days for return pick up, almost one week for refund). For a single order I had to wait more than three weeks in some cases. 
Once the product delivered is a color or size mismatch then we have to wait for return and place another order for the same, Myntra doesn’t provide an exchange which ultimately makes us wait for longer time. And the second order used to get delivered again with a wrong product. Completely irresponsible act been happening from these people and they are least bothered even after several complaints. 
I still believe Myntra got some good collections but they are not really focusing on customer satisfaction nowadays.",2021-02-15T02:47:49.000Z,0,4.2101.2,https://apps.apple.com/in/app/myntra-fashion-shopping-app/id907394059
appstore_in_11961283528,app_store,IN,NehaMithilesh,1,Rubbish solution given to customers,"We keep getting wrong size orders, products with missing items, wrong colour items. The list goes on. They mixed up my order and kept stalling me for over a month for a 300 rs kids tshirt. Finally I was able to get the refund then recently they delivered a product with missing item. Again they kept stalling me. It all started with the customer representative saying “not to do anything regarding return or exchange we will provide a solution to you” after going back and forth they said “they can’t do anything as the product was sent by the company and it was not damaged if you haven’t received it we can’t provide a return or refund”

Yes! Seriously! This is the “solution” provided by Myntra for sending product with missing items. I am an ICON member of Myntra and have shopped for lakhs from them. Yes in lakhs! And this is what I have to experience. Sadly I will not be able to shop from Myntra anymore. The buying and return is no longer easy. This was an item worth 649 rs only but who knows they can screw me up for any of my orders worth 4000+ rs saying they can’t do anything?",2024-11-17T17:05:37.000Z,0,4.2411.10,https://apps.apple.com/in/app/myntra-fashion-shopping-app/id907394059
appstore_in_6718890570,app_store,IN,saket_goel,1,Not Received The Product.,I did not receive the product till date. The Myntra app showed delivered on the 8th of November 2020. I placed a Call Me Back request on 10th November and their executive told me to wait till 17th November. There was not a single update provided to me. I again placed a Call Me Back request on 19th November and I was told to wait till 27th November. The delivery person who delivered the same product came home and asked me for my id proof. I have not received the product till date (5 December) and I had paid for the product aldready. The Myntra executives and non co-operative and they keep on giving excuses to their company's faults. They are neither giving me the product nor REFUND. I have now been calling for my product for which I have aldready paid almost a month now. I now strictly want either my product or my refund. The team claims that they have mailed me the proof of delivery and I haven't received the mail and they refuse to mail it to me again. They refuse to tell me the name of the person whom the handed over the product. My patience is being tested way beyong limits. I want a serious action to be taken on this and I need the product or my refund ASAP.,2020-12-05T05:18:49.000Z,0,4.2011.0,https://apps.apple.com/in/app/myntra-fashion-shopping-app/id907394059
appstore_in_11971981754,app_store,IN,Sentishona,1,Myntra started delivering wrong products and making the customers harassed,"omething valuable to their customers, leaving the customers lose their money. I was all ordering from Myntra from many years, but it seems like management or the ownership has been changed and harassment just is started. I recently ordered a sketchers shoes which I never received in its original packing, and I never received the Original pricetag, which Myntra asked while returning it due to which I have to face the loss of ₹8000. Myntra denied my request just because of the price deck and not considering the other tax along with a seal tag, making me lose. Even after having a long hours of talk over the customer care of Myntra approximately, I talked for 3 to 4 hours thrice still, I have to lose my money just due to the stupid policies of me that that I will launch from last one year. You are really pathetic, Myntra. You have actually gone, pathetic. May God make you feel how a single penny actually valued and earned. Myntra, you are the worst nightmare in my life ever happened to me.. Really not recommended. They  Are they are the thief now. 🤬😡",2024-11-20T16:15:03.000Z,0,4.2411.10,https://apps.apple.com/in/app/myntra-fashion-shopping-app/id907394059
appstore_in_13743895968,app_store,IN,Hariprakash Lagashu,5,Phenomenal Shopping Experience!,"The Myntra shopping app has revolutionised my online shopping experience! The interface is sleek and intuitive, making it super easy to navigate. The wide array of clothing and accessories available is impressive. The app's search and filter capabilities are top-notch, allowing me to find exactly what I'm looking for within seconds. The high-quality product images, along with detailed descriptions and customer reviews, help me make informed purchases. And the delivery? Prompt and reliable every single time! I must also commend their customer service, which has been quick to respond and very helpful. Thanks to Myntra, shopping from the comfort of my home has never been easier or more enjoyable. I highly recommend the Myntra app to anyone who values convenience, quality, and a wide selection in their shopping experience. Five stars from me!",2026-02-13T07:38:08.000Z,0,4.2601.20,https://apps.apple.com/in/app/myntra-fashion-shopping-app/id907394059
appstore_in_10884780741,app_store,IN,Rinu1238,1,Customer service is too bad,"I have purchased products worth from Myntra one month back worth 6k. In the app it was shown as products already delivered, I contacted customer care them regarding the same as I didn’t receive any. They said to wait for 48hs to fix it, I waited patiently but there was no update from Myntra side. Since that day I contacted them each day to know the update as they was no updates from Myntra, each day they asked me wait to another 24hours as there is enquiry happening and some kind of excuses. I waited for 25 days to get an answer from Myntra side.  They never gave me a appropriate answer. At the end, they just updated saying problem being resolved and products was delivered. I felt so bad regarding it where I lost my 6k and myntra didn’t even take a step for same. It’s the first time I had such bad experience from Myntra , but got to know your customer care is just 👎🏻👎🏻👎🏻 👎🏻and never took a step to solve a customer issue. So bad experience ever. Never ever am going to purchase from this app. I strongly reccomend customer to keep cash on delivery so that you won’t loose money.",2024-01-31T12:32:46.000Z,0,4.2401.10,https://apps.apple.com/in/app/myntra-fashion-shopping-app/id907394059
appstore_in_11495914302,app_store,IN,Vanshikaa tomar,5,Fraud app,Worst app ever i have ordered a wallet they sent me another one I complained about this and have been waiting for the resolution they people approved the return request but their delivery executive doesn’t want to pick it up or i dont know rest he makes fake attempts daily and one day he picked up the product but after 4 days he came to my house and I wasn’t home at that time he didn’t contacted me neither called me then he returned the package to my mother the product I returned after 4 days he came and gave it to my mother without even contacting me so unprofessional behaviour myntra when i told thee customer service they did nothing about this after 1 month they said your request is declined because we have checked the product was dispatched properly and ended the call this is the customer service this is the reality of myntra dont shop from them!!!!!!!!DISGUSTINGG,2024-07-15T13:48:41.000Z,0,4.2406.20,https://apps.apple.com/in/app/myntra-fashion-shopping-app/id907394059
appstore_in_6473657145,app_store,IN,Ishani Desai,1,Worst customer service experience,"I’m regular buyer from Myntra, I bought a product and placed exchange order as it didn’t fit well, meanwhile I tested COVID-19 positive and on same day exchange product arrived, I denied to exchange but next day again exchange order came to delivery man. He called me and said talk with customer service. I called customer care and she told me to exchange product!!!!!!  For safety measures delivery man didn’t come as he already know about my test. After 14 days (I tested negative) I called customer care as I wasn’t able to place exchange order again (the product was still in exchange period; as per 30 days exchange and return policy) Firstly she said you can place exchange order on your own then she checked and said even I’m not able to place exchange order!!! We will contact you in 48 hours, then I got one message on Myntra application to send details of product without mentioning email id!!! How would someone send details without mail ID. After trying hard I again contacted customer care and I got reply “ you can’t exchange product as it has crossed 30 days!!”  I’m extremely disappointed for this poor customer service.",2020-09-27T10:37:09.000Z,0,4.2009.1,https://apps.apple.com/in/app/myntra-fashion-shopping-app/id907394059
appstore_in_7912492489,app_store,IN,puju 1,1,Pathetic customer service,Pathetic customer service. I had raised the complaint regarding the product that it is showing delivered but I haven’t received this item. The pathetic resolution i got that they confirmed from the logistics team that the item has been delivered. I mean come on that is why i am reaching out to you guyz that jt was showing delivered but I haven’t received it. I called these guys 3-4 times and when asked for logistics team no or any proof of delivery so that said they don’t have it. When asked to schedule call from senior then they said they will schedule it but they never call. According to them customer is lying and logistics team is god. Now customer is losing from every where as I don’t have the product and the money has been deducted. They said that neither they can’t raised the replacement request nor refund the amount as LOGISTICS TEAM confirmed that item has been delivered. Hell service. Pathetic experience. I always been loyalist of Myntra. First time raised the complaint and this pathetic resolution i got. You guys need to improve your customer services. You are losing your customer 👎🏻,2021-10-14T05:01:54.000Z,0,4.2108.1,https://apps.apple.com/in/app/myntra-fashion-shopping-app/id907394059
appstore_in_13311154468,app_store,IN,Janhitmejaari,1,Such a scam and headache,"I’m a frequent Myntra user but lately it’s been such a headache to deal with any issues - deliveries are being delayed, queries are not being resolved and customer care totally unhelpful.
One such incident has compelled me to write this review - firstly the product ordered was delayed by almost three weeks, however I kept my patience. Upon wondering where the product is, I went to my orders in the app and it was marked delivered. Now, I have no product, no communication of it being delivered whatsoever. Since then, I have been raising this concern with Myntra. Raising tickets and whatnot. The bot raised the ticket and kept on closing it. On speaking to customer care, it was marked closed as their delivery partners confirmed that it was delivered. And what about my confirmation? They would re-open my ticket and ask me to
Wait for 48 hours for a resolution. What happens after 48 hours ? - it gets closed because delivery partner said so. So after playing this game 3 -4 times now, I’m left with no
Product, no resolution and only 48 hours wait time. How much more do I have to play this game before it is resolved ?",2025-10-25T07:52:35.000Z,0,4.2510.11,https://apps.apple.com/in/app/myntra-fashion-shopping-app/id907394059
appstore_in_12874420821,app_store,IN,Bilo _.,5,Best shopping app,"Shopping on the Myntra app has been a consistently smooth and satisfying experience. The interface is clean, responsive, and thoughtfully designed, making it incredibly easy to browse, filter, and find exactly what you’re looking for. Whether you’re shopping on a phone or tablet, the app runs effortlessly without lag, offering a seamless scroll and quick loading times.

Beyond the user experience, the quality of the products is always evident. From trendy fashion to everyday essentials, Myntra’s curated selection reflects high standards. The product images and descriptions are accurate, and what you see is exactly what you get – stylish, well-made, and reliable.

Whether I’m upgrading my wardrobe or shopping for a special occasion, Myntra remains my go-to. The combination of smooth app performance and trustworthy quality truly sets it apart.",2025-07-10T08:51:22.000Z,0,4.2506.11,https://apps.apple.com/in/app/myntra-fashion-shopping-app/id907394059
appstore_in_6025537032,app_store,IN,Priyanka79,1,Inefficient service and inept customer care,"My first order on Myntra was delivered just perfectly. On time with no issues. Since then all orders have always been messed up, delayed, cancelled due to lost in transit, never on time. Just before the pandemic lockdown I was due to receive two exchanges which could not be delivered due to lockdown issues. After that it was still not delivered and there was no call centre option as they are not taking calls right now. On contacting them on social media outlet, their solution was to cancel my orders as they were lost in transit. This is how they resolved the issue. I could not raise a complaint for exchange again despite them saying I will have to as there was never any option for exchange on the app. Further to apologise they sent some Sorry coupon codes which I could not use as it was invalid. And now after all this inconvenience they have gone and locked my account. And then I keep getting emails on the latest offer. Well Myntra why is my account locked because of all your goof ups? I wonder if its CEO has ever ordered any products from his own app!! He should; it defines inefficiency!",2020-06-02T11:52:02.000Z,0,4.2005.0,https://apps.apple.com/in/app/myntra-fashion-shopping-app/id907394059
appstore_in_14088325319,app_store,IN,"Worst customer service,app.",1,Fraudulent “delivery failed” status to avoid return/exhange- terrible customer service,"I am writing this to highlight the deeply unprofessional and deceptive practices I’ve faced with Myntra. I recently ordered a skirt from their platform. While the app incorrectly shows a 'Delivery Failed' status, I have physically received the product.
Because the system falsely records the order as 'failed,' the app has blocked all options for me to initiate a return. When I contacted their customer care, they completely refused to address the issue or enable the return, despite me providing proof of receipt. They seem to be using this 'technical error' as a way to avoid their return policy obligations.
It is unacceptable that the company's internal system errors are being used to punish the customer. I have been left with a product I cannot return, and the support team is completely unresponsive to logic. Avoid using Myntra if you value your time and money—their post-purchase support is non-existent and they will leave you stranded if anything goes wrong. I am now forced to take this up with consumer grievance authorities.",2026-05-21T06:45:37.000Z,0,4.2605.20,https://apps.apple.com/in/app/myntra-fashion-shopping-app/id907394059
appstore_in_11485037033,app_store,IN,Rakhan tayenjam,5,Excellent online shopping experience,"I've been using Myntra for my fashion needs for the past few years, and I must say, it has consistently exceeded my expectations. Here are a few reasons why I love shopping on Myntra:

**1. Wide Range of Products:**
Myntra offers an extensive collection of clothing, accessories, and footwear for men, women, and children. Whether I'm looking for casual wear, office attire, or something for a special occasion, I always find what I need.

**2. User-Friendly Interface:**
The website and app are very easy to navigate. The search functionality is robust, and I appreciate the detailed filters that help narrow down my choices based on size, color, brand, and price range.

**3. Quality and Authenticity:**
I have never been disappointed with the quality of products from Myntra. They offer genuine products from reputable brands, ensuring that I get value for my money.

**4. Competitive Pricing and Discounts:**
Myntra often has great deals and discounts, making high-quality fashion affordable. The end-of-season sales and other promotions are especially good times to grab bargains.

**5. Reliable Delivery and Return Policy:**
The delivery service is prompt, and the packaging is secure. On the rare occasion that I need to return an item, the process is hassle-free, and refunds are processed quickly.

**6. Excellent Customer Service:**
Whenever I've had questions or issues, the customer service team has been responsive and helpful, resolving my concerns efficiently.

Overall, Myntra has become my go-to platform for all things fashion. I highly recommend it to anyone looking for a reliable and enjoyable online.",2024-07-12T15:45:22.000Z,0,4.2406.20,https://apps.apple.com/in/app/myntra-fashion-shopping-app/id907394059
appstore_in_6534045152,app_store,IN,kalpanachauhan7,1,Very very pathetic,Few days back i bought few things from here and i accidentally ordered wrong product and i did not even try it on i just returned it and these people rejected it by saying that it has been used and they reshipped it to me and i raised the query they closed it without any resolution  i raised the query 5 times i even send the pictures that its not used i am tiered of saying that it not used i did not even try them on they are closing my query without any resolution without informing and bdw this is about and undergarment and idk who use undergarment and then returned it logic and intelligence both failed here this is really harassing saying same thing again n again that i dun use such type of undergarment i am really fed up with there customer services really useless but i will not spare them if needed i will go to consumer court so that they will hire  educated staff and no one get harassed the way i am going through  and i am there frequent  cx since 4-5 years now so you can imagine now if they do this to their regular cx so wt can they do to new cx i dun think so i can ever use myntra again,2020-10-14T12:32:18.000Z,0,4.2009.1,https://apps.apple.com/in/app/myntra-fashion-shopping-app/id907394059
appstore_in_13017934068,app_store,IN,Navijjjj,5,Best shopping app,"Myntra has completely transformed my online shopping experience! The app is beautifully designed, super easy to navigate, and offers an amazing variety of clothing, footwear, accessories, and more. I love how the search filters make it simple to find exactly what I’m looking for—whether it’s a specific brand, size, or style.

The product images and detailed descriptions are very accurate, and I’ve always received exactly what I ordered. Delivery is quick, and the packaging is neat and secure. I especially appreciate features like “Try & Buy”, seasonal sales, and personalized recommendations that make shopping even more fun.

Customer service has been prompt and helpful whenever I’ve needed assistance, and the return process is smooth and hassle-free. With Myntra, I feel confident about getting genuine, high-quality products at the best prices.",2025-08-15T06:27:43.000Z,0,4.2507.20,https://apps.apple.com/in/app/myntra-fashion-shopping-app/id907394059
appstore_in_11320199248,app_store,IN,🌺 🌼,1,Worst experience,"I have been a regular customer of myntra for so many years. Recently they have started to send wrong and fake products In the name of branded products they sell fake products.  I ordered a Tommy hilfiger T-shirt and what I received was without brands logo and in its place a p embroidered over chest area. Upon raising the return request since the item received didn’t match the item showcased on the app, they just refused to refund/ return even though all the pictures of wrong products were shared by me. All they could say for this was they have checked the video and although they understand but they cannot do anything. When asked about the video which they were telling as proof they refused to share on basis of which they were claiming to have investigated. No details of any investigation was shared and they just say sorry and we as customers have to bare all the costs of their wrongly delivered stuff. All this despite several emails and calls and still nothing. This was the second incident in just 3 months. I am never buying anything again from myntra.",2024-05-29T14:04:50.000Z,0,4.2405.10,https://apps.apple.com/in/app/myntra-fashion-shopping-app/id907394059
appstore_in_6506153078,app_store,IN,titanium customer,1,Pathetic customer service,"So I bought a product which did not fit me well. As I wanted to return the product but there was no return tab available. The description still mentioned 30 days return policy on the product. I struggled for 10 days continuously to get the return requested through customer support. The patent reply you will get to hear when talking to customer service representative is “sir,please wait for 24 to 48 hours and we will get back to you which never happens”. Now what they did is after generating my return request is ,they updated the pick up address wrong. The phone no. Is correct, the return product is the same and the address have changed states all together. I stay in Maharashtra and the pick up address that showed was of Bihar. Certainly done on purpose. Now when I reported this to the customer care, they are still like wait for your life time to return the product when it’s their fault because they updated the pick up address. And when I am writing this,the return is yet pending. Please do not shop from this app as they do not value customer and their mental peace.",2020-10-06T10:39:31.000Z,0,4.2009.1,https://apps.apple.com/in/app/myntra-fashion-shopping-app/id907394059
appstore_in_11813842423,app_store,IN,Vamshi L,1,Irresponsive servic & fooling customers,"I ordered around 5k items , my items were reached nearest hub and about to deliver today, but suddenly I checked myorders and I got to know that "" my orders were cancelled as per my request "" itseems .how shameful to service- problem was there at myntra end and showing that problem as I cancelled itseems . i called customer care and they clearely told it was there Delivery technical issue and product was not deliverd.  They said to reorderd again. How can reorder as I was planned to buy these items for my festival.  Hello myntra - should I order items after my festival ah ? Be responsive for the customers on there booked items until it reaches the customer home. Or else update evrything to customer if it was unable to deliver. Dear Myntra u had good fame in market. Dont loose it with one customer .   As a small hole can make myntra a loopHole to universe bigbang theory effect.
And Iam unsatified with myntra.  I spread negative only to my surrondings bcz they should also never disatisfiy from u in further. I am chaging my shooping service App and make to change to another shopping service App.",2024-10-09T08:24:16.000Z,0,4.2410.10,https://apps.apple.com/in/app/myntra-fashion-shopping-app/id907394059
appstore_in_10049031196,app_store,IN,xyzrdt,1,They cheat their customers,"I ordered a white shirt from Myntra of roadster life and co. of size 42, during their sale.. when I received the order I got 44 so considering it be a genuine mistake I initiated an exchange and to be on safer side placed another order of the same shirt.. but when I received the exchanged product , it was altogether a wrong shirt.. so had a conversation with their customer care and asked them to make sure that another order which i m about to receive should be the correct one.. the customer executive was so confident that they ll make sure the product I ll receive will be the correct one.. but no.. again  received the wrong product!! I spend 45 minutes talking to their supervisor about the same and they gave me a surety that a serious complain will be registered and the management team will call me within 24 hours.. 
but guess what, within minutes of talking to the supervisor, they closed my query!!! 
Worst worst customer care services.. taking advantage of the customers and cheating them .. cos lately I had to order the same shirt at an increased price!!",2023-06-19T05:57:04.000Z,0,4.2306.10,https://apps.apple.com/in/app/myntra-fashion-shopping-app/id907394059
appstore_in_8657010113,app_store,IN,ShekharJD,2,Misuse of return policy,"I ordered a black UA track pant (joggers) from Myntra costing me around ₹4700. After receiving the product i noticed the color was somewhat smoky black which looks like a faded one and also the item that displayed on the page had elastic cuffed bottom which the received product lacked. Within 10 mins i placed a return request and within another 15 mins the order got picked up. I stated my reason for return as “no longer needed” and after sometime i remembered that i needed to cite the reason of “different item received” but since i already gave the former reason i could not change the reason afterwards. After the pickup, in the evening hours they held the product on account of “wrong product received” and failed the quality check. Such a horrendous shopping experience. Too bad!!! Wont refer anyone to myntra.

Interestingly afterwards i wanted to review my experience but i tried to write that this was a horrendous experience but they now even held my review and didn’t approved it …

A big blow of ₹4700 !!!",2022-05-10T15:26:24.000Z,0,4.2203.2,https://apps.apple.com/in/app/myntra-fashion-shopping-app/id907394059
appstore_in_14077406082,app_store,IN,Himanshi h,1,Frustrating to shop from Myntra,"Hope u guys read this and try to improve the user experience.
1- You guys have onboarded so many brands which are selling same product and some brands which are selling really low quality Chinese clothes I guess and I have no option to just block them so that I don’t see these again.
2. I put so much effort in putting filters when I am specifically looking for something but the moment I switch to another app to do anything I go to either the Home Screen or scrolled up the start of the search and then I go through that same clutter of pathetic clothes with those Korean or foreign models I cannot start from where I left off last. like literally Myntra has become shein type app just the worse part the no. Of products are so much much more either give option select the brands that I can block so that I stop seeing this garbage in my profile section itself or select the brands that I want to see. Like from last 2 yrs every time I open Myntra I start feeling that it’s better to just go to a store and buy clothes.",2026-05-18T06:12:07.000Z,0,4.2605.20,https://apps.apple.com/in/app/myntra-fashion-shopping-app/id907394059
appstore_in_11743622335,app_store,IN,Sudarshan v patil,5,Comfortable and Stylish,"I recently purchased the Snitch Men Blue Relaxed Mildly Distressed Jeans, and I'm absolutely loving them! The relaxed fit is perfect for a casual, laid-back look, and the mild distressing adds a touch of edge to the overall design. The jeans are incredibly comfortable, with a soft and flexible material that makes them perfect for everyday wear. The blue color is a great shade that pairs well with a variety of tops and shoes. I've received numerous compliments since wearing them, and I've noticed how versatile they are - dress them up or down, and they always look great! Pros: •⁠ ⁠Comfortable relaxed fit •⁠ ⁠Stylish mild distressing •⁠ ⁠Soft and flexible material •⁠ ⁠Versatile and easy to pair with other pieces Cons: None so far! Overall, I'm thoroughly enjoying these jeans, and I'd definitely recommend them to anyone looking for a comfortable and stylish addition to their wardrobe! Feel free to modify or add to this review as you see fit!",2024-09-20T06:51:40.000Z,0,4.2408.20,https://apps.apple.com/in/app/myntra-fashion-shopping-app/id907394059
appstore_in_12114521684,app_store,IN,Ammmmmmmy123,1,Worst e-commerce customer service,Myntra has the worst costumer service in entire e-commerce market. They are cheat. They dont have communication within their own teams. A customer service cannot connect with the logistic team. If you order something you should not return or cancel here otherwise you are doomed. They will give youdates after dates after dates and no one is actually responsible for your ticket. No one is working on the ticket you raise. And not just me everyone i talked with had similar issue. Someone is trying to get refund from months someone is trying to get a return and replacement. They will say you the package was not returned properly or this is not the correct order which you are returning. I ordered 3 times and all these 3 times i faced different issue. Either it was return. Refund. Cancel. No one is working on it. Customer service will tell you they dont have current knowledge on the status want 24 hra. Next day you will not get any update then you explain same problem to different Customer service guy and loop goes on. Its A FRAUD COMPANY.,2024-12-28T04:50:36.000Z,0,4.2412.20,https://apps.apple.com/in/app/myntra-fashion-shopping-app/id907394059
appstore_in_10991402569,app_store,IN,Supriya Sharma Katara,5,Cash back always stuck Bad Experience,"Thousands of rupees I must have spent on getting stuff from Myntra, but on a few returns the cash back which I chose to keep in the Myntra account never could be redeemed. It keeps asking for an OTP which they never send. They can’t sync the phone and email in some special area that they only know of. When you contact the customer care, they tell u of a long process of sending an email and follow thru. I followed up and send them my Adhaar card as if proof they demanded. Later only to know they have collected my data and then say we need pan not Adhaar. I sent that as well. Yet my cash back can still not be redeemed and all they can do it stall it till it’s expired. What way to do such fraudulent activities. Very Bad Experience. My Advice, if u return an item don’t trust Myntra with ur money, you may never get to redeem it.",2024-02-29T06:34:14.000Z,0,4.2402.10,https://apps.apple.com/in/app/myntra-fashion-shopping-app/id907394059
appstore_in_13956084186,app_store,IN,Jawliya,5,Use Myntra app❤️❤️❤️❤️,"I’ve been using the Myntra app for over 2 years now and it has genuinely become my go-to fashion app. The interface is super smooth, clean, and incredibly easy to navigate — even my mom who isn’t very tech-savvy finds it simple to use.
What I love the most:
•  Huge collection of original brands and trendy styles. From casual wear to ethnic, sportswear to party dresses — everything is available.
•  The filters are actually useful! Size, color, brand, price, discount % — I can find exactly what I want in seconds.
•  Lightning-fast search and excellent recommendations. It really understands my taste now.
•  Great offers and bank discounts almost every week. I’ve saved so much money during their End of Reason Sale and Big Billion Days.
•  Super convenient COD + easy returns. Return pickup is hassle-free and refunds are quick.
•  Quality of images and product descriptions are top-notch. What you see is almost always what you get.
•  Wishlist and “Save for later” features are perfect for tracking favorite items.
Delivery is usually on time (often earlier than promised), and the packaging is neat. Customer support is responsive too.
If you love fashion and want a premium yet affordable shopping experience, just download the Myntra app. You won’t regret it! 💖
Highly recommended! 5/5 🔥",2026-04-14T06:35:31.000Z,0,4.2604.10,https://apps.apple.com/in/app/myntra-fashion-shopping-app/id907394059
appstore_in_12047419576,app_store,IN,Hansmani,5,New India do Myntra,"5/5 Stars - A Decade of Exceptional Shopping with Myntra!

I've been a loyal Myntra customer for over a decade now, and my experience has been consistently outstanding. Myntra has become my go-to platform for all my shopping needs, and I've never had a reason to look elsewhere.

Key Highlights:

•⁠  ⁠Wide Product Range: Myntra's vast collection caters to my diverse shopping needs, from clothing to accessories.
•⁠  ⁠Authentic Products: I've never encountered a counterfeit product, ensuring a worry-free shopping experience.
•⁠  ⁠Timely Deliveries: Myntra's logistics are impressive, with prompt delivery and flexible scheduling.
•⁠  ⁠User-Friendly Interface: The website and app are intuitive, making navigation and checkout seamless.
•⁠  ⁠Competitive Pricing: Regular sales, discounts, and offers make Myntra a value-for-money destination.
•⁠  ⁠Excellent Customer Support: Responsive and helpful customer care resolves any issues quickly.

Why I Choose Myntra:

•⁠  ⁠Trust: Myntra's reliability and commitment to quality have earned my loyalty.
•⁠  ⁠Convenience: Easy returns, exchanges, and refunds make shopping hassle-free.
•⁠  ⁠Variety: Myntra's partnerships with top brands ensure I find the latest trends.

Rating Breakdown:

•⁠  ⁠Product Quality: 5/5
•⁠  ⁠Pricing: 5/5
•⁠  ⁠Delivery: 5/5
•⁠  ⁠Customer Support: 5/5
•⁠  ⁠Overall Experience: 5/5",2024-12-10T13:27:44.000Z,0,4.2411.20,https://apps.apple.com/in/app/myntra-fashion-shopping-app/id907394059
appstore_in_10376962093,app_store,IN,Prianca91,1,Fraud app now,"I ordered a sandal but it was big size for me then i place exchange for the same. On the 14th September ekart executive came and oucked the product in evening near around 7:15 pm but didnt hand over a exchanged piece to me when i asked him about where os exchanged product he said it will deliver soon by another delivery executive and he left with the product. It was bit weird for me because i got a message just after he left that exchange product delivered but no product recieved and when i called the Myntra customer care they just asked me to wait again and again first they asked me to wait till 18 September 2023, and assured me that it will resolved by 18 September maximum but when i call again after wait 4 days they just asked me to wait till 20 September again. No solution received yet from mantra side they are just mentally harassing their customers. I willnot recommend   anyone to this app . You are just doing fraud and torture. Very bad experience this time. I will not use this app again for shopping. I will also complaint them on cyber crime unit and consumer court.",2023-09-17T07:45:19.000Z,0,4.2309.10,https://apps.apple.com/in/app/myntra-fashion-shopping-app/id907394059
appstore_in_12692163880,app_store,IN,Sonal❤️🫶🏻,5,My shopping experience with Myntra !!,"I’ve been shopping on Myntra for a while now, and I’m impressed with my experience. Here’s a review based on my personal observations: Myntra offers an impressive selection of clothing, footwear, and accessories, catering to various styles and preferences. Whether I’m looking for the latest trends or classic staples, they have a broad range of options from both well-known and emerging brands. The variety helps me find exactly what I need, from casual wear to more formal attire. Myntra has become a go-to shopping destination for me due to its extensive product range, user-friendly interface, and good customer service. The combination of variety, convenience, and competitive pricing makes it a reliable choice for fashion and lifestyle needs. I’d recommend Myntra to anyone looking for a comprehensive and enjoyable online shopping experience.",2025-05-24T11:36:58.000Z,0,4.2505.11,https://apps.apple.com/in/app/myntra-fashion-shopping-app/id907394059
appstore_in_9539043685,app_store,IN,Sebani Rai,1,Sad Experience/ utterly disappointed,"I keep shopping from Myntra every week and there are day every single day I order this time I had placed and order for 3 sweater and they did not fit me also the quality was poor and one of the sweater has stain in it hence I requested for return however Myntra did not accept my return even when the return is initiated the same day the product is delivered immediately after I opened and saw I realised it was small in size for me and transparent too, but Myntra is not at all accepting rerun request it’s sad to see that they make customer suffer now those sweater are of no use for me and when I tried writing feedback on the app they did not approve it.
What is the point of buying online if there is no rerun request is accepted even when the product is within rerun policy I don’t think so we should trust Myntra anymore company grows become big and let customer suffer even the customer support executive are just marking my request as resolved without resolving it without having any conversation.
Very sad customer service..POOR MYNTRA",2023-01-23T14:41:08.000Z,0,4.2301.10,https://apps.apple.com/in/app/myntra-fashion-shopping-app/id907394059
appstore_in_14285835496,app_store,IN,love&mia,5,A Blind Buy That Turned Out Amazing!,"was just scrolling through Reels when I came across a perfume expert talking about different fragrances. I’m not really a perfume person—I usually prefer body mists—but the way he described Ajmal Raindrops really caught my attention. He explained its notes and why it’s such a popular fragrance, and I found it genuinely interesting.

I thought, “Why not give it a try?” So I ordered it from Myntra. Since I don’t usually wear perfumes, I wasn’t sure if I had made the right choice. But when the parcel arrived today, I decided to try it anyway.

The moment I sprayed it on, I absolutely loved it. It smelled so beautiful, and I was honestly surprised by how much I liked it. I’m really happy that I decided to buy it. It turned out to be a great purchase, and I think this might be the perfume that changes my mind about wearing fragrances!",2026-07-10T12:04:18.000Z,0,4.2606.30,https://apps.apple.com/in/app/myntra-fashion-shopping-app/id907394059
appstore_in_9861975994,app_store,IN,Srishi_05,1,Worst Experience after remaining a loyal customer to Myntra,"One terrible incident and it broke all my trust. I order few products from Myntra and due to size issue had to return 2 same products in different sizes. Delivery guy came and picked it up. No pickup confirmation was sent and Myntra kept on scheduling more pickups. I registered this complaint with their help centre and got no revert. After multiple follow up and calls they told me that they will update on this issue in 3 business days in the app. As soon i started checking the app for update it started crashing. Now I'm unable to track the progress of my complaint because the page shows error. I received message for new update in complaint but unable to check because of their stupid issue. And now i see that the issue has been marked automatically resolved. I think I'm not gonna get my money refunded ever. After being a loyal customer for so many years, i am no more willing to use it ever again. For others, please be careful, coz if anything happens Myntra won't be able to help you.",2023-04-26T05:02:50.000Z,0,4.2304.20,https://apps.apple.com/in/app/myntra-fashion-shopping-app/id907394059
appstore_in_9763938115,app_store,IN,Temp_sud,3,Logistics is degrading,"Over the past years I had full trust on every item I bought on Myntra. Whether the price of the product is ₹100 or ₹1000, I never cared taking a video while unboxing the products. 

But this month, I am very unsatisfied with the logistics myntra is providing. It happened twice, first I received a wrong product and even after sharing the images, my return was not accepted. I didn’t take a video because earlier it rarely happened that myntra will deliver a wrong product. But this problem is increasing day by day. And my second experience, where I returned a product, delivery agent took the product as well but my return was rejected later. The delivery agent said he had everything correct in his end and return is accepted but in myntra app it was shown as not accepted. So I lost both, the product and the money.

So in all, as the company is growing, the logistics is getting poorer day by day. I am very unsatisfied with the current services.",2023-03-29T10:29:18.000Z,0,4.2303.10,https://apps.apple.com/in/app/myntra-fashion-shopping-app/id907394059
appstore_in_11964195332,app_store,IN,Unsatisfied Customer 2025,1,Very bad service,"I have recently placed an order on Myntra, due to quality issue I have placed a return request. The delivery agent has picked up the product from me and called me later stating that there were stains on the product. I told him to return back the product to the same location where he picked up. But I didn’t received the product back from the delivery agent. I contacted thrice to the customer care of Myntra. Very unsatisfied and disappointed with their response. They mentioned that the logistics team has confirmed that the product was not picked up but there was quality issue it which is why the cancelled the refund. The reality I didn’t received neither the product back nor the refund. How can Myntra be irresponsible with what their customers are facing. Myntra should have controls over logistics partners and the agents. How can you people just sorry and the close the compliant leaving the customer unsatisfied. Very bad experience, seems like you people have the customer care for name sake who doesn’t resolve the issue nor provide the solution.",2024-11-18T13:19:27.000Z,0,4.2411.10,https://apps.apple.com/in/app/myntra-fashion-shopping-app/id907394059
appstore_in_13242851377,app_store,IN,Maadhav_06,5,Impolite-fraud,"You23 Jan, 03:27 pm
I am a loyal elite member of Myntra, and I have consistently relied on your services for years without any issues. However, I am now facing a concerning problem. Instead of the METTLE track pant I ordered, I received a used local product disguised as a bubble-tailored salvar. I have always trusted Myntra and appreciated your commitment to customer satisfaction, especially in terms of exchanges and returns. It appears that a third-party delivery person may have intentionally swapped my Myntra order with a substandard item, assuming that no action would be taken. I kindly urge you to address this situation. Its not merely about the money; its about the integrity and reputation that Myntra has built over time. This matter deserves serious attention, and I look forward to receiving the correct product I initially ordered. Thank you for your understanding.",2025-10-09T06:13:18.000Z,0,4.2508.20,https://apps.apple.com/in/app/myntra-fashion-shopping-app/id907394059
appstore_in_13141170618,app_store,IN,priya cutie,5,Worst customer care support and 0 resolution support,"So my account was logged out and I put my number and I dint get the Otp, so I tried to login with my password but still it dint take and it states I cannot login and my account as been deactivated for security reasons, I called customer service more than 10 times till date and I sent an email as well, OMG these people I dono how stupid they are they could not resolve a simple problem! I have explained them that I have purchased products and I need to exchange but I got to hear only saying please wait for follow up date and when that date arrives, I get only message stating issue resolved but there is no resolution nothing and I’m still unable to login to my account how pathetic that is!! Worst app ever I would not even recommend anyone to shop from a stupid app like this!",2025-09-15T16:48:48.000Z,0,4.2508.20,https://apps.apple.com/in/app/myntra-fashion-shopping-app/id907394059
appstore_in_13617071396,app_store,IN,bhAAibgdd,5,Not just an app,"I’ve been using the Myntra app for quite some time now, and overall it’s a very convenient and reliable shopping app for fashion and lifestyle products. The app is easy to navigate, and finding clothes, footwear, or accessories doesn’t take much time. The filters for size, price, brand, and color are very helpful, especially when you know exactly what you’re looking for.

One thing I really like about Myntra is the wide variety of brands and frequent discounts. There are always sales going on, which makes shopping feel worth it. The product images and descriptions are detailed, and customer reviews help a lot in deciding whether to buy a product or not.

Delivery is usually on time, and the packaging is neat. Returns and exchanges are also quite smooth compared to many other apps, which gives confidence while ordering. Sometimes sizes or popular items go out of stock quickly, and during big sales the app can feel a little slow, but these are minor issues.

Overall, Myntra is a great app for online fashion shopping. It’s user-friendly, offers good deals, and provides a hassle-free shopping experience. I would definitely recommend it to anyone who enjoys shopping online for clothes and accessories.",2026-01-10T12:38:59.000Z,0,4.2512.10,https://apps.apple.com/in/app/myntra-fashion-shopping-app/id907394059
appstore_in_10455088882,app_store,IN,Shreya_ss5,1,Worst customer support team,"I had ordered a top that did not fit me well so I opt for exchange it with another top in larger size but it never got exchanged neither I received any call from logistics end, and when I raised my concern to myntra’s customer support team they irritated me by saying as per the logistics it is delivered. I sent them live pictures of the old top with mrp, mentioned size, bill, even outer coverage of the parcel as a proof that it is never been exchanged yet and marked as delivered, I still have my old top that I want to exchange but they give me useless resolution and told me to wait till promise date and again they sent a message that as per logistics the product is delivered and ignored all the proof and closed the ticket my acknowledgement. They are clearly telling that their customers are liars and logistics do not have any proof of what they are claiming but still they are correct. I mean I did not asked for money, I just wanted to exchange smaller size top with larger one as it did not fit me correctly but I got worst answers from the team and they completely ignored my query. I called several times and they irritated me every time by saying repeated sentences as they are not in mood of providing any resolution, they kept saying again we will re investigate wait till promise date and still I have not got any reply from their end. They treated like if I was asking to pay them money, bro I just wanted to exchange this old top that I have with me with mrp, tags, bills and everything, completely unused with another size but they behaved like they are doing favour by listening to my query. Even the executive who calls them as supervisor was saying repeated things like robot, even an AI robot is capable of giving genuine answers not repeated ones like recorder is playing multiple times. Pathetic service and did not expect this from myntra.👎",2023-10-09T09:29:49.000Z,0,4.2309.21,https://apps.apple.com/in/app/myntra-fashion-shopping-app/id907394059
appstore_in_6502155955,app_store,IN,Netra Naik,1,Worst Customer Support!,Well I wouldn't even say that they support their customers. I purchased Roadster shoes as gift for my brother and to my surprise they were already damaged but I did not bother and placed for exchange as the size happened to be big. The exchange came at the door and the shoes we had were rejected as there was pink color on it. Disheartened as I was without that being my fault I still decided to cooperate with the team and for verification. I made a call and explained the team that the color was from the shoe box (made calls-3 times). It was sad to see that even the team on call rejected my claim only for exchange for size due to the color which was not my fault. I also tried their chat support and to my surprise they kept me on hang every time I asked for update saying they will 'PROACTIVELY FOLLOW UP' AND TO WAIT 24-48 HOURS (which lasted for more than 2 weeks) and then closed the issue without even giving me any resolution. I'm stuck with a larger size of shoes that go in waste also same for my money and no gift for my brother! Totally disappointed with the pathetic support which was provided.,2020-10-05T06:50:38.000Z,0,4.2009.1,https://apps.apple.com/in/app/myntra-fashion-shopping-app/id907394059
appstore_in_6177471701,app_store,IN,A3119,1,Very bad experience and service,"I had gone through very bad experience from Myntra as I places several orders and out of that I got one defective product and the other I haven’t received it yet as placed order on 18th June and till now I haven’t received my product which I payed for, the worst thing is I’ve raised complaints several times and they marked resolved after few days without resolving my issues, due to that I requested call back multiple times and the result Is just the same as after few days they mark as the issue resolved where as there is no solution yet i do have proof to share but unfortunately there no option to share here. From here on I quit purchasing from Myntra and yes I ll share my experience with my known one’s so that they won’t experience the same. 
I feel very sorry due to it’s irresponsible behavior form their team made me to write this and yes definitely I paid from my pocket and got this kinds of very bad experience which I personally don’t want people to go through,I hope Myntra will consider this and will provide better service to it’s customers.",2020-07-09T16:58:44.000Z,0,4.2006.4,https://apps.apple.com/in/app/myntra-fashion-shopping-app/id907394059
appstore_in_3583029958,app_store,IN,surbhi baser,1,Very low quality services with zero customer satisfaction,I am a very prime customer of myntra .every month i ordered something and in recent sale i have place an order of 15k bucks. I have order one puma shoe pair and one here and now jeans and 2 jackets of fort collins. I have place the order on 20thdec and on 22nd dec i received the 2 fort collins jackets only while the bill inside the packet is of 2 fort collins jacket and one puma shoes and one hear and now jeans. I make a complaint to customer care executive with in an hour after calling to the delivery boy. They raised my complaints and after every day follow up and hours of calls on hold they said on 27th dec they will refund my profucts amount but later they call me on 28th dec and said as per our checking they already delivered the products so they cannot make the refund. I have been polite with all the executives during the conversation and be in patience for 6 days but all in vain. I really didn’t expect this from myntra. Does not even deserve this one star for the services guys. Not going to buy again and ask to the people to not go for this shopping website.,2018-12-28T08:40:22.000Z,0,3.24.1,https://apps.apple.com/in/app/myntra-fashion-shopping-app/id907394059
appstore_in_11896751698,app_store,IN,Mishralav,1,Fraud and pathetic Service,I will request all those who are reading this never to order from their site no matter what. I recently ordered a shirt for my birthday and just like all other products there was 15 days return or exchange option available. The product i recieved was too large for me so i opt for a return the day it gets delivered. Next day when the delivery person called me to pickup the refund i told him that i am out of town they can come next day. Despite which he put a remark that product didn’t matched. Its such a pathetic service from them if the product didn’t matched he must have uploaded a picture but there is no such thing. There customer support assured me that i will get a revert from them in 24 hrs its more than that. And they think they can just exploit us like that and take away our hard earned money. I will go to consumer court as i have all the evidence and chats and call details with the details. Not everyone is that easy that you can fool just remember it. I will suggest others  not to get fooled by them.,2024-10-31T18:29:14.000Z,0,4.2410.20,https://apps.apple.com/in/app/myntra-fashion-shopping-app/id907394059
appstore_in_6243564984,app_store,IN,Kankana B,1,Unacceptable Delivery Charges for maximum return!!,"Online apps are based on the feature for easy return policy. Myntra today very easily charged me Rs. 149/- for one of the accounts with maximum return of their product. They very conveniently forgot to mention that they had sent incorrectly products multiple times, not to mention so many products have wrong descriptions and had to re-order again and again to get the right size. I always returned their products immediately the next day if it does not fit, not liked or damaged with detailed reason, sometimes even sent image of the wrong product Myntra kept sending, that immediate return date should reflect on their system.

If i am to be charged for maximum return as a customer, then why does every product states easy return policy. It is a clear contradiction of the return policy.

If all online shopping apps follow Myntra’s charging for maximum return stupid concept, then they will soon shut down. Myntra need to trade carefully because as it is people are purchasing less due to Covid-19 financial situation.",2020-07-26T11:01:55.000Z,0,4.2007.0,https://apps.apple.com/in/app/myntra-fashion-shopping-app/id907394059
appstore_in_14007555318,app_store,IN,Theju_Mango,1,Very Poor Customer Service & No Delivery Even After 1 Month,"I am very disappointed with Myntra. This is not the first time I am facing issues, but this time it has been extremely frustrating.

I ordered a few items, and while most of them were delivered, one plazo pant has still not been delivered even after one month. There is no proper update, no clarity, and no accountability from Myntra’s side.

The biggest issue is customer support. When I try to call, either the call is not answered or the representative talks about completely different products and avoids addressing my actual issue. When I try to chat through the app, it is always an automated response, and I never get connected to a real person. Every time I follow up, I get the same message: “Our customer care is busy, we cannot reach you.” This has been going on for the past one month.

I also tried to cancel the order multiple times, but the app keeps showing “cannot cancel now.” If I cannot cancel and you are not delivering the product, then what exactly is happening with my order?

This is not acceptable. Previously also I faced issues where my payment was done but the order did not even reflect properly. Now again, I am stuck with no product, no response, and no refund.

If Myntra cannot deliver the product, at least provide a proper update or process the refund. Ignoring customers like this is highly unprofessional.

Very poor service and a frustrating experience overall. I would not recommend Myntra if this is how customer issues are handled.",2026-04-29T00:42:00.000Z,0,4.2604.20,https://apps.apple.com/in/app/myntra-fashion-shopping-app/id907394059
appstore_in_12863272091,app_store,IN,Riya…..,1,Never using it again,"I’ve been using Myntra for years, but I myself a surprise to say that I hate this app. I ordered few products out of which I returned one because that was totally damaged. I asked for the refund. They said they refunded to me, and it’s been five days I haven’t got my refund, and whenever you call them, they’ll be like we have refunded. We have initiated the refund to your bank account. It will be reflected within a day now. It’s been five days today. I’ve been trying to reach them from morning and it’s been 85 calls. They haven’t connected me to their assistant after 85 calls. I’ve tried to connect to them through chat. It doesn’t happen there. Also, they do not get connected on chat as well. See of my product has to be delivered today. None of them got delivered. They are so unprofessional when it comes to refunding your money when it comes to customer assistance is just awful. It hunky-dory till the time you shop from it. When the moment is there for a refund or return, they will be a pain in your ***",2025-07-07T13:48:28.000Z,0,4.2506.20,https://apps.apple.com/in/app/myntra-fashion-shopping-app/id907394059
appstore_in_10417154672,app_store,IN,Pooja soudi,1,Improper solution for the issues,"So I had ordered couple of products from Myntra and in which I received 2 of the products. The delivery partner before delivering the product he makes sure he call the person to inform that the product is arrived and that one products was showing delivery date as 3rd of October and after couple of days the product shows as delivered. So I called up customer support to raise an issue but they abruptly ended my call without giving a proper solution. I tried calling for the third time and the customer support raised the complaint and now finally the raised complaint is marked as resolved without addressing to my issue. So it’s been 10 days and I’ve not yet received my product nor a proper response to my issues. 
Moral of the story : myntra doesn’t take responsibility of the product that they have lost. Can’t track their own orders and can’t address to the issue with the solution. 

I WOULD PERSONALLY NEVER RECOMMEND THIS APP OUT OF MY EXPERIENCE. Don’t get into this trap either use any other better shopping partner than myntra.",2023-09-28T20:16:25.000Z,0,4.2309.20,https://apps.apple.com/in/app/myntra-fashion-shopping-app/id907394059
appstore_in_13274388984,app_store,IN,Fheucndjdj,1,Myntra has started cheating its customers BeAware,"I have been a loyal member of myntra an Icon customer but yesterday I received a product which was purchased during sale at a discounted rate... but the product did not fit PS it was mentioned on the product hassle free return and exchange.... I opted for size exchange which myntra did not allow me to proceed only style exchange option was available .... I reached out to support who said that since the price of the product has now increased so size exchange is not possible. My point is why was this not mentioned on the product ..... support just kept repeating one line I apologize and was just concerned about their feedback later on he connected me to his supervisor after keeping me on hold for half an hour and supervisor again came and said the same thing and he resolved my issue without even addressing it ... he said a case manager will contact me withing 24 hours but no one contacted and my issue is also now resolved 
Myntra stop cheating your loyal customers
And please have a better customer support",2025-10-16T15:53:14.000Z,0,4.2510.10,https://apps.apple.com/in/app/myntra-fashion-shopping-app/id907394059
appstore_in_13222508886,app_store,IN,Raaj Swamy,1,Never buy if you surely want the product,"Never ever buy if you definitely need the product you ordered. Chances of getting your order cancelled is high with some trivial reason. I ordered a trouser. It didn’t get shipped on time. I contacted the customer support and asked them the status they said the product will reach as mentioned in app. I waited for the order to be delivered. The day prior to the delivery I checked the app and found that my order got cancelled. I contacted customer support and one guy said that it was damaged in transport. I asked him to transfer the call to higher level support. He tried to transfer and put me on hold. After sometime the call got disconnected. I again called and this time the support said the order got canceled because the seller doesn’t have the supply. So there is no clear reason why the order got canceled.
I spent time to select the product. All the time I spent gone waste. Also my money got locked. Think twice if you are doing the purchase for festival. Chances are there you order will get cancelled",2025-10-04T13:25:19.000Z,0,4.2508.20,https://apps.apple.com/in/app/myntra-fashion-shopping-app/id907394059
appstore_in_10032184158,app_store,IN,NN0512,1,Pathetic Services,"Myntra used to be such good app but now it has deteriorated all its services. Few days back I ordered from Myntra and ordered few products twice (as i forgot to order few items i ordered the previous products and the forgotten ones in a new order). But now that I cancelled the old order it automatically canceled all my orders. When i called customer care they said as all the products were coming into the same packet it automatically cancels all the orders (both old and new), when I ask her to do something about this as it isn’t my fault neither did it show anywhere on the cancellation page that it will cancel all my orders, she said that is non of our concern it is what it is in the policy. I have never spoken to such a rude customer care executive. Now i have lost all the order both new and old and no one is there to help. It should either help me with the same or at least clearly mention somewhere on the cancellation page that all orders would get cancelled.

Pathetic services though. I miss how old Myntra used to be.",2023-06-14T09:12:07.000Z,0,4.2305.10,https://apps.apple.com/in/app/myntra-fashion-shopping-app/id907394059
appstore_in_9918116554,app_store,IN,Jinuak2,1,A shopping website to trouble their customer,"I ordered a shirt and Cargo pant which Got delivered and the size wasn’t fit, So I opted to return the product, But they said they dont have pickup in my area. “IF YOU DON’T HAVE PICKUP WHY DO YOU DELIVER” I did self Shipping to mumbai west warehouse and my product was out for delivery with the order ID and Return ID written clearly on the package with the address and they refused my package on what basis I’m still not sure . After all this hustle I had to wait for few days to get connected to their customer service. And still no help from them all they said was “ Sorry For The Inconvenience” I don’t need your sorry I need a solution. And now they want me to re-ship the product to them. I feel its a complete waste of time and money doing it again, I’ll instead burn the product or give it to someone in need. I’m rightaway uninstalling the app and never ever shopping from your site and looking for an option to block your site from my browser if possible. Waste of money and time shopping from this website. Quality 0",2023-05-12T07:15:01.000Z,0,4.2304.20,https://apps.apple.com/in/app/myntra-fashion-shopping-app/id907394059
appstore_in_8214734432,app_store,IN,Pipihcdhnbxsfhkiv nkgdbj,1,Rubbish app,"Myntra is getting worser n worser day by day. I recieved wrong product three times in a row now. Once the dress which i was waiting eagerly for a wedding, i recieved a torn tattered completely different to what i ordered n it cost me 3k. I will never use this app anymore, it’s becoming so unreliable now. Another was when they gave me shirt which was so smelly that i had to wash four five times. Very bad customer service n very rude. I think the sellers should keep an eye on their employees.

Also when I cancelled my order i never got my refund. They send me bank reference number saying the refund initiation was successful but it never reflected in my account. Also they told me to contact customer service n when i did the customer service said that if transactions done to you and it failed then would you check urself or should the sender check it from their side. I told the same thing to the myntra customer n they said sorry a lot of times n said the same thing to talk ti bank support team. No help from their side n till date i have never received my refund.",2022-01-07T15:19:35.000Z,0,4.2112.3,https://apps.apple.com/in/app/myntra-fashion-shopping-app/id907394059
appstore_in_13874779975,app_store,IN,..richa,1,Misleading Shipping Dates and Poor Customer Support,"Extremely disappointing experience with Myntra.
I placed an order for a top where the shipping date was clearly mentioned as 17th, but till now the product has not even been shipped. As a customer, I naturally expected that if the item shipped on the 17th, it would reach me before the expected delivery date of 20th. Unfortunately, I was completely wrong to trust Myntra.
There have been no proper updates regarding the shipment, and even after raising a support ticket today, I have not received any response or assistance. As a customer who has already paid for the product, I have the right to know the exact status of my order.
I ordered this product because I needed it by the evening of 19th for an important occasion, and Myntra has ruined my plans and my trust. The service quality of Myntra has been declining significantly in recent times.
I am highly dissatisfied with this experience and will not be ordering from Myntra again. Customers deserve better communication, transparency, and accountability.",2026-03-22T11:42:15.000Z,0,4.2602.20,https://apps.apple.com/in/app/myntra-fashion-shopping-app/id907394059
appstore_in_14216204244,app_store,IN,Rashpriya,5,Review,"I've been using the Myntra app for a while now and overall, it's a great platform for fashion shopping. The user interface is clean and intuitive, making it easy to browse through a wide variety of clothing, accessories, and footwear across popular brands. The filters are especially helpful in narrowing down choices. One of the best features is the frequent sales and discount offers, along with quick delivery and smooth return/exchange processes. The app also remembers your preferences and sizes, which makes repeat shopping convenient. However, the app can sometimes feel a bit heavy or slow on lower-end devices, and there are occasional glitches during checkout or coupon application. Also, customer support via the app could be more responsive. Rating: 4.3/5",2026-06-23T10:36:52.000Z,0,4.2605.33,https://apps.apple.com/in/app/myntra-fashion-shopping-app/id907394059
appstore_in_12699073592,app_store,IN,aenna sharma,2,"Delayed Delivery, call us option not working","I wad a regular customer if myntra, I recently purchased few clothing items from myntra, the showed me some deliveey date. Now two items of my bucket list is showing delivery date after 1 month. I waited for almost amonth , now the date has been shift to another 1 month. Also when I canclled the order due to late delivery, They cut my amount, they didnt gave me full refund. It was a mistake at there end hence they done have any right to cut a single penny from my amount. I was supposed to get full refund. Secondly they have contact us  feature but there, call us option doesnt works. Poor services. My whole experience just got worst with myntra. So many options are available in the market, Its better to consider them now. There services are just getting poorer. It feels most irrtated when you want to talk somebody regrading your concern but you are unable to reach out to them because there call us feature is not working.",2025-05-26T05:25:31.000Z,0,4.2505.11,https://apps.apple.com/in/app/myntra-fashion-shopping-app/id907394059
appstore_in_10141789882,app_store,IN,yoshitaN,1,Please take screenshots of the chats with customer care and ticket no,"This is to all the customers shopping on this app. Watch out for exchange returns. I had requested for exchange for this product as the size was small. The app said updated for request. No agent came to pick the product. I requested multiple times to customer care in this regard, the would update saying exchange has been initiated. However, they didn’t do anything. Now the customer care is stating that I never reached out to them earlier and now I’ve have exceeded my exchange time.  Please take screenshots of the conversations you have with customer care, cause they erase it soon after. They will deny even your complaint ever being made.  Now I have a product which I have no use for. Thanks to their unethical practices. I’m reaching out here to express my grievance but the customer care just washed their hands from this saying policy says so. It takes two people to follow the policy, there customer and even the service provider. Even swiggy does a better job than this.",2023-07-15T04:29:36.000Z,0,4.2307.10,https://apps.apple.com/in/app/myntra-fashion-shopping-app/id907394059
appstore_in_13260037173,app_store,IN,Pratham Singh Negi,1,"Myntra has turned into a scam, beware before ordering!","I ordered a T-shirt from Myntra but received a lower instead. When I placed an exchange request and clearly selected the option “Received a different item,” the delivery person refused to take it back, saying they can only exchange if the product matches the original order. He told me to contact customer care.

After I raised a complaint, they said the issue would be resolved soon. Instead, they rejected my request, claiming they had sent the correct product. I complained again and shared clear pictures showing that I received a lower (XL size) instead of a T-shirt. Still, Myntra replied that they had verified the item after “quality check” — which makes no sense since the wrong product was packed in the first place.

When I escalated the issue again, Myntra suddenly blocked my account, preventing me from tracking orders, contacting support, or even getting a callback (since they now only allow contact through the app). It feels like they deliberately silence customers who question their integrity.

After checking their social media pages, I found many people facing the same issue — wrong products, rejected exchanges, and blocked accounts.

I’m deleting this app and will never shop here again. I’ll be using other trusted platforms instead. I’m also glad my brother turned down their offer for SDE-3, at least he won’t be associated with such an unethical company.

Myntra, please fix your broken processes and stop scamming your loyal customers.",2025-10-13T06:39:45.000Z,0,4.2510.10,https://apps.apple.com/in/app/myntra-fashion-shopping-app/id907394059
appstore_in_9668677530,app_store,IN,gaayu24,1,Dissapointing experience,I am a regular customer of myntra since a very long time. However my account has been aded to some list where they always add 200 rs convenience fee to my every purchase because if which i have stopped shopping from myntra or place order from my relatives account. It states that my return rate is high however thts because of ur dissatisfactory customer care service because of which i had to return some items literally 5-6 times as everytime the problem was from ur side sending wrong size . Half of the items were ordered for a frnd on whose account cod was made unavailable. And basically it was in ur advertising days where myntra claimed that return or exchange n no questions will be asked so now what is this crap policy. If the product doesnt fit me or u r not providing transparent details of how it looks in real why would i even keep any cheap quality stuff?? I will definately return or exchange that. I want my orders to not charge any convenience fee. If this doesnt get fixed il completely stop ordering from myntra.,2023-03-01T17:31:30.000Z,0,4.2302.20,https://apps.apple.com/in/app/myntra-fashion-shopping-app/id907394059
appstore_in_4187302521,app_store,IN,bhau rathore,1,Name should be defected shop instead of myntra and refuse to take back once delivered,"Have been a long time Myntra Customer.. But I guess won't be shopping with Myntra anymore with the kind of experience I had yesterday.. Bought a pair of ASICS SHOES 2days ago but as soon as I opened the packet and checked the shoes it was not fresh and not appealing as the image, I straight away raised a cancelation request. The pickup guy came yesterday, he accepted it with no questions asked and was about to pack it but I stupidly just as a feedback told him what the issue is so that other customers don't face such issues, showed him the defect and what do you know he refused to take it saying they don't accept defective items.. I called customer services and the guy there also told me that they'll investigate it first and they'll probably get in touch with me through Email.. I even told the customer service guy I can send them the Pic of the defect but was asked to wait for the Email.. What an absolute load of rubbish.. First send a defective piece to your Customer and when they provide you a feedback  give them a run around",2019-05-21T18:11:28.000Z,0,3.29.0,https://apps.apple.com/in/app/myntra-fashion-shopping-app/id907394059
appstore_in_9493732763,app_store,IN,Babu 525,1,Order not generated but amount deducted,"I order the product but the amount successfully deducted and order is not generated. They said that amount will credit in within 48hrs to the original payment mode but it didn’t refunded. I contacted 2nd time to the customer care that amount is not credited, they said that Myntra successfully initiated refund but the problem with your PhonePe. I asked them that if Myntra initiated refund I would receive SMS from Myntra to know the status of refund for the customer, I didn’t receive any and I am not aware what is happening. They said go and contact PhonePe customer care. It is my tea’s responsibility to credit amount successfully but they are saying order not generated we don’t have details contact to your customer care of original payment mode. I wasted my time 2 times calling to Myntra to explain from start to end and now they are asking again to contact another customer care. Very bad experience with Myntra customer care. I decided not to order anything in Myntra and suggest for the same to others.",2023-01-10T23:32:34.000Z,0,4.2212.0,https://apps.apple.com/in/app/myntra-fashion-shopping-app/id907394059
appstore_in_9308062274,app_store,IN,Niti_08,1,Bad customer support,"I have been customer of myntra since 6 years and had bad and good experience. Recently i have ordered a product which was supposed to be delivered at 17th November. But it was delayed. So i raised complaint on 18th November. The product is packed in Bangalore warehouse and i am in Bangalore. When I called customer care they told me they will share an update on 23rd November. Since 18th November they didn’t take any action. I told them clearly this is a gift for someone whose birthday is on 23rd November. If they are gonna give me an “update” on 23rd November what will i do with that product later. They were continuously repeating “ sorry mam, but as per process we need time till 23rd November” . Just to follow up or call the person they need 5 days. I would have understand the delay if it was in delhi or coming from some other city. But when the product is already in Bangalore that too packed and ready then what is the delay for??? They need just 5 days to follow up. What kind if support is this?? They don’t have a sensible reason for this.",2022-11-20T03:03:08.000Z,0,4.2210.2,https://apps.apple.com/in/app/myntra-fashion-shopping-app/id907394059
appstore_in_11919364899,app_store,IN,KDSinghhh,1,Myntra on a gradual decline. Going down the dumps,"Have been a regular customer of Myntra but of late, they seem to be losing their plot. Ordered a blue kurta for my kid. They sent a maroon one. Raised a complaint for wrong product delivered along with images. They responded by asking for more images that have the product label, stickers, tags, etc. The maroon kurta they delivered had none. So called them up and explained. Was told it will be looked into. Instead of resolving the complaint, they rejected my claim by stating “We investigated & found that the right product was delivered; delivery agent was also contacted & he confirmed that the product was delivered intact in a tamper proof bag. So, essentially, am the one who is lying!!! Another instance of a pair of shoes that I bought. Wore it for a few hours and the upper and the sole decided to part ways. Had to follow up quite a bit for refund which was done, but not without me knocking on their door many times. Maybe it’s just me and my streak of bad luck but if that is the case, then there is no point for me to stick to this app.",2024-11-06T14:20:19.000Z,0,4.2410.20,https://apps.apple.com/in/app/myntra-fashion-shopping-app/id907394059
appstore_in_11368593480,app_store,IN,Ansabah Sanbaq,4,Absolute Nightmare - Myntra’s “Hassle-Free Returns” Are a Complete Lie!,"I am beyond furious with Myntra’s abysmal service. Their advertisements boasting “hassle-free returns and exchanges” are nothing but blatant lies. I made a purchase in April and received the wrong item. Since then, I have been stuck in a nightmare, trying to return or exchange the product. It has been over two months, and despite numerous attempts to contact customer service, I am still stuck with the incorrect item. Their customer service is not just unhelpful; it’s nonexistent. They have consistently ignored my requests and provided no support whatsoever. Myntra’s false advertising is infuriating. If you believe their promises of easy returns, you are in for a rude awakening. This has been the worst shopping experience of my life. Do yourself a favor and stay far away from Myntra if you don’t want to waste your time, money, and sanity.",2024-06-11T11:03:39.000Z,0,4.2405.10,https://apps.apple.com/in/app/myntra-fashion-shopping-app/id907394059
appstore_in_6802864684,app_store,IN,Sakshii Singh,1,Fraud clothing,"I ordered a HRX jacket in the size XL for Rs. 1799 but the jacket which I received was completely different with a local brand named SPYDER  in the size XXL on December 24th 2020. From that day onwards I har been filing a complaint to the Myntra customer care that the product is completely different with the one I ordered and I need to raise a complaint for the same. The response which I got from the Customer support team was “While investigating further we came to know that the product dispatched from the warehouse was the same product what you ordered and the product you got was completely sealed and was delivered on the exact address.” 
I just want a justification are we an idiot who are placing orders. They are blaming the customers that it is our fault and we are doing these disgusting things with the products and asking for fake claims. Even after sharing the photos of the product they are still declining that they are the one who delivered a wrong product. I am really disappointed with their service and I am not at all interested in buying anything from Myntra from now onwards.",2020-12-28T11:42:54.000Z,0,4.2011.0,https://apps.apple.com/in/app/myntra-fashion-shopping-app/id907394059
appstore_in_6737964207,app_store,IN,Njansari,1,Worst customer care service and quality of product is poor,I ordered a shorts for myself the quality was very poor so I plan to return it back The pick a person was bad in his service he didn’t saw the tag and kept it at the security after lot lot of struggle I managed to send the shots back it came it shows in the app that the product is written however it was not written to me after a month of juggling I got the product back by saying that the quality has rejected when I receive the productIt was a poor quality product due to which I written the customer care is pathetic till September I was happy but for last two months I found the customer care support has declined the service I don’t want to use this app at all they need a return my money not the product is available with meTake me two months even after that the customer care unable to satisfy my cutie I am highly disappointed and request everyone please do not use this app please do not use their product prices are high and they give the discount to a very higher price,2020-12-10T14:22:42.000Z,0,4.2011.0,https://apps.apple.com/in/app/myntra-fashion-shopping-app/id907394059
appstore_in_6086593758,app_store,IN,Ak16181618,1,Pathetic delivery,"We all understand the impact of COVID 19 on all operational activities. However, Myntra is unable to deliver items even on the expected delivery date. I placed an order on 3rd June and expected delivery date was today 17th June. After waiting for literally 12 business days Even today the order is in transit. Their delivery partner Ecom express is even worse!   With COVID as an excuse they’re delaying deliveries for no apparent reason since as I track it the parcel has reached Pune on 9th itself and they are unable to deliver the same within the city in even a weeks time. Their customer service also do not have access to delivery partners contact numbers( as confirmed on call by one of their executives). They don’t have exact status with them. They tell me only what I can even see in my app. How lame and pathetic is that.
I have always been a regular shopper on Myntra, always had a splendid experience but this experience alone and the way they are handling it is really disappointing and also frightening. Shame! You lost a loyal customer.",2020-06-17T09:45:10.000Z,0,4.2006.4,https://apps.apple.com/in/app/myntra-fashion-shopping-app/id907394059
appstore_in_13639830337,app_store,IN,Aditi___s,3,The Return/Exchange Policy is Unclear for Certain Products,"I have been looking into products from myntra and initially they used to be quite clear with the fact if a product can be returned or not, and the specific timeline within which the return/exchange request can be placed. However, since the past few days, they have added the return/exchange policy to certain products stating “7, 15 or 30 days return or exchange may be available”. What if I buy a product and it is not available and I need to return or exchange? What kind of a scam is this to trick people into buying products that don’t have a return policy? I myself have bought from a label and they don’t allow their products to be returned. However, in myntra they are saying that return or exchange may be available. So why mislead people into buying from brand and labels that don’t have a return policy? Myntra, I need answers.",2026-01-16T12:21:02.000Z,0,4.2512.20,https://apps.apple.com/in/app/myntra-fashion-shopping-app/id907394059
appstore_in_13880957853,app_store,IN,Baani0701,1,Fake delivery attempt and complain against supervisor Abid,I had order t shirt and the very next day it marked as fake attempt I tried to reach support regarding the issue but the support team is very pathetic firstly it is very frustrating to contact support team due the repeated AI calls I didn’t receive a single response where I can contact support team neither from chat further again next to next day it again marked as delivered failed due to I didn’t receive any call without any call from the delivery agent so regarding this issue after many calls and chats with AI I got the chance to connect support team when I repeatedly ask the agent to connect with the supervisor named Abid he connect to me a so called supervisor who abruptly sent messages regarding closing the chat without any intimation and went offline while I was still writing I waited for him to connect again he just went out my issue wasn’t resolved this pathetic service I wasn’t expecting this I want to complaint against this service team supervisor,2026-03-24T06:06:19.000Z,0,4.2603.10,https://apps.apple.com/in/app/myntra-fashion-shopping-app/id907394059
appstore_in_13094291118,app_store,IN,Rutuja Pokalwar,1,Delivery services and customer services are not that good.,"Recently I ordered 7-9cloths from myntra and few items were attempted to deliver on 1st september but was not completed as I was not able to pick the delivery boy’s call. But it was suppose to reattempt the next day and I called him multiple times since morning but he didn’t pick up the call. At around 8pm called him and he picked up and said today it was not possible will be delivering it tomorrow and after 30-40min I receive msg saying 2nd attempt of delivery was tried and was not delivered as I rejected these items at doorstep, very conveniently the guy didn’t attempt the delivery and marked it as I rejected. And the customer support asked me to place order again but when I told her( Payal) that the prices are raised now and there is issue with size availability, she didn’t help me with any kind of solution. 

Really need to think if I need to use their services for online shopping. 
Other delivery is also didn’t happen today which was suppose to take place today.",2025-09-03T14:58:34.000Z,0,4.2508.20,https://apps.apple.com/in/app/myntra-fashion-shopping-app/id907394059
appstore_in_11362545741,app_store,IN,Dhanuj taneja,1,My experience on myntra for my product,So i have to tell something about the app as i used this app for years now i don't experience any problem but few days ago i ordered a prestige cooker which is clip on mini svach stainlesss steel cooker with 2 litre capacity so i received a handsome discount on that which is 70% so i ordered that but it got cancelled and in reason it is showing that it got cancelled due to unforeseen reason when i called them for the reason they didn't even give me proper reason for that then by requesting customer care executive they placed new order with same old price it got cancelled again same process i repeated so thrice of time it got cancelled now they are saying when i called customer care executive so they are saying it can't be delievered due to seller reason and close my complaint ticket without any solution so here i am reviewing this after my drastic experience with it from 1 month they are making fool they are not trustable my suggestion for all of you to just don't order anything from myntra #myntra,2024-06-09T19:19:32.000Z,0,4.2405.10,https://apps.apple.com/in/app/myntra-fashion-shopping-app/id907394059
appstore_in_9109922044,app_store,IN,DeaSharma,1,Harassed me mentally for 5 days and after that also No Help,"I used to shop a lot on Myntra as i am the Elite member of Myntra and only a few steps to Icon. But they don’t trust their customer. I returned something and somebody came to pickup the item and he didn’t update that on the system. So the company is saying nobody came gor pickup. So i am lying according to them. After being a loyal customer. I provided them all the information the guy’s name and phone number even the screenshot of his entry exit from my society. But NO HELP. They literally harassed me mentally for 05 days and wasted my time. They didn’t even try to contact the guy. 
I AM STOP USING THIS FRAUD APP AND I AM SUGGESTING EVERYONE TO STOP USE THIS FRAUD PATHETIC USELESS APP. Who doesn’t trust their customers and can’t help them. I showed a lot of patience regarding this but no use. They only care about their profit. They doesn’t care about your money. Such a waste. There are a lot of better apps. I don’t need you anymore FRAUDS. I will post the conversations and everything on social media to show people who they really are.",2022-09-22T11:55:16.000Z,0,4.2207.3,https://apps.apple.com/in/app/myntra-fashion-shopping-app/id907394059
appstore_in_13776539133,app_store,IN,Mohit.?,1,Pathetic customer care support,"I kindly request others not to order from here. I had been using this platform for the past 8 years without any issues. However, one day I accidentally entered an incorrect digit in my phone number for delivery. I immediately contacted customer care and asked them to correct it, but I was advised to cancel the order instead.
Although I cancelled the order as instructed, the delivery partner, who personally knew me, still handed over the package to me. Despite following their guidance, my account was later deactivated. I made several attempts to contact the support team, but I only received automated email responses. Calling customer care was equally frustrating, as the IVR system repeatedly directed me to request a callback through the app, with no option to speak directly to a representative.
It has now been many days since my last order on the 12th, and I have received no proper resolution or assistance. I am extremely disappointed with the service and overall experience.",2026-02-22T10:27:08.000Z,0,4.2602.10,https://apps.apple.com/in/app/myntra-fashion-shopping-app/id907394059
appstore_in_13325530822,app_store,IN,@ himanshi,1,Worst Experience Ever — Totally Useless Support,"I placed my paid order weeks ago and still haven’t received it. No tracking updates, no clear answers — just the same copy-paste “sorry for the inconvenience” messages every time. When I call, they tell me to email; and the email agents act like they’ve completely lost their minds — you ask one thing, they reply something totally different, like some untrained or clueless people are handling support.

Even on Instagram, every time a different person replies with the same useless scripted responses. Myntra has become a total joke — only knows how to take money, not how to deliver orders or handle customers properly. Absolutely pathetic and disappointing service.

And now they’ve told me to email some Grievance Officer. I’m doing that — let’s see what they do. I ONLY WANT MY TWO ORDERS; after that I will NEVER order from this lousy app again. I’ll have my account and the accounts of everyone I know deleted.


This has turned out to be complete fraud - these people know how to take money, not deliver orders. I got trapped by placing a paid order because these scammers don’t even offer the Cash on Delivery option anymore. Useless, pathetic company with the most unprofessional and clueless staff ever! The customer care agents are absolutely dumb, the email support is full of idiots, and Myntra’s Instagram page is completely fake and worthless. Worst service ever — nothing but disappointment from this brand!",2025-10-28T15:05:22.000Z,0,4.2510.11,https://apps.apple.com/in/app/myntra-fashion-shopping-app/id907394059
appstore_in_11365313501,app_store,IN,NSri_S,1,Hate how the app misguides users,I recently ordered few products and applied coupon. I cannot see any option clearly stating that return is not available if we use that particular coupon. So even though the product is worst I couldn’t return it. I ordered few products along with the received one. The one which is delivered showing option to collect super coins and I thought as there is no return I collected the super coins. But when I checked the other products the super coins for those are also claimed and I lost the option to exchange as well and this is not mentioned anywhere that when we claim super coins for one product it effects the other products ordered at the same time. A complete waste of money and tricking users to buy products that are cheap quality and no use. Also few products comes with no tag and when we trust o return or exchange they will not accept it as it doesn’t have any tag. I’m going to uninstall this app and also suggest my friends to do the same.,2024-06-10T13:49:20.000Z,0,4.2405.10,https://apps.apple.com/in/app/myntra-fashion-shopping-app/id907394059
appstore_in_9132816294,app_store,IN,Saira_sakshi,1,Worst online app,"Myntra has become worse over the years. Their delivery partners are the main reason for it. They never come to pick the product and update wrong information in the app. As a result, your product is never taken back. When we call the customer support, they give false hope that the problem will be resolved within some number of days but it never gets resolved. We get an update “Sorry we cannot help you because the delivery partner said so and so”.
Useless useless app. Why don’t you ask for pics from delivery partner when they add comments?
Also, why don’t you send the product along with all the intact tags (mrp tag)? Because of this carelessness from your side, your delivery partner rejected the product saying it is used?? (Seriously? We requested the return on the same day on which we got the product..Also, your own partner says that it looks used then just imagine the quality of clothes you are sending now)

I hate this app now. This has happened with me 2-3 times now.",2022-09-29T10:31:40.000Z,0,4.2207.3,https://apps.apple.com/in/app/myntra-fashion-shopping-app/id907394059
appstore_in_12560285009,app_store,IN,Abcde12abc,1,Worst customer service ever!!,I really don’t want to give even 1 star rating for the worst customer service support team because I have been waiting from nearly a month regarding my undelivered product which was placed order on 24th march and it should’ve been delivered on 25th march only but No it didn’t and I have raised a complaint against it and spoke with many customer care service representatives all they ask me to wait for 24 hours 48 hours and when I call they back they say they don’t have any update and again ask me to wait for another 24 hours this been going on for over a month and they gave me the worst online shopping experience ever and that too from a well established brand. I’m really disappointed and uninstalling this stupid application from my phone and never going to use you people couldn’t even solve one small issue really disappointed from you guys and you don’t even have any answers for my question worst application worst customer care service!!!,2025-04-19T04:13:12.000Z,0,4.2504.10,https://apps.apple.com/in/app/myntra-fashion-shopping-app/id907394059
appstore_in_12434050327,app_store,IN,Yash Patel 5468,1,Worst Customer Service,"I have been a loyal customer of Myntra for the past 3-4 years, but my recent experience has been nothing short of frustrating.

I ordered a Safari bag set of 3, which was supposed to be delivered by March 5th, but it was delayed and delivered on March 7th. The bigger issue is that I only received one bag instead of three. I immediately reached out to customer service, and they raised a complaint on March 10th.

Since then, I have been continuously calling them, but they keep telling me to wait for 24 hours each time, and yet, nothing is actually being done. I have waited 24-48 hours multiple times, and still, there is no resolution. On March 14th, they assured me that my issue would be resolved within 24 hours, but today is March 18th, and I am still waiting.

Their customer support is completely unhelpful—they are:

Unable to provide a clear resolution or answer what will happen if they can't fix the issue within 24 hours.
Unable to transfer the call to seniors for better assistance.
Unable to process a refund or return request, leaving me stuck with an incomplete order.
I have a flight on March 19th, and I needed this luggage set urgently, yet Myntra has done nothing to resolve my issue. They are just fooling the customer, despite me being a loyal shopper for years.

Extremely disappointed with Myntra’s service! If they can't resolve such a simple issue, how can customers trust them for future purchases?",2025-03-18T06:49:31.000Z,0,4.2503.11,https://apps.apple.com/in/app/myntra-fashion-shopping-app/id907394059
appstore_in_11760440179,app_store,IN,Ram_Roy,1,Worst Process,"Recently I purchased item which was not having seal tag and in App also it shows it does not need seal tag. Delivery guy rejected to take return and when I spoke with customer care they mentioned this product is not suppose to have seal tag we are raising complaint. Next day I see status is changed stating can not be return because door step quality is not passed. After speaking  with customer care & mentioned no body came to my door step again complaint was raised. This time again returned is cancelled & it has been mentioned as per internal checking product is tampered and hence can not be returned. I have been following with Myntra from 4 days today finally customer care person says I can understand but we can’t do anything. I am challenging Myntra to do physical quality check. This E-commerce platform is making money like this. Better not to trust, I am almost 10 years old customer but i am done with Myntra. They started cheating nowadays lot. Better to stay away from this App.",2024-09-24T19:48:45.000Z,0,4.2409.10,https://apps.apple.com/in/app/myntra-fashion-shopping-app/id907394059
appstore_in_10080981659,app_store,IN,Praveentechie,1,Frustrating experience with delivery and lack of support,"I recently placed an order for six items on this app, each with a scheduled delivery date. Unfortunately, my experience has been far from satisfactory. Out of the six items, one was automatically canceled without any explanation.

Furthermore, the four items that were delivered did so on different dates, causing unnecessary inconvenience and confusion. However, the most disappointing part of my experience was when one of the products was marked as delivered, despite never reaching me. I immediately reached out to the customer support team to address the issue, but regrettably, I received no response.

This lack of communication and resolution from the customer support team has left me extremely frustrated. As a loyal customer I expected better service and support. It is incredibly disheartening to be left in the dark, without any explanation or assistance when an issue arises.

I urge the app’s developers to improve their delivery process, ensuring timely and accurate deliveries for all customers. Additionally, addressing customer complaints promptly and providing effective support is essential for maintaining a positive user experience.

Overall, my experience with this app has been marred by canceled orders, inconsistent delivery dates, and a complete lack of response from the customer support team. I sincerely hope that my Feedback serves as an opportunity for improvement, and that future customers receive better service than I have encountered.",2023-06-28T09:43:07.000Z,0,4.2306.10,https://apps.apple.com/in/app/myntra-fashion-shopping-app/id907394059
appstore_in_13822906533,app_store,IN,SaqibHusain,1,Sending poor products. Going to be closed like snap deal soon,"I had a terrible experience with Myntra and honestly the service is getting worse day by day. The quality of products being sent by many sellers is extremely disappointing. Clothes arrive looking cheap, poorly made, and sometimes even dirty. In my recent order, the item came without proper tags and looked like it had already been used or handled many times. This is completely unacceptable for an online platform that claims to sell branded and quality products.

What makes the situation even more frustrating is the return process. When you raise a complaint and request a return, the delivery partner simply does not show up to pick up the product. Days pass, and nothing happens. Customers are left stuck with low-quality items and no proper support.

If Myntra continues allowing sellers to ship such poor-quality products then it will be closed like snap deal which I am pretty sure going to happen with myntra.",2026-03-07T11:01:38.000Z,0,4.2602.20,https://apps.apple.com/in/app/myntra-fashion-shopping-app/id907394059
appstore_in_9337688026,app_store,IN,Surbhi016,1,Fraud,"Hello Sir/Mam Few days before I ordered three items which is two same sweaters but in different size one is in a small size and the other one is in medium size and one jeans , then I put returning request for sweater which is in medium size and for the jeans , so the next day a pickup man came and picked up the sweater (medium size) but till late night he did not update about the pick up details so I thought he would do this thing next day, I am a teacher and working in schools have school. I’m not able to use my phone or check my phone so when I was in school a different man came to my house from E cart, and he asked my mother to give the the sweater , and just because my mother did not have any idea about it. By mistake, she gave the sweater which was in small size, jiska mne return request nhi dala but I got the refund of Medium size sweater, I went to Ekart office for days and they showed me that the details of small size sweater is also matching because of same series number because they were of same brand. so they cannot do anything , they ikada told me that that man must be from another company, but I couldn’t find him . He En Myntra app in my profile it is showing that we have initiated the refund of your jeans but how it is the possible because jeans is still with me. I have complained about this incident to Myntra company two times on phone kor. They tried to soLVE but what they did they mADE a return request by them self of small size sweater, Jis se Mujhe Uska refund mil Jaye but company key Taraf se request Dal dene ke Baad mere Ghar Pe Phir se pick up Karne ke Liye Pickup boys Aa Rahe hai for small size sweater but from where I can give them that is already picked up by mistake . I have complained about it two times to company now I am really fed up with this. Please solve this matter in two days or I have to file a FIR against Myntra and niether I get the product nor refund",2022-11-28T09:24:09.000Z,0,4.2210.2,https://apps.apple.com/in/app/myntra-fashion-shopping-app/id907394059
appstore_in_3886535621,app_store,IN,jdidocox,1,Bad customer service and delivery partner,"I shop a lot from Myntra and I recently placed an order and it was not delivered on time. My order was out for deliverysince two   days and it got delivered on the third day. This happened with me twice The contact number provided of the delivery executive is always not reachable. I complained about the situation twice and i only got a reply from the customer support to wait for 72 hours. Even if the complaint is about the late delivery because of their delivery partner they ask you to wait for 72 hours idk for what. 
I have never faced this issue with them in the past and the customer support was also good but now even after so many better online shopping apps have come up their service has only become worse.
It does not make any sense if you tell the customer to wait for 72 hours for any complaint they make. The do not have any solutions to the complaints made. Pathetic customer support and bad delivery partner 
It seems that they have changed their delivery partner and its not doing any good to the customers",2019-03-16T04:05:47.000Z,0,3.26.0,https://apps.apple.com/in/app/myntra-fashion-shopping-app/id907394059
appstore_in_13720277961,app_store,IN,Naveen 099,1,Worst experience,"Online shopping should be convenient, but my worst experiences have made it feel like a gamble rather than a service. The biggest issue has been product quality—items often look great in photos but arrive completely different, cheaply made, damaged, or nothing like the description. Returning these products is another nightmare, with complicated procedures, hidden conditions, and delayed or denied refunds.

Delivery and customer service make things worse. Orders arrive late or not at all, tracking information is inaccurate, and customer support is usually unhelpful or unreachable, replying with automated messages instead of real solutions. Add to that fake reviews, sudden price changes, and poor packaging, and the whole experience becomes frustrating and time-wasting. These repeated problems have seriously reduced my trust in online shopping platforms, turning what should be an easy experience into a disappointing one. 
Even the problem is on their side they blame the consumer",2026-02-06T17:59:20.000Z,0,4.2601.20,https://apps.apple.com/in/app/myntra-fashion-shopping-app/id907394059
appstore_in_13032780628,app_store,IN,Somu12,1,Wrong product delivery,"Hello I’m saumya Singh  . 
I am having a lot of trouble with a product.
I had ordered shoes. The shoes I received are used. I complained to refund the order but I did not receive any reply.
This is wrong. You are giving wrong things to people. If you complain, there is no response.
There is no response from your help center either. I am trying to get help daily.. now I am not getting any response even tomorrow. 
It's okay, you people are troubling me. It is your fault that you are selling the wrong product 
On top of that you are saying that you have sold the right product... you are lying to the truth.
do this take it do it yourself. 
You guys should do it yourself . You people are harassing the customs and are not even admitting your mistake . 
Firstly, I have given you complete  used shoes..
.
go retune your order . 
You have crossed all limits.. I complain daily and they tell me to wait for 3-4 days. 
I have had enough of you people: half a month has passed..
Straight talk: Will you give me a refund or not… if not, I will complain, I am fed up . You people are harassing the customs and are not even admitting your mistake . 
Firstly, I have given you complete  used shoes..
.
go retune your order . 
You have crossed all limits.. I complain daily and they tell me to wait for 3-4 days. 
I have had enough of you people: half a month has passed..
Straight talk: Will you give me a refund or not… if not, I will complain, I am fed up",2025-08-18T21:06:30.000Z,0,4.2508.11,https://apps.apple.com/in/app/myntra-fashion-shopping-app/id907394059
appstore_in_12515925624,app_store,IN,4₹6,5,Pathetic service,"Pathetic service by customer care

Pathetic service by customer care . I called them number of times to get my refund against the wrong product picked by them, yet no solution. Also the refund generated by them is not showing in my bank details and they are not agreeing even on my agreeing to share the statement. Rather their executive called me to send me some communication link where I can share the bank details and all, however after hanging the phone, she did not send any link. Worst is that now I am not able to connect with them as when I call through my number on their helpline it is not getting connected. Very very bad experience, I am their insider member. This is not expected out of them. Please stop shopping from this fraud app",2025-04-07T19:48:05.000Z,0,4.2503.20,https://apps.apple.com/in/app/myntra-fashion-shopping-app/id907394059
appstore_in_13502214282,app_store,IN,Payal A Shukla,5,Review,"Myntra is one of the most reliable and enjoyable shopping apps I’ve used. The interface is clean, easy to navigate, and visually appealing. Browsing through categories feels smooth, and the app offers a huge variety of brands and styles for every budget.

The product descriptions and size guides are detailed, which makes it easier to shop confidently. I especially appreciate the quick delivery and the hassle-free return/exchange process—Myntra’s customer service is usually prompt and helpful.

The app also provides great deals, timely notifications, and personalized recommendations that actually make sense. Overall, Myntra is a fantastic app for fashion and lifestyle shopping, and I highly recommend it for anyone looking for a seamless online shopping experience.",2025-12-11T18:44:14.000Z,0,4.2511.11,https://apps.apple.com/in/app/myntra-fashion-shopping-app/id907394059
appstore_in_14093483763,app_store,IN,singh_nitesh7,5,Best Online Shopping Platform,"Myntra is one of the best online shopping platforms for fashion and lifestyle products. The app offers a huge variety of trendy clothes, footwear, accessories, and beauty products from top brands at affordable prices. The quality of products is excellent, and the delivery service is usually fast and reliable.

What I like most about Myntra is its user-friendly interface, easy return policy, and exciting discounts during sales. The product descriptions and size guides are very helpful, making shopping simple and convenient. Customer support is also responsive and professional.

Overall, Myntra provides a smooth and enjoyable shopping experience. I highly recommend it to anyone looking for stylish and budget-friendly fashion online.",2026-05-22T16:14:12.000Z,0,4.2605.20,https://apps.apple.com/in/app/myntra-fashion-shopping-app/id907394059
appstore_in_9859399049,app_store,IN,RITSPOO,1,Wrong product delivered not ready to take back,"Dear Myntra Customer Service Team,

I am writing to express my disappointment and frustration regarding my recent order of Skechers Women Black FLEX APPLEA 4.0 Lightweight Sneakers in size 7. Unfortunately, I received the wrong size of shoes - size 10 - which are of no use to me.

In addition, the shoes were delivered without the MRP tag, which is highly unusual and questionable. I immediately contacted Myntra and requested for the order to be canceled and for the product to be picked up for return. One of your employees came to pick up the shoes, but unfortunately, he refused to take them back due to the missing MRP tag.

I am extremely disappointed with the service provided by Myntra. As a customer, I have the right to receive the product I ordered in the correct size and with all the necessary tags and labels. The fact that your employee refused to take the product back is unacceptable and adds to my frustration.

I demand immediate action from Myntra to rectify this situation. I request that you either send me the correct size of the shoes with the MRP tag, or provide a full refund for the product. I also demand an explanation for why your employee refused to pick up the product.

If Myntra fails to take appropriate action, I will have no choice but to seek the help of the consumer court to resolve this issue.

I look forward to hearing back from you and getting this issue resolved as soon as possible.",2023-04-25T12:13:49.000Z,0,4.2304.10,https://apps.apple.com/in/app/myntra-fashion-shopping-app/id907394059
appstore_in_14169148371,app_store,IN,rj king rwt,1,Nothing but a nightmare.,"Absolutely pathetic service from Myntra.

I ordered a replacement product, and the entire experience has been a complete nightmare. The delivery agents either never make genuine delivery attempts or conveniently schedule deliveries late at night when most people are unavailable to receive them. Even after repeatedly informing them about my availability and requesting delivery at a specific time, my requests were completely ignored.

The most infuriating part is the complete lack of communication. Over the last two days, I have called the delivery agents more than 20 times, and not a single call was answered. It honestly feels like customers are being deliberately ignored once an issue arises. What is the point of providing contact numbers if nobody is going to respond?

Because of Myntra's incompetence and negligence, I have been forced to waste hours chasing updates, making calls, and dealing with unnecessary stress. This has been one of the worst online shopping experiences I have ever had.

Myntra seems more interested in marking deliveries than actually delivering products and supporting customers. If this is how replacement orders are handled, then the company clearly has serious problems with its delivery and customer service operations.

This was the last time I ordered from Myntra. I will never use this platform again and will strongly discourage others from doing so unless they are prepared to deal with unresponsive delivery agents, ignored requests, and a complete lack of accountability.",2026-06-11T08:51:18.000Z,0,4.2606.10,https://apps.apple.com/in/app/myntra-fashion-shopping-app/id907394059
appstore_in_12730089249,app_store,IN,Pratzz12,1,I wanted to give them minuses star Terrible experience Myntra and  Alamode by Akanksha.,i order an HIGH BOOTS product from MYNTRA APP. product name=> Alamode by Akanksha  + price => 3720 rupee . upon receiving the product i found defective product. my concerns are 1) it took 1 week to delivered product  2) product have no brand  3) product was packedged in polythene  4) product is damaged  5) it seems like the product was bought and sell through local market. 6) they took high money for the product but their service is worthless.  now they are saying that it can not be exchange and refund.   hence my options -> if my concerns do not solve than i will lodge complaint in the CONSUMER PROTECTION COURT according to relevant sections that are  SECTION 2(10) of consumer protection act=> deal with defect of product ; section 2(47)=>unfair trade practice; section 14  and section 2(10) => consumer have the right to seek redressal for defective goods.   my demand is now i have lost faith on the product and i want complete refund . please resolve my concerns as soon as possible.,2025-06-03T06:43:50.000Z,0,4.2505.11,https://apps.apple.com/in/app/myntra-fashion-shopping-app/id907394059
appstore_in_12443450591,app_store,IN,Krupa Wankhede,1,Extremely poor service and customer support and rude agents,"I am extremely disappointed with the way my issue is being handled. This is the sixth time I am reaching out, and despite multiple attempts, my problem remains unresolved.

To make matters worse, during three of my calls (day before yesterday and today), your team abruptly disconnected while I was speaking. The calls were inaudible, and instead of assisting me, your representatives simply cut the line. Today, I was on a call for 17 minutes, and yet, no resolution—just another disconnection.

I have been following up since March 15th, and today is March 20th, yet I have received no written response, no callbacks—absolutely nothing. Do you expect me to waste my time repeatedly over something that should have been resolved by now?

Additionally, I had a terrible experience with one of your customer support agents, Suman, who was extremely rude to me. I insist that you review the call recordings and take strict action. I also want to file a formal complaint against him.

What’s even more shocking is that my issue was NOT resolved, yet after I disconnected the call, this agent falsely marked two issues as resolved. This is completely unfair and unacceptable.

If this continues, I will have no choice but to escalate this matter publicly with screenshots of these failed interactions. I expect an immediate response and resolution at the earliest.

AND THESE PEOPLE FOOL EVERYONE AS THEIR APP IS RUNNINH GOOD",2025-03-20T17:47:14.000Z,0,4.2503.11,https://apps.apple.com/in/app/myntra-fashion-shopping-app/id907394059
appstore_in_11899848483,app_store,IN,Lalkakalo,1,pretentious.,"See the thing about this app or brand as u can call maybe is that it ensures that it is reliable with showing that it’s working with big brands such as H&M , zaara , Nike etc etc …so with this as a costumer I would also like an explanation of WHY IN THE WORLD is my package not delivering other than just a simple ABSOLUTELY useless costumer service that has only like 3 options and don’t even get me on the automated call bs like if you can’t keep a good costumer service then why even create an app or show ads on media platforms…ads should be like “the most unreliable shopping app out there haha buy from us” …like if you are not gonna deliver the product JUST SAY SO why are u giving me false hope and just lying …like I get it festival time but that’s not even the case y’all show that the delivery will be in like 3 days WOWWW and the delay the product by a month?? 🤣🤣 bro stop lying.. I don’t ever want to buy from Myntra ever again guys it time to switch to other more RELIABLE AND NON PRETENTIOUS apps. Become better Myntra.",2024-11-01T15:09:28.000Z,0,4.2410.20,https://apps.apple.com/in/app/myntra-fashion-shopping-app/id907394059
appstore_in_11382738644,app_store,IN,Kaamil Warsi,1,THE WORST DELIVERY IN ENTIRE INDIA,"I have been using myntra to buy clothes and other accessories but through all my orders with them, I have come to realise that they have the worst delivery service in India. My order was supposed to be shipped by 14th June and until the night of 14th June, it wasn’t shipped. Then the next day I get an email that it has been cancelled and they gift me a coupon of ₹100 off. My previous order was around ₹480 and now when I try to reorder the same thing, using the coupon, it is around ₹800. So they are charging me almost 2x the initial amount just because their useless delivery service was not able to pick up the order. Another time I had ordered a few trousers from them and they also got delayed by 4 days for God knows what reason. Same happened when I ordered my watch, I called them time and again and all they said was “our team is on it, we will track it until it reaches you”. Literally the worst delivery service. I just deleted the application right now.",2024-06-15T04:26:37.000Z,0,4.2406.10,https://apps.apple.com/in/app/myntra-fashion-shopping-app/id907394059
appstore_in_10487434717,app_store,IN,heenasingh....,4,Return process too complex,"I guess you should do quality check with the seller rather than at customer’s end. Most of the time they sell wrong product with more than 2-3 issues and you dont have all of the options to mention while returning process.  It has become so hectic to return and such a irritating process . Every time I need to call customer care to return the item. Many times the quality, colour, design and fabric does not match and we are unable to list all the issue in app. This leads to failure of quality chech and the returning keeps getting delayed. Why are there fraud sellers associated with you,???? Its not like they are handling by themselves, they must have few number of employees while packing, do they not see what the customer has order ??? Do they not check what are they packing??",2023-10-18T07:45:15.000Z,0,4.2309.21,https://apps.apple.com/in/app/myntra-fashion-shopping-app/id907394059
appstore_in_10244879157,app_store,IN,simra qureshi,1,"Untrustworthy,worst experience!","I ordered recently from Myntra received a defective product it was a used product and when I applied for an exchange they declined it and I spent 1 hr talking to their customer care their senior assistant to their manager everybody was persistent that we can’t help u regarding this u have to keep the defective product as we cannot refund, exchange or return the product and was so disrespectful and unhelpful and they were convincing me to keep it as they won’t be doing anything regarding this issue. I even shared my experience that when I received it it was defective and I hand-to-hand applied for exchange n that it is not my fault but they were so persistent and indirectly saying that it is your fault not from our side so so so worst experience will not trust them and buy from them at all even will tell friends and family about them so they can be careful and not buy anything from them and I will as much as I will review them everywhere on surveys anywhere to prove how untrustworthy they are.",2023-08-11T10:34:07.000Z,0,4.2308.10,https://apps.apple.com/in/app/myntra-fashion-shopping-app/id907394059
appstore_in_6383505567,app_store,IN,RithvikaShiv,1,Unsatisfactory customer service,"I have been a regular customer in myntra and never really faced an issue with their service, until it was the worst experience ever . I ordered two products and they arrived in one package and one bill , I returned both the products as they were ill fitting in the same cover they arrived in with one bill but I received a refund for one product and the other is still marked as return request declined as they created two requests for one package with one bill that the products arrived in , I mean I did as I was directed from Myntra and they create this confusion, its been over a month of calls to the customer service explaining my concern and it is always stated as wait for 24-48 hours and there is no proper response, I mean what else should a customer do to get their own money back despite returning the product, I have no other go but to take it to the court and do the needful if there isn’t a proper response from their team , has made me lose the respect and doubt the ethics their team follows, regret buying stuff on Myntra",2020-09-01T10:35:22.000Z,0,4.2008.2,https://apps.apple.com/in/app/myntra-fashion-shopping-app/id907394059
appstore_in_10056951377,app_store,IN,AP7@/,5,Pathetic service by Myntra,"My return hasn’t been picked up it’s been a month already and the customer service have been saying that they are looking into it but no action. Now even the customer service is unreachable. Didn’t expect this from myntra. It used to be my go to app but will never buy anything from it again. The status of the products keep changing on the app - one day it would be failed to pickup and the next day it would show as delivered. I had reopened the tickets as my issue was not resolved but the myntra team would close the ticket and mark the product as delivered. This cycle has been going on for a month. Please uninstall this app and refrain buying anything from Myntra - it will save you a lot of money, time and stress.",2023-06-21T13:18:13.000Z,0,4.2306.10,https://apps.apple.com/in/app/myntra-fashion-shopping-app/id907394059
appstore_in_13850441312,app_store,IN,iujfg,5,⭐ Excellent Fashion Shopping Experience on Myntra,"🛍️ Wide Variety of Products  
Myntra offers a huge collection of fashion products from many popular brands. Whether you are looking for casual wear, formal outfits, footwear, or accessories, the app has plenty of options for men, women, and kids.

📱 User-Friendly App Interface  
The app is very easy to navigate. Searching for products, applying filters, and browsing different categories is smooth and convenient, making the shopping experience enjoyable.

💸 Great Deals & Discounts  
One of the best things about Myntra is the frequent sales and discounts. Branded products are often available at very reasonable prices, especially during seasonal sales.

📦 Fast Delivery & Easy Returns  
Delivery is usually quick and reliable. If there is any issue with the product, the return and exchange process is simple and hassle-free.

✅ Overall Experience  
Overall, Myntra is a reliable and convenient app for online fashion shopping. With a wide range of products, attractive offers, and smooth delivery service, it’s definitely one of the best fashion shopping apps available.

⭐ Highly recommended for anyone who loves shopping for trendy fashion online!",2026-03-15T11:33:00.000Z,0,4.2602.20,https://apps.apple.com/in/app/myntra-fashion-shopping-app/id907394059
appstore_in_9055519792,app_store,IN,Ah1519,1,Myntra has become money minded,We all got used to Myntra because of the luxury of having the liberty to try out dresses and clothes in the comfort of your own home. Myntra with its free free shipping and return policy offered us home shoppers the benefit of trying multiple clothes and making a purchase without seeing the quality of the clothes that are being purchased. But now with the convenience fees it just goes to show that myntra has become a money minded app. All other apps give us free shipping but not myntra any more. It's better that you go to the shop physically and Shop rather than ordering from myntra. No matter what does sellar writes about the fabric you still have to see it to understand the quality of that fabric. Myntra has now failed to recognise this convenience that it offered its customers. It not only charge is your convenience fees but also deduct money from your returns in its wallet. It's sad to see a decline of a company and its selling point. It's better to just go to the shop and buy now!,2022-09-05T17:44:31.000Z,0,4.2206.4,https://apps.apple.com/in/app/myntra-fashion-shopping-app/id907394059
appstore_in_5489757933,app_store,IN,Sulakshana A,1,"Frauds , cheats , and fake","Myntra has hit the roof with its fraudulent activity by selling fake , substandard and torn product. I had ordered a mango jegging which was torn beneath the waist area unpin arrival . As a responsible customer I not only raised a return request but informed them about the problem . The response was the one that freaked me out. Mr . Sapnam from escalation team me not just informed me to wait till 7th but also told me subject to approval will I get refund . Also he clearly stated that if a delivery agent comes for pick up not to hand over the package to him . He also told me that this was a professional call and need to follow the company’s policies when I called Myntra a fraudulent company. But however he failed to recognise that he himself wasn’t being professional and so was his company. Had they been professionals they would have done the qc of the product and not sent a fake, substandard and torn product . And this is not the 1st time this has happened . So before teaching your customers what professionalism is, follow it.",2020-02-05T05:26:27.000Z,0,4.2001.1,https://apps.apple.com/in/app/myntra-fashion-shopping-app/id907394059
appstore_in_14092844269,app_store,IN,shrउ,5,Ratings,"Ratings which I have given is completely for Myntra delivery agents , because today very clearly I had got msg for one of my exchange product as I was at office called agent to check status he said call me by 7 in the evening I had called him n his response was very rude I can also send the recordings , he clearly mentioned go compalin if u want but I can’t deliver today and end of the day by 9 I get undelivered msg . So unprofessional and also he mentioned that according his convenience we have to be at home itseem this is not at all acceptable . When agents say clearly go complaint it shows how well the select person for jobs , they need to respect customers first and rest wud be next please take some action so that it never happens to anyone else  ..",2026-05-22T13:00:50.000Z,0,4.2604.10,https://apps.apple.com/in/app/myntra-fashion-shopping-app/id907394059
appstore_in_12710818140,app_store,IN,Beanscraper,3,Can’t return as Orders missing from account,"The app is good only until you don’t face an issue. But once you does, the customer care can’t be reached easily and they close the incidents with out even resolving. My orders are missing from my account although I’ve received the products. Even after sharing pictures of products, delivery messages, amount deducted to Myntra account, the support refuses to accept saying there are no order numbers. It’s been a month and all that they have been doing is closing the incidents immediately opening one every time I email them. Pathetic support teams as they don’t even read the issues but reply by pasting a standard resolution not related to the issue or worse sometimes copy paste pre opus response and close the incident as resolved. The company wants to expand globally but with such support they can’t sustain for long.",2025-05-29T08:44:27.000Z,0,4.2505.11,https://apps.apple.com/in/app/myntra-fashion-shopping-app/id907394059
appstore_in_11761909743,app_store,IN,Sucheta G,1,Fraud,"I ordered 2 items of 2 different sizes from MomToBe brand (each set of 3).
I only received 1 size product(set of 3) but not another and myntra app showed delivery status for both the products as deliver at same time on Sunday, 23rd June, 2024. After calling customer service I got to know that both the products were suppose to packed in one packet but I didn’t receive both the products in single package. In fact I received packet which has white transparent cello tape on it and I have that packet with me for proof.
I called myntra’s customer service several times but didn’t get any proper resolution/response from them.
When I called last regarding this issue, myntras employee has cut my call in between and was not able to resolve the issue. Clearly they were ignoring my calls and queries.
I am very upset about this fraud because without any reason I had to suffer.
I am not satisfied with the resolution given to me as I doubt about your investigation about delivery agent of yours. I can ask for CCTV footage of delivery agent carrying tampered package by cello tape on it.
Still you didn’t investigate about it neatly. That is why I wish to go for further investigation from outside help like through FIR on myntra and also for Delivery Man.
I am suffering a lot because of your week investigation and wrong resolution.

Harshini was handling my case and she indirectly tortured me regarding this matter by saying issue was not from her side..",2024-09-25T06:27:53.000Z,0,4.2409.10,https://apps.apple.com/in/app/myntra-fashion-shopping-app/id907394059
appstore_in_12668955996,app_store,IN,Swati Dadriwal,1,Beware before buying- Damaged products and no returns,"I’m extremely disappointed with Myntra’s service and support. The website’s help center is a complete fraud — there’s absolutely no real assistance when you need it. I’ve faced repeated issues where I received damaged products, especially with their so-called luxury items, and the experience has been terrible every time.

What’s worse is their return policy is shady. They close the return window in just 2-3 days, making it nearly impossible for customers to raise a return request, leaving them stuck with faulty products. Even when you reach out to the help center, the only response you get is a hollow apology — “We are sorry for the inconvenience, but we can’t help you.”

This isn’t a one-time issue either. It keeps happening, and Myntra seems to have no intention of improving their service or addressing these problems. I wouldn’t recommend shopping from Myntra to anyone, especially for high-value or luxury products.",2025-05-18T07:03:08.000Z,0,4.2505.11,https://apps.apple.com/in/app/myntra-fashion-shopping-app/id907394059
appstore_in_8686254780,app_store,IN,RoopakMyntra,1,Best customer harassment experience,"I had ordered a pair of Nike sneakers from Myntra few days ago and the sneakers delivered by Myntra were used, old and had colour faded on several portions. To that I had requested an exchange, but they filed a return on their own. Secondly the return wasn’t something normal operation, they won’t carry out the same pickup process for return, what they asked was, that I needed to self ship the product to Myntra warehouses. So for the mistake that Myntra and their incompetent Quality assurance team had committed by sending a faulty product , I am the one who has to pay for it, Right !?                      Moreover, I want you Myntra guys to see this; Myntra said that the pickup return facility is not available in the area but guess what , I checked with the same delivery company which delivered the parcel to me and they accepted that the Myntra is still picking up their returns on daily basis. So isn’t it harassment or not ?                       My fault : I chose an Indian company to order products to promote and help Indian enterprises but their incompetence is next to none, their negligence is unparalleled and yet they quote “100% genuine products and easy returns”. This is no less than a hoax. I would request all you guys who are going to install this app to better go for some better e-commerce site rather than spending your time and money on this app.             I would also like to talk about the management of this company. Do you guys don’t even track your progress or quality inspection. I would suggest you guys to do regular inspections on all levels otherwise the company is going down pretty fast on standards and customer satisfaction.                   Twenty five hundred bucks is not something that would put dent in my pocket and I doubt it would make you significantly rich , but you guys have lost a customer and I would never recommend my family and friends to buy from Myntra.",2022-05-19T11:13:29.000Z,0,4.2204.2,https://apps.apple.com/in/app/myntra-fashion-shopping-app/id907394059
appstore_in_13677015051,app_store,IN,AshuStyle,5,Long-Lasting & Premium Fragrance at an Affordable Price,"I am honestly very impressed with Wild Stone Edge Eau De Parfum (100ml). The fragrance is fresh, bold and slightly woody, which makes it perfect for daily use as well as special occasions. It gives a very premium feel, much better than what I expected at this price.

The best part is its long-lasting power — it easily stays for 6–8 hours, and even longer on clothes. The fragrance is not overpowering but still strong enough to get noticed. I have received compliments after using it, which is always a plus!

The packaging is also very stylish and sturdy, making it good for gifting. Overall, this perfume offers great quality, amazing fragrance, and excellent value for money. Totally worth buying and I would definitely recommend it.",2026-01-26T07:20:07.000Z,0,4.2512.20,https://apps.apple.com/in/app/myntra-fashion-shopping-app/id907394059
appstore_in_13537413877,app_store,IN,Subhash0999,5,Wow,"Crocs Footwear Review

Crocs is one of the most popular footwear brands known for its comfort, lightweight design, and unique style. Crocs are made from a special material called Croslite, which provides excellent cushioning and support for daily use.

One of the biggest advantages of Crocs is their exceptional comfort. They are very light, easy to wear, and suitable for long hours, making them ideal for casual outings, home use, travel, and even work environments like hospitals and kitchens.

Crocs are also water-resistant and easy to clean, which makes them practical for rainy weather or beach use. The ventilation holes help keep feet cool and dry, reducing sweat and odor.

In terms of style, Crocs may not appeal to everyone due to their distinctive look, but the brand now offers many colors, designs, and modern variations to suit different tastes.

Pros:
	•	Extremely comfortable and lightweight
	•	Durable and long-lasting
	•	Easy to clean and quick-drying
	•	Good grip and foot support

Cons:
	•	Design may not suit formal occasions
	•	Slightly expensive compared to regular slippers

Overall Verdict:
Crocs are an excellent choice for anyone looking for comfort, durability, and everyday practicality. If comfort is your priority, Crocs are definitely worth buying.",2025-12-21T04:06:25.000Z,0,4.2511.11,https://apps.apple.com/in/app/myntra-fashion-shopping-app/id907394059
appstore_in_10558735046,app_store,IN,Khozi vohra,2,Disappointed with product and customer service,"I recently purchased a pair of shoes and i am deeply disappointed with the entire experience the shoes I received turned out to be extremely poor quality and they broken within a very short period of use 
I immediately contacted customer service to report the issue and request a refund unfortunately my frustration only grew from that point onwards despite multiple complaints the customer service team consistently assured me that they would resolve the issue within 24 to 48 hours however not only did my problem remain unresolved but there was a several lack of communication and updates from their and this left me state of frustration and disappointment as i had expected a more efficient and customer oriented response 
I hope myntra will take this review seriously and work on improving it’s customer service and quality control",2023-11-07T05:37:02.000Z,0,4.2310.20,https://apps.apple.com/in/app/myntra-fashion-shopping-app/id907394059
appstore_in_13950779128,app_store,IN,Ling@15,1,Disappointed,"I am extremely disappointed with my recent experience with Myntra’s delivery service. My order had already reached my city, which clearly shows that the delivery process was almost complete. Despite this, the order was suddenly cancelled without any proper communication or attempt to reschedule the delivery.

I understand that our state is currently facing some conflict and there have been curfew restrictions for a few days. Delays in such situations are completely understandable. However, cancelling an order that had already arrived in the destination city is not acceptable. Myntra could have held the package for a few days and resumed delivery once the situation improved instead of cancelling it entirely.

What makes this even more frustrating is that I had purchased the product during a special offer period. Because of this cancellation, I have now lost the benefit of that offer/discount, and if I want to reorder, I would have to pay a higher price. This feels very unfair to customers.

There was also a lack of clear communication regarding the cancellation. Customers deserve proper updates and better handling during temporary situations like curfews or disruptions.

Overall, this experience has been very disappointing. I expect Myntra to improve its service by prioritizing delayed deliveries over cancellations and ensuring customers do not lose out on offers due to such issues.",2026-04-12T17:04:27.000Z,0,4.2603.20,https://apps.apple.com/in/app/myntra-fashion-shopping-app/id907394059
appstore_in_6592501374,app_store,IN,wifey2718,5,Pathetic customer service!!,"It feels like I made a HUGE mistake purchasing from their app!! There is absolutely no ‘customer first’ attitude. The sad part is they are not even apologetic about the blunder they have made!! 

Ordered a dress for my child, received a plus sized maxi and it has taken all my efforts to PROVE that there has been a mistake at their end!! I feel such kind of attitude should not be ignored by the customer!! Just want other consumers to be aware of the fact that you are purchasing at your own risk because if something happens to the product, you are on your own with your money gone and no customer support!! 

I am seriously thinking of putting this in front of consumer court. The customer HAS to be compensated for such rowdy and negligent behaviour.",2020-10-31T04:54:17.000Z,0,4.2009.1,https://apps.apple.com/in/app/myntra-fashion-shopping-app/id907394059
appstore_in_13108835045,app_store,IN,Vika8992,1,Extremely disappointed,"The delivery agent assigned to my order was extremely rude and uncooperative. He was purposely roaming near my home, saying things like “I’ll come after 5” or “I’ll come later,” instead of delivering the package. When I raised an issue with Myntra, they only said they raised a complaint but no action was taken.

For my next order, the same delivery agent was assigned again. This time also, he was very rude. First he said he was at XYZ location, and when we told him to come to our location, he cut the call. After half an hour, he called again and asked us to come to ABC location. When we told him clearly that he needs to come to our address, he again hung up. When we called back to request him to at least listen properly, he started arguing rudely saying, “I know your location, I’ll call you when I come there,” and cut the call again.

I raised the issue again with customer support, but the executive named “Tanu” only repeated that a complaint has been raised. When I asked about the status of my previous complaint, she simply said, “How can I help you further.” When I told her she is not solving my issue and only repeating the same script, she muted the call for a while and then again said the same line. When I asked her to take her own complaint and her full name, she muted the call again and finally disconnected.

This clearly shows Myntra does not take customer issues seriously. Complaints are raised but no action is taken, the same problematic delivery agent is reassigned, and support executives simply repeat a script instead of resolving problems.",2025-09-07T08:44:23.000Z,0,4.2508.20,https://apps.apple.com/in/app/myntra-fashion-shopping-app/id907394059
appstore_in_12737394839,app_store,IN,Dr.Priyanka Basliyal,1,Pathetic service,"Dear Myntra Customer Support / Grievance Officer,

I am writing this with great disappointment regarding an unresolved issue with my recent order placed on 10th May. I had ordered a pair of white shoes, but to my surprise, I received shoes in the wrong color, and while the price tag was intact, there was no seal tag attached.

Despite reaching out to customer support multiple times and raising a complaint, I have not received any satisfactory resolution to date. I even paid an extra amount specifically to get the white shoes I wanted, and I have patiently waited each day for nearly a month, expecting Myntra to correct this mistake. Unfortunately, no replacement or update has been provided.

As a premium customer, I feel deeply let down. I trusted Myntra for quality service and prompt redressal, but this experience has been disheartening.

I now want to ask — if a customer fails to return an item within the specified timeframe, Myntra declines the return. So why is it acceptable for Myntra to delay and fail in fulfilling its responsibilities toward the customer? Why is there no accountability on your part?

I no longer wish to exchange the shoes, nor do I want a replacement. I simply want a clear answer:

What about me? What about my time, my money, and the emotional frustration I’ve gone through waiting for my product?
Looking forward to a response that acknowledges my concern with the seriousness it deserves",2025-06-05T04:19:38.000Z,0,4.2505.11,https://apps.apple.com/in/app/myntra-fashion-shopping-app/id907394059
appstore_in_10090590169,app_store,IN,Rohanboda,1,Awful and complete rip off. Don’t waste your time,"I ordered from Myntra twice, and had absolutely ridiculous experiences both times. The first time, I ordered a pant. On the day it was supposed to be delivered, I was out at a restaurant and didn’t have good service when the delivery guy called. I stepped out immediately and dialed again, and the guy didn’t pick up. And an hour later, I saw that the status showed “delivery delayed”. A week after that, I ordered the same pant on Ajio. They delivered it in 3 days and I cancelled the order on myntra (luckily it was pay on deliver, or else 1400 would’ve gone down the drain). And now, I ordered some pajamas. As soon as I got them, I tried them on, they didn’t fit, so I applied for a return and refund less than 10 minutes after it was delivered. Now they put my refund on hold because they’re saying the tags were missing even though the tags were intact when I returned it. Completely abysmal service. Never gonna use myntra again.",2023-07-01T01:36:51.000Z,0,4.2306.20,https://apps.apple.com/in/app/myntra-fashion-shopping-app/id907394059
appstore_in_10055937007,app_store,IN,depresseddoctor,1,Terrible service,"Been a long time user of Myntra, however over the last few months the quality has noticeably been declining. The products are sent in a terrible, TERRIBLE condition - often used by customers, stinking of their sweat, horribly crumpled, defective, and/or arriving incomplete (eg: without belt). Have also been sent the wrong size/product on occasion. Such poor service is unacceptable especially when the consumer is paying a substantial amount for the products ordered. In addition, a new “convenience fee” has been introduced which is a non-refundable amount. For the kind of quality you’re offering, it’s highly unjustified. The app doesn’t let you post these reviews and I’ve honestly been so disappointed with the overall experience. It’s become a gamble at this point, you keep wondering what condition the product will arrive in. I want so badly to keep the product but lately, you’ve made it a very disheartening experience. Please fix your quality.",2023-06-21T06:07:47.000Z,0,4.2306.10,https://apps.apple.com/in/app/myntra-fashion-shopping-app/id907394059
appstore_in_8331534663,app_store,IN,japneetAnand,1,Fraud site,"I ordered earphones on sale from this application. Worst decision ever made. I received empty package. After connecting to the customer service I was told to upload pictures. I uploaded the pictures and got no reply from the customer service. Then I connected with the customer service again and they said that a complaint will be registered and within 10-15 days I will get the update, I got no update. After 15 days I tried connecting with the customer service again and they said the complaint registered was wrong and that they will register a new complaint and to wait for next 15 days. Again I waited and still no response. It’s been months and no response to my complaints. I urge everyone to stop using these fraud shopping sites. They never return money and waste a lot of time. The customer service is pathetic who either doesn’t know how to lodge complaints or maybe doesn’t lodge complaints and just verbally say that they have lodged one.",2022-02-08T04:00:24.000Z,0,4.2201.0,https://apps.apple.com/in/app/myntra-fashion-shopping-app/id907394059
appstore_in_13699596122,app_store,IN,Akas012,5,I purchased a jacket,"""The fit of this jacket is spot-on! It's not too tight or too loose, allowing for a comfortable range of motion while still looking well-fitted. The material feels high-quality—soft to the touch but sturdy enough to provide warmth. I was pleasantly surprised by how light the jacket feels, making it comfortable to wear for extended periods without feeling weighed down.
The color is a blue, which looks even better in person.
It's versatile enough to match with almost anything, and it gives off a clean, minimalistic vibe. In terms of comfort, the padding keeps you warm without overheating, and the inner lining is smooth, making it easy to wear over different types of clothing. Overall, this jacket strikes a great balance between style, comfort, and functionality.""",2026-02-01T04:25:50.000Z,0,4.2512.20,https://apps.apple.com/in/app/myntra-fashion-shopping-app/id907394059
appstore_in_14310848228,app_store,IN,ava.aquarius,2,Bad user experience experience: really bad update.,"The most recent update on the Myntra app is absolutely pathetic. It’s confusing and lacks the most basic feature available on any retail app called ‘categories’, instead it is now has ‘Fwd’, ‘everyday’ and ‘luxe.’ 
Firstly, I don’t understand why anyone would need that classification and otherwise why don’t we can’t we have them in the categories/filter  section? 

I can’t simply go choose ‘bagpacks’ and browse all options. Instead I need to go search in the ‘search’ tab that takes ages to load and then the app crashes. 

Moreover, Myntra is visually polluted with too many ads and suggestions, more so now than ever. I open the app, see the noise and hate using it. It’s been at least more than a year now that I’ve stopped using the app. The website is still decent to use, but the filters could be better.

In any case, my experience using the app has been bad as of late. Most people know their brands, I don’t see why I’d need this special classification, and even if people need it, please return the categories section and put this in the filters instead. Give people a tour on the app to acquaint them to the features. 

Your buyers are not influencers, they’re normal people. We have busy lives, we don’t have the time to navigate aimlessly through the app.",2026-07-16T16:33:07.000Z,0,4.2607.20,https://apps.apple.com/in/app/myntra-fashion-shopping-app/id907394059
appstore_in_13103871341,app_store,IN,suppuunav,1,1-Star Review: Disappointing Experience with Myntra's Customer Service and Return Policy*,"I'm extremely disappointed with my recent experience with Myntra. I purchased a product on August 14, which was delivered on August 19. However, when I tried to return it, I encountered endless issues.

*The Return Process: A Never-Ending Cycle*

Despite multiple attempts to initiate the return, I've been met with silence. No updates, no communication, just empty promises. The ""Call Me Now"" feature is a joke - executives put calls on hold for 15-20 minutes, only to disconnect without resolving anything. The excuse? ""Technical issues"" preventing them from viewing my return request.

*Customer Care: More Like Time-Pass*

It's frustrating to pay platform fees for each product when the customer care is clearly not focused on solving issues. As a customer, I expect better service, especially when it comes to returns and refunds. Myntra's lackluster support has left a sour taste.

*Key Issues:*

- *Inefficient Return Process*: No updates or communication
- *Unhelpful Customer Care*: Calls on hold, technical excuses, and disconnections
- *Lack of Transparency*: No clear information on return status or refund timeline

*Advice to Others:* Think twice before purchasing from Myntra, especially if you're concerned about returns or customer support. Until they revamp their service, I'd recommend exploring alternative options ¹ ².",2025-09-06T02:14:55.000Z,0,4.2508.20,https://apps.apple.com/in/app/myntra-fashion-shopping-app/id907394059
appstore_in_11767031929,app_store,IN,CarolOfTheBells0112,1,Utterly Disappointed,"Recently I bought a make up product MAC studio powder plus foundation from myntra , unfortunately I ordered the wrong shade. while buying the product I definitely checked that the exchange option is available. when I tried to exchange I only got the size change option but the product comes in one size only that what is the point of giving the exchange option. They should have tagged this product as non exchangeable. I called Myntra customer care but they were not ready to exchange the product ans kept on saying only one size exchange is available . how come you give a size exchange option where there is only one size availble for the product. even after being an elite customer, they didnt even taken my consent. I told them
the package is intact and the seal is not broken but with no luck. the price of this product is 2880
. too much dissapointed with myntra . they really dont care about the customer ans they are just bluffing.",2024-09-26T15:28:14.000Z,0,4.2409.10,https://apps.apple.com/in/app/myntra-fashion-shopping-app/id907394059
appstore_in_9278849825,app_store,IN,Harshit786,1,Automatically cancelled my order after confirmation,"Seriously, This was my first 2 order that I have placed from your app which was available in heavy discount so I thought why not to try it with Myntra for first time. And what did you guys gave me in return, cancelled my order and didn’t even notify my. If the product wasn’t available then you guys shouldn’t have shown it available at that time on your application. 
All I want is to get my Souled store jacket delivered, why the hell you guys confirmed my order at that time when it wasn’t available. 
This is not how you guys treat your customer and what did you guys do compensating with ₹100 in my Myntra wallet. It is of no use to me, just get me delivered my order. There was miscommunication with you and your supplier, why would I be the one to compensate for it. The same product is available at their website at ₹2299 each and I ordered them from Myntra at ₹794 and ₹705. 

Worthless customer service and application of course.",2022-11-11T16:37:32.000Z,0,4.2209.1,https://apps.apple.com/in/app/myntra-fashion-shopping-app/id907394059
appstore_in_13712745422,app_store,IN,Ravneetkk,1,Complaint regarding payment deduction and incorrect delivery status,"Dear Team,

I am writing to report a serious issue regarding my recent orders placed through your app.

First, I placed an order costing around ₹150, and the amount was successfully deducted from my bank account. However, the order did not appear in the app at all. After waiting for some time and seeing no update, I placed another order costing around ₹121 and completed the payment.

Later, when I checked the app, the second order was marked as “Delivered,” even though I did not receive any call, message, or parcel from the delivery agent. I was not contacted at all, and nothing was delivered to me.

When I raised a complaint, it was ignored and not resolved properly. When your team finally contacted me, I was informed that the delivery agent claimed the parcel had been delivered to me. It is the delivery agent’s responsibility to call the customer before delivery, which clearly did not happen in my case.

I am extremely disappointed with this experience. My money has been deducted, but I have not received my orders. This feels unfair and irresponsible, and it appears that the app is only concerned about taking money without ensuring proper service.

I request an immediate investigation and a full refund for the undelivered orders, along with a proper resolution of this issue.

Looking forward to your prompt response.

Sincerely,
Ravneet Kaur",2026-02-04T17:00:38.000Z,0,4.2601.20,https://apps.apple.com/in/app/myntra-fashion-shopping-app/id907394059
appstore_in_5270287340,app_store,IN,man1@,5,slow delivery and bad service,"I’ve been using Myntra for many years it was good before but now service really went down, delivery takes 5 to 6 days it’s never happen from Flipkart if I order from flipkart they delivered my product in matter of 2 days from their expected date of delivery but Myntra is only delivering product on the expected date of delivery like after 6 days or so,,I ordered 1 jacket which 5 days back and still haven’t get yet as bought that jacket for today event, I called customer care they said we will only deliver your product on the date which they mentioned in ,that’s quite sad I never knew this gonna happen I thought my jacket is gonna with me in 2 days as before Myntra use to do...
Bad service 
Spoil my event 
Don’t wanna give them even 1 star",2019-12-14T04:41:37.000Z,0,4.1912.2,https://apps.apple.com/in/app/myntra-fashion-shopping-app/id907394059
appstore_in_13427728799,app_store,IN,glassglow,1,Worst customer service,"I have ordered pre paid 2 dupatta on 14th April 2022, I got a message that it will be delivered on 17th April and today is 14th May 2022, I have not received the order. Called customer support they say it has been delivered but that’s 100% wrong. Don’t know where he delivered or to whom he gave but I didn’t get it. When I said this the customer support person said I will get a call from supervisor in 24 to 48 hours but nothing yet. When I call again they are putting the call on hold and disconnecting the calls. So far I have called them 5 to 6 times no same problem. No solution yet no response from anyone from the company. Will never order again from this website again and everyone who ever order be cautious about their delivery and worst customer support . On top of this if you give low rating you cannot post review, it ask for nickname and you try hundred of them it says it has taken. No matter you choose any combination.",2025-11-22T12:17:03.000Z,0,4.2510.20,https://apps.apple.com/in/app/myntra-fashion-shopping-app/id907394059
appstore_in_13366329397,app_store,IN,AK_9.4,4,‘Wishlist’ option box,"Most of the navigations and functions on the app are good. What I really miss is the ‘Wishlist’ option in the first 4 boxes. Like most of my friends and colleagues, I usually don’t use the ‘insider’ or ‘coupons’ option frequently. Even ‘help centre’ is rarely used. Most of these offers are valid on items that we don’t buy or use. 
But I really miss the ‘Wishlist’ option in the first screen before the break. It should, ideally, be next to the ‘orders’ option as many times you keep the items in your Wishlist and then keep visiting it frequently while placing order. Even after scrolling, it is not highlighted and it become frustrating to look for it. 
In the desktop version, it is nicely placed under the ‘orders’ which according to me is the best placement. 
TY",2025-11-07T03:27:06.000Z,0,4.2510.11,https://apps.apple.com/in/app/myntra-fashion-shopping-app/id907394059
appstore_in_11307978383,app_store,IN,Sandeep066,1,Worst Customer Service Support,"One of the pathetic service support. Once you place the order they will cancel the order by themselves and they mention it as order was cancelled by customer. And once you reach out to the customer support they simply mislead you mentioning the order is placed for the same price and you don’t need to pay anything. But in order status it will be showing pay on delivery. If you ask about payment terms they mention it will get adjusted within 24 hours. And if you call customer support after 24 hours. They will inform that we’re misguided by support person. He will mention you you will not be able to get the product at same price. And moreover don’t believe in Myntra insider and all. It’s all fake. They will mention once the supercoins are used you won’t get them back even Myntra cancels your order. Even if you try to contact support team for that, it’s just waste simply of your time. Don’t trust on Myntra support team..",2024-05-26T05:09:33.000Z,0,4.2405.10,https://apps.apple.com/in/app/myntra-fashion-shopping-app/id907394059
appstore_in_8060993593,app_store,IN,cs7881,1,No refund after returning their product,"We purchased a product from Myntra in the 1st week of Oct and raised a return request as soon as we received it due to incorrect size. This was around Oct 7th. The return request got automatically cancelled multiple times and we had to call the customer service every time to reschedule it. Finally on Nov 3rd the item was picked up.
But until now we haven’t received our refund. When we contacted the customer service, the response was since they didn’t receive the product from the courier company who picked it up, they cannot issue the refund.
This is an internal issue of miscommunication and mismanagement between Myntra and the courier company. But still Myntra is not ready to accept this and refusing to refund us our amount. 
Even after almost two months, we are still fighting for the refund. I will never buy from Myntra again and will strongly discourage everyone else also from using Myntra.
Pathetic service.",2021-11-25T08:39:53.000Z,0,4.2110.2,https://apps.apple.com/in/app/myntra-fashion-shopping-app/id907394059
appstore_in_10009516387,app_store,IN,kashu3152,1,Received fake product,"On 20 April 2023,  I ordered Adidas original men white & blue leather Argentina superstar sneakers size UK8. On 23 April 2023 i received the parcel which is different product Adidas shoes from inside. I called the customer care executive so many times of myntra and they ask me to wait till 04 April for the resolution and now today 05  April but they are giving me date again and again. I am very disappointed with there services. I am asking my refund or the product but they are refusing the both things. And we have proper unboxing video and photos so I attached in this email . 
I ask several times with the delivery man that I have to open the parcel and check everything in front of them but he refuse to doing the same thing. So now the conclusion of all this is that I am writing the office mail to the CEO of Myntra and want the proper resolution of this situation. Myntra is the fraudest e- commerce website. They take the money of their customers and don’t give their right parcel to them.
Fake, Fraud and most disgusting website. Boycott them immediately.

Don’t believe on their services they are such theif people and the fraud website.

Totally Unacceptable these things, now i tell them what happen when they do fraud with their customers.

Even now Myntra don’t capable to get the reviews. They don’t have their loyalty to give the right resolution to their customers.

Shame on you Team Myntra.",2023-06-07T18:10:49.000Z,0,4.2305.10,https://apps.apple.com/in/app/myntra-fashion-shopping-app/id907394059
appstore_in_13368619834,app_store,IN,Jelllymon,1,WORST SERVICE DELIVERY,"There is aHUGE problem with your customer service , first of all whenever there’s a real issue all your representatives go no BUSY . I dont know wht the problem was but i got a product Crocs which was something small than expected soo .. since the return / exchange window was open i tried exchanging the product with a bigger size which was available but apparently your EXCHANGE DELIVERY SERVICE was not available at my address (in Delhi) .. so i tried a different address a completely different state ( j&k) your exchange service wasn’t available . I also had one of my friends address in my account that is of Navi Mumbai , though i wasn’t gonna go there but i checked the address for exchange and it wasn’t available there too
So apparently MYNTRA EXCHANGE SERVICE wasn’t available in 3 states for like 2 days ..
Anyways i sought to my last option to return the product and here also i tried reaching out to customer support but they weren’t available for a whole day i somehow requested a return and by a coincidence i was out of my place for some time and wasn’t available at the time
Now since morning ive been continuously trying thier service to re initiate a return request but no response is yet recieved and today is my last day of return soo im very disappointed from the whole company itself which i waa never before 
Im an insider member and still you’re treating your customers this way soo i can imagine how you’re treating your normal customers 
I hope i get an appropriate response otherwise i would definitely like to take this short story to social media platforms",2025-11-07T16:18:06.000Z,0,4.2510.20,https://apps.apple.com/in/app/myntra-fashion-shopping-app/id907394059
appstore_in_11741471499,app_store,IN,Ldsouza17,1,Horrible services,"Every time I ordered anything from Myntra before I was happy with the service and the products. Recently I ordered some pants which unfortunately was delivered with another name tag / company.
Myntra refused to take back the order saying it’s not the product which reflects on their app! Duh! Obviously it’s because you guys sent me the wrong order. Still I thought of checking the chat system, which is even more pathetic, the bot responds and we are supposed to select options according to their preferences!!! Can’t even write our message. This being said, I went to write a feedback on the product, where MY COMMENT WAS NOT APPROVED !!! Like are you kidding me !! Send the wrong product!! Make the customer run around to click pics and send !!! Their inbuilt camera is also horrible !!!! 

Still not losing hope I ordered few things for my friend and now they won’t take those orders back too!! 
Myntra what m I supposed to do with the orders I don’t want??",2024-09-19T15:45:41.000Z,0,4.2409.10,https://apps.apple.com/in/app/myntra-fashion-shopping-app/id907394059
appstore_in_10799343957,app_store,IN,krish11v,1,Worst app,"This app is the worst app ever , I ordered a top cash on delivery , the delivery agent refused to come to my door step instead he insisted to give the parcel 15 mins away and asked me to walk down to the location when I refused to do so he cancelled my order , and when I tried to get in contact with customer care it was such a pain because they don’t have the facility to speak to customer care executive, instead I had to chat with them and all they kept saying was we understand for there delivery partners rudeness , apart from that when I reattemppted the delivery the same guy calls me again and says if you won’t come 15 mins away from house I will cancel your order he was rude and was acting like a criminal ,this app is not safe , I will never order any stuff from here if I could I would rate them -0 , also I ordered a size Xxs and I received an xs , but I don’t have the courage to exchange it because I’m scared of there delivery partner who acts like a criminal worst app",2024-01-08T16:23:23.000Z,0,4.2312.23,https://apps.apple.com/in/app/myntra-fashion-shopping-app/id907394059
appstore_in_9199897520,app_store,IN,Product mismatch,1,"Pathetic service, misbehaved done by their drunked  delivery boy","Shame , shame shame on brand like myntra Even after multiple complaint no action taken as client i am only struggling nor received refund nor product was delivered - myntra sends drunked delivery boy to my place who misbehaved and delivering open product on asking said toh kya hua khali dekha he toh hey I have declined at time of delivery to accept open packet on mu face he market that parcel as delivered n said jo banta he karlo and took packet also back with him??? After that 3 mire order is with same delivery boy daily i get sms out for deliver i kept calling myntra boy n customer care they are not responding n on top of that daily evening i get sms failed delivery attempted Shame shame shame on myntra Lets drive this and bring in the media also so that they stop taking their customer for ride as in dat my 4 orders are lying as it us not rcd product nor money every day i get next date and their ceo nandita sinha - doesnt bother to reply even after sending her msg — wow???",2022-10-19T10:23:58.000Z,0,4.2209.1,https://apps.apple.com/in/app/myntra-fashion-shopping-app/id907394059
appstore_in_7548227511,app_store,IN,3 year myntra user,1,"Beware of your money, they will grab your money for no reason","1. Always getting logging out while using app( if you try to add items to bag) 2. Cant add address (asking to login again) 3. Asking to refresh while doing payments (chance for going money twice) 4. No use of any coupons (they will show you lot of offers and coupons. But no any use of these) 5. Delivery time ( i have ordered few items for giving as birthday gift, in that only one item delivered, even after 3 days of his birthday and two items status showing as ‘in transist’. When i cancelled myntra didnt refund me for one item of the three 6. No response from customer support side always 7. The great thing you cant contact a human being when you try to get a support or help from myntra 8. Peoples using from abroad strictly avoid myntra, as you cant make a call, make a mail , or contact them if you are out of india , you hav to ask help from your friends in india ( from my experience)",2021-07-07T05:56:14.000Z,0,4.2105.1,https://apps.apple.com/in/app/myntra-fashion-shopping-app/id907394059
appstore_in_6507500046,app_store,IN,A&yv,1,"Deteriorating app, pls shop from other options","Myntra once upon a time was good and I was a regular shopper.  But recently it has become very bad. Poor delivery, bad packaging , and even the delivery staff is deteriorating. 
I have had 2 major incidents in the same month, which gets me to a point of “never shop from Myntra”.
I ordered 2 pair of same size and style crocs . I received one medium size parcel (delayed off course). Now as the new world norm says, we quarantine the parcel for 72-96 hours given the packing is all plastic. And after this quarantine was over, we opened the parcel and only found 1 pair of crocs in the parcel. I have cameras in my house at every angle. I have full recording of how the parcel was received , quarantined and opened only to find 1 pair of crocs when I paid for 2. 
Endless mails , calls , feedback. They refused to budge. They off course will have records at their warehouse and get it checked from the inventory team also that only 1 pair was delivered . But they decided to not help or refund. 
Second incident happened today with a pyjama. I again opened the packed today after 72-96 hours quarantine, only 2 find a wrong sized bad quality Pyjama. I didn’t even want to try it and put a return request that instant. The pick up guy immediately came and refused to take it as he said 1 tag is missing. I told him it was never there and again have full video recordings to prove. But they refuse to listen .
second loss this month And hence this is the end of my Myntra journey",2020-10-06T18:23:23.000Z,0,4.2009.1,https://apps.apple.com/in/app/myntra-fashion-shopping-app/id907394059
appstore_in_13816462038,app_store,IN,StyleExplorer,5,Best fashion shopping app experience till date,"I’ve been using this app for a while and the experience has been really smooth. The interface is very user-friendly and it’s easy to find products from different brands. I especially like the wide variety of styles, quick delivery, and easy return/exchange process. The product images and size guides are accurate, which makes online shopping much more reliable.

Customer service has also been helpful whenever I had questions about orders. Overall, it’s one of the most convenient fashion shopping apps I’ve used and I would definitely recommend it to anyone who enjoys hassle-free online shopping. Great work by the team! ⭐⭐⭐⭐⭐",2026-03-05T13:56:49.000Z,0,4.2602.10,https://apps.apple.com/in/app/myntra-fashion-shopping-app/id907394059
appstore_in_6063483881,app_store,IN,Daraksha18,1,Worst app ever very bad experience n very bad service,I have an issue regarding the app i m having money in myntra credit but i m not able to use it even wen i m doing the payment the otp is going on another number i thought there was some issue with my card so tried using my card pn another website n it worked perfectly fine but only on myntra its no working i m not able to place my order its showing payment failed n even its showing blocked domain i tried contacting customer care agent but no one was ready to help me I contacted customer care three times today but all the three times the agents disconnected my call n i they are writing to me tht issue is solved n no one is helping me i did not accept this from myntra the agents are not ready to help us such a bad service i m going to put this all over social media even on the play store k m not going to leave u guys u guys are theif n such a bad service frm ur agents tht they are disconnecting my calls very bad i m going to contact consumer coat very bad service frm myntra,2020-06-11T15:29:13.000Z,0,4.2006.4,https://apps.apple.com/in/app/myntra-fashion-shopping-app/id907394059
appstore_in_5341881290,app_store,IN,divya divyani,1,Fraud,Myntra started cheating customers I have ordered a faballey top of 670rs women’s top wear and they have delivered me a men’s shirt of rs370. They delivered me wrong product even some other person name was return on top of it they packed it my name’s label. I have raised a return request but delivery person rejected to take back the product and asked me to raise a complaint in customer care. I have called up customer care people they raised a complaint taken all the details barcode and all. They said it will be resolved by 4 to 5days. I waited for that and I received a txt msg that your issue is being resolved and return of product is declined what rubbish is this. I contacted them they said itz just declined the person who was speaking(customer care executive) he was even unable to explain the reason why it’s rejected. Again he askd me all the details and said that he wil raise a complaint again. Is this a joke what rubbish myntra is doing. This is not just done fraud issue . I used to shop a lot from myntra but now I have got a lesson worst service.,2019-12-31T07:54:34.000Z,0,4.1912.2,https://apps.apple.com/in/app/myntra-fashion-shopping-app/id907394059
appstore_in_5228372066,app_store,IN,M.Rajasekar,1,Defective product and return is not accepted,"I ordered ceramic cups which are inward bent (a flawed design)so when I had tea it’s leaking. I asked for return and they said it’s been used, but the design of the cup itself is flawed. Poor customer care didn’t accept my return. Also they are invading my privacy. I ordered hrx tees now whenever I open my Facebook it gives the ads of the things I ordered with Myntra, privacy theft. Also twice, the delivery boy did not delivery me at the door. He asked me to come down from my building and I got the delivery, at the road, twice it happened. Why can’t they have rating for delivery. Sometimes they are good but mostly not they don’t understand the problems faced by the customer. They say they will return but they won’t. The brand tag on kontyy was damaged and it’s not looking good when I ware. They have all the defective cloths on their app and say they don’t accept return. I called the customer care first they picked up the call and disconnected me and I have to try once more to get connected.",2019-12-03T11:12:16.000Z,0,4.1911.1,https://apps.apple.com/in/app/myntra-fashion-shopping-app/id907394059
appstore_in_13873907379,app_store,IN,Drgupta94,1,"Safety Risk, Zero Customer Support – Avoid This App","I had a deeply disturbing experience with Myntra that goes beyond poor service — this is about customer safety.

I ordered a product and returned it due to fitting issues. The delivery associate checked the seal and brand tags at pickup and processed the refund. Everything was done as per protocol.

A day later, the same delivery associate started calling me repeatedly (6–7 times), accusing me of fraud and claiming I had returned a fake product. The item had already been out of my possession for over 24 hours. As a customer, I can only verify authenticity through seals and tags — which were intact.

Then the situation escalated. He demanded money and threatened to come to my house with people if I didn’t pay.

This is not just bad service — this is harassment and a serious safety concern.

I immediately tried contacting Myntra support through the app, calls, and email. There is no real customer support. Only chatbots and automated replies. No option to speak to a human. The system kept saying someone would contact me in 24–48 hours.

In a situation involving threats, 24–48 hours is unacceptable.

Despite sharing the delivery agent’s details, I received no immediate help. The situation escalated so quickly that I had to pay extra money just to protect my family.

Customers share their home addresses and trust these platforms. When something goes wrong, and there is no real support system, you are left completely vulnerable.

This was my last transaction with Myntra.

Avoid this app if you value your safety.",2026-03-22T04:45:00.000Z,0,4.2603.10,https://apps.apple.com/in/app/myntra-fashion-shopping-app/id907394059
appstore_in_12584247906,app_store,IN,Think before  ordering,1,Think before ordering from Myntra- Fraud By Myntra,"I read one of the reviews here and I experienced the exact same thing. I ordered three Tshirts which were of very poor quality and were without any tags, when I returned the products, the delivery agent picked up all the three products but thereafter it was showing on the app that return was on hold , when I contacted customer care they said that there logistics team has not received any product, then from one delivery agent I got to know after 10days that tshirts were kept at ekarts office and he returned them to me. I again requested for return and after 5 days when it was picked up, I got refund for one product only and for the other two they showed that product was not received. I called at Ekart office at my place who accepted that they got the product and forwarded ahead. But there was no resolution from Myntra’s side. Again I have no product and no refund. This has happened with many customers.",2025-04-25T13:03:03.000Z,0,4.2504.10,https://apps.apple.com/in/app/myntra-fashion-shopping-app/id907394059
appstore_in_10661093149,app_store,IN,Iddndbf,1,Big time fraudsters! Never buy from Myntra,These people are duping customers under the name of delivery fee which is 79 Rs. and platform fee of 20 Rs. and the reason they mention is that it is being levied as the returns are more than usual or average order value is less. I have placed 2 orders till date and not returned any product and both the order value is more than 1000 Rs. Still they have levied these fraudulent charges without any reason. I contacted customer care and a person named Shivangi blatantly told that the charges would be levied as per policy and that she cant help. I placed order through my cousin's account who hardly uses it and there no delivery charges were applicable despite low order value and returns as well. What a pathetic user policy and big time fraudsters. I would suggest everyone to stop buying from these cheats and save your hard earned money which they loot from you under the pretext of different charges. Really pathetic app and its fraudulent policies,2023-12-05T19:44:41.000Z,0,4.2311.20,https://apps.apple.com/in/app/myntra-fashion-shopping-app/id907394059
appstore_in_10561963891,app_store,IN,Deepa Shewale,1,Worst Customer Service,"I have been a very regular customer of Myntra more the 10yrs but I now I don’t trust them they are cheating customers by sending defective, missing and used products and when you try to put the complaint or request it goes to their deaf ears they will not listen and will not provide any solution Infact they will repeat that again and again same that they cannot help you!
I purchased one set of kurta pyjama for my son it was delivered to me on 4th Oct 2023 which came missing part unfortunately I opened the parcel after 3 days and since there is no provision to return for missing item I had to escalate the matter to the customer service Mr Mohin the manager as he said he is but I doubt has no solution to it neither he was finding any way to help. Anyways I asked them to share the camera footage when the product was getting packed which he denied and denied any help.
So what should I do! Such a bad experience I think I will delete this app",2023-11-08T03:22:02.000Z,0,4.2310.20,https://apps.apple.com/in/app/myntra-fashion-shopping-app/id907394059
appstore_in_9916244325,app_store,IN,Anjum W,2,Best app but …,"Nowadays receiving different products and also not able to return them because customer care is busy and unreachable most of the time. Myntra needs to improve their customer care. Also they need to check why different products are being delivered. Something is wrong at the level of delivery personnel maybe. Because myntra just rejects the return saying product was packed and dispatched in goods condition. I have shopped so many things on myntra because of this trust that I will never get any fake products but nowadays loosing tryin myntra. Myntra really needs to keep a check at all the levels through which product is going before it is being delivered to customer. Recently I ordered a shoe of sketchers brand worth Rs 5000, but received some local brand 500 Rs shoe. Never expected this and did not make any unpacking video for the same. Now struggling to return that fake product and get a refund",2023-05-11T16:37:11.000Z,0,4.2304.20,https://apps.apple.com/in/app/myntra-fashion-shopping-app/id907394059
appstore_in_7247594348,app_store,IN,ZerefDrag13,1,Covering lockdown loss by scamming customers,"Bought a jumpsuit to gift someone, the fitting was not good enough so returned the product, which 3 days later was delivered back to me saying it is a “damaged item, hence cannot be returned “ . Talked to customer care about the issue, they said there is a piece of torn thread around the neckline, hence cannot be returned. On cross-checking, the product images shown on myntra also has the same thread lying outside the neckline which is clearly visible on zooming the image. Sent the screenshot as well as my product images to chat support, return request was declined again, and the messages from my end are not even visible there anymore, only the reply from Myntra is being displayed. And apparently, I’m a guy, so cannot even wear this jumpsuit, nor can i gift it to the friend I bought it for because of poor fitting. So just have to keep this jumpsuit unnecessarily because the app doesn’t want to refund my money.

HATS OFF TO MYNTRA FOR COMING UP WITH THIS STRATEGY TO FOOL PEOPLE 🙂",2021-04-21T15:24:17.000Z,0,4.2103.3,https://apps.apple.com/in/app/myntra-fashion-shopping-app/id907394059
appstore_in_6910311833,app_store,IN,dr lakshith,1,Irresponsible cheats,"I had ordered a shoe for 9000 INR on Myntra In December ... the order was not accepted by the app but the amount got deducted . 

Had called the horrible customer care executive the same day and he was rude enough to say “ sorry sir as the order is not shown in the app  he can’t help me “ . 

By the way I paid with my credit card  EMI and the bank records clearly says  the amount is debited to Myntra . 

I had a verbal argument with him and threatened to go to the consumer court and that’s when he took it seriously and wasted another 45 minutes on the call only to say to wait another 48 hours ...  

This trend continued for another two times and finally on 29th after multiple complaints the amount was refunded and the next day on 30 th the money was again debited out . 

I again raised a complaint regarding this and the customer care guy was useless at providing the solution and kept closing the complaints before actually resolving it . 

I have repeatedly asked for a senior executive to call me and no one did . 

I actually called seven 7 times in total and the complaint was closed without a solution  . 

Finally after repeated threats to reach the consumer court a senior executive  spoke to me to tell me that the amount is deducted by the bank and I need to contact them for the same . 

I had to wait 45 days and several hours of phone calls with these ill informed call centre guys before finally getting a solution . 

I Will never again buy anything again nor will I recommend this app to anyone .",2021-01-25T02:58:21.000Z,0,4.2012.0,https://apps.apple.com/in/app/myntra-fashion-shopping-app/id907394059
appstore_in_5833423291,app_store,IN,cheat myntra,4,cheating myntra,"Now myntra started cheating and giving wrong products to everyone they didn’t even care about their customers and they were not able to help us with anything even they were not refunding the money to their customers , they also started giving defective products to the customers and not giving any response to the customers for refunded money, my two refunds are pending from 1 month and they were not refunding me, when i called the customer care services for the refunds they always tell me to send another another kinds of photos to their emails and not giving me the refunds .so if you want to order anything from myntra be careful and not order from myntra try to do your order from other shopping apps because now they started cheating and not giving any response to the customers",2020-04-19T08:45:18.000Z,0,4.2003.3,https://apps.apple.com/in/app/myntra-fashion-shopping-app/id907394059
appstore_in_13927699813,app_store,IN,@dipali,1,Myntra has provided extremely poor service regarding refunds. It is incredibly frustrating.,"I ordered bangles from the Myntra website, but I cancelled the order due to an incorrect size and requested a refund. However, the refund has not yet been credited to my bank account. I have contacted the Myntra Help Center about this issue 3 to 4 times, but they simply keep telling me that the refund will arrive and to wait. Furthermore, they mark the issue as ""resolved"" even though I have not actually received the refund yet. It has been a very poor experience.
Is this all the customer is supposed to do all day—keep talking to Customer Care and asking for a refund? Myntra has provided extremely poor service regarding refunds. It is incredibly frustrating. I certainly did not expect this from the Myntra website. Now, after speaking with the Help Center, he told me to wait until the 13th. Am I just supposed to keep waiting indefinitely? I want my refund today.",2026-04-06T06:25:44.000Z,0,4.2603.20,https://apps.apple.com/in/app/myntra-fashion-shopping-app/id907394059
appstore_in_13644258546,app_store,IN,rahulsersiya,5,Fooling Consumers with their return policy in the name of quality check,"Recently bought two pairs of us polo shoes, both the shoes had fitting issues one was bigger and other smaller So I exchanged one because it had exchange available and other one I had to return coz no exchange was available. Both the shoes had their tags Intact and Shoe box available but Myntra rejected both my return request and exchange request in the name of quality check fail. I did put up a complaint but nothing happened. The only mistake of mine was I did not make a unboxing video so I had no proof to show that product wasn’t used. I request everyone next time you purchase anything from Myntra do make an Unboxing video for the proof.",2026-01-17T14:55:56.000Z,0,4.2511.11,https://apps.apple.com/in/app/myntra-fashion-shopping-app/id907394059
appstore_in_13853154531,app_store,IN,Shyam Ag,5,"Stylish, Comfortable & Great Value from PUMA","I recently purchased these PUMA shoes from the Myntra app and I’m very happy with the overall experience. The shoes look exactly like the pictures shown online and the design is very stylish. The build quality feels premium and the material is durable yet lightweight.

They are extremely comfortable for daily wear. The cushioning provides good support, making them perfect for long hours of walking. The fit was accurate to size and the grip on the sole is also quite good.

Delivery through Myntra was quick and the packaging was neat. Overall, this is a great purchase and definitely worth the price. I would highly recommend these shoes to anyone looking for a combination of style, comfort, and quality.",2026-03-16T04:56:50.000Z,0,4.2602.20,https://apps.apple.com/in/app/myntra-fashion-shopping-app/id907394059
appstore_in_6769186483,app_store,IN,vanduz,1,Really really disappointed with MYNTRA,"I have orderd a philips straightner on beginning of the month and the delivery was shown on 9th december. It got delayed now there is tracking shown at myntra side as well.
When contacted customer care team they are updating me we refused to take the parcel which was never happend. We havent even received the call from any person. One automated call we are receiving from GATI parcel service that address is incorrect.
I DONT UNDERSTAND THE POINT ADDRESS INCORRECT HERE!!! We are getting parcel from each commercial sites on daily basis on same address even from myntra i received package earlier of this month. How come suddenly one day address becomes invalid??!

When i tried to contact GATI parcel services also they are providing stupid excuses on daily basis that request has been initiated we are not even getting a contact number to check out where the product is. Now we asked them phone number in state that we will only go and collect the parcel.

Whats the point of ordering things on online if we are not even getting delivery.
I am not able to even cancel the product as well now.
 REALLY DISAPPOINTED WITH MYNTRA. This is the worst experience i have faced ever in my lifetime. We are paying money and ordering something and not even getting product on time moreover delayed for more than a week of delivery and when we are asking for details nobody is able to give a proper solution. 😡😠😔🙁",2020-12-19T04:43:49.000Z,0,4.2011.0,https://apps.apple.com/in/app/myntra-fashion-shopping-app/id907394059
appstore_in_11036497250,app_store,IN,Akash Anup,1,Disappointing Experience: Missing Items and Failed Investigation by Myntra,"I recently ordered two Jack and Jones and one HRX track suits from Myntra, and unfortunately, my experience turned out to be extremely disappointing. While the delivery was prompt, within one week, the contents of the packages were far from satisfactory. Instead of receiving complete track suits, I found only the track pants in each package; the jackets were missing from all three.

Understandably frustrated, I promptly raised multiple complaints with Myntra's customer service team. However, despite communicating with them tirelessly for over a week, the response remained dishearteningly consistent. According to Myntra, the products had allegedly passed all quality checks, and they insisted that the delivered items were not tampered with.

This lack of accountability and failure to acknowledge the issue left me with three track pants but no jackets, rendering the entire purchase useless for my intended purpose. As a consumer, this experience has left me deeply dissatisfied with Myntra's service. Despite their claims of quality assurance, their inability to address a clear problem within their supply chain reflects poorly on their commitment to customer satisfaction.

Regrettably, I cannot recommend Myntra based on my recent experience, and I have no intention of using their services again in the future.",2024-03-12T13:52:21.000Z,0,4.2402.10,https://apps.apple.com/in/app/myntra-fashion-shopping-app/id907394059
appstore_in_10455727850,app_store,IN,Sp@1122,1,Horrible customer care. Just know how to cheat customers,"2 of my orders had to be delivered with COD, I paid the amount to the delivery agent, but received only 1 of the ordered items. 
I highlighted the same with customer care, stating the entire issue and that 1 order is missing but is marked delivered. They raised a complain and made me wait for 4 days just to say they need 48 hours more to investigate. Then after 3 more days, they closed my complaint without any resolution or update. When I called the customer care again, questioning about my order, they falsely claimed that I confirmed my order got delivered. Its already been a week, and now they say they’ll re-raise the complaint and have asked me to wait for another 4 days. 
I mean eventually I’ll give up trying to get refund and these people would just go about without any accountability of the issue.
Never ordering from here again, and will ensure none of my acquaintances do so either.",2023-10-09T13:33:40.000Z,0,4.2309.21,https://apps.apple.com/in/app/myntra-fashion-shopping-app/id907394059
appstore_in_10311898771,app_store,IN,Brhbebejejbdhjd,1,WORST CUSTOMER SERVICE,"Myntra is just valued by clothing not by customer service. I am a Myntra insider customer and I experienced such appalling and disappointing customer experience where I feel pity on a normal customer of how they would be treated. I ordered a black shirt for a special occasion and it never arrived though it was prepaid. After 5 days when it didn’t arrive it was automatically marked as delivered only to know that it wasn’t. Had been contacting for more then 2 weeks and still the issue is mot resolved. Even at the managerial level they couldn’t resolve my issue and they asked me to do a favour for waiting 24-48 hours as if I had not favoured them of waiting more then 2 weeks. WhenI asked them to cancel the order and refund they said they need to check with logistics and they have been for more then 2 weeks. 3 managers calls and no resolution in 2 weeks still. How can a customer be valued ???
Appalled and Disheartened. Go for other applications. 🙄🙄",2023-08-29T12:43:29.000Z,0,4.2308.20,https://apps.apple.com/in/app/myntra-fashion-shopping-app/id907394059
appstore_in_6343918935,app_store,IN,C T Sangma,1,"The worst shopping app ever , this app doesn’t even deserve one star!!.","Ordered a roadster shoes yet I received another item which is a Nike shoe in UK 12 which belonged to someone else named Sanju Yadav. Then I tried to place a return request n called up myntra’s customer care , the CCEs are so rude, n kept on saying that their system isn’t working n asked me to call them back the next day n then the next day too I didn’t get this problem solved! It wasn’t my fault that I have received a wrong package, it’s a technical or shipping error from your end so should the customers suffer ? It’s your duty to solve the problem ASAP without troubling the customer! I was one of the fan of Myntra Shopping App but not anymore ,the quality of  your service n your assistance has degraded to the lowest scale possible!! You guys don’t even deserve a single star anymore! People please beware n don’t shop from this app , opt for cash on delivery but don’t do card or UPI payments as it’s nearly impossible to get a refund from myntra! Totally absurd!!",2020-08-21T06:48:48.000Z,0,4.2007.0,https://apps.apple.com/in/app/myntra-fashion-shopping-app/id907394059
appstore_in_13964306476,app_store,IN,Meghami12,1,So disappointed,"I recently had two very disappointing experiences with Myntra.

The first order was a necklace from the Rubans brand. The expected shipping date was 14th–15th, but even by the 16th, the order had not been shipped. Since it was still unshipped, I tried to cancel it. The app showed that the cancellation would be processed within 20 minutes, but even after several hours, the order was not cancelled and no refund was initiated. This has unnecessarily blocked my money and prevented me from placing another order.

The second and more serious issue was with a bridal chooda ordered for my sister’s wedding. We received a completely wrong product of very poor quality instead of what we had ordered. We immediately requested an exchange, but the delivery kept getting delayed for several days. Each time we contacted customer support, we were simply asked to “wait for another day” with no clear resolution. Eventually, the exchange order got automatically cancelled without being delivered, even though it showed the product was in Delhi. We then had to contact customer care again to initiate a return.

This entire experience has been extremely frustrating:
- Wrong products being delivered  
- Unreliable exchange process  
- Continuous delivery delays  
- Ineffective customer support with no real solutions  

If a product is not available, it should be marked out of stock instead of putting customers through such inconvenience.

This kind of service, especially for important occasions like a wedding, is completely unacceptable. I hope Myntra takes this seriously and improves its service quality and seller verification process.",2026-04-16T15:43:47.000Z,0,4.2604.10,https://apps.apple.com/in/app/myntra-fashion-shopping-app/id907394059
appstore_in_6742769379,app_store,IN,DeepMeet91,5,Customer Harassment,"I have been shopping with myntra for many years now and was pretty satisfied until I started receiving wrong products and incomplete packages, I reached out out to customer care help lines for several times, got several complaints registered through them but in the end its only the time waste i am doing by reaching out to the help line.
Always assured of being given help on my product exchange and pickup, nothing has been done in more than a month now.
One of my faulty product delivered is out of stock after a month and the other incomplete package is still in the complaint box... no action taken yet....
Its just the harassment from last one month or soo....
Need to improve and focus on customer satisfaction.....",2020-12-11T21:42:45.000Z,0,4.2011.0,https://apps.apple.com/in/app/myntra-fashion-shopping-app/id907394059
appstore_in_10551631689,app_store,IN,Prerna_Singh,1,Pathetic service for return and exchange,"Myntra has pathetic customer care service these days, for 3 days I am waiting for my product to get exchanged, first they sent big size then saying some server issue and because of which I am not able to exchange with small size. Now after 3 days there team is saying product is out of stock and I can’t exchange but we can return it. So for returning first thing they will deducting money whatever they charged me as convenience fees, and now return complaint is raised by their team and after 3 days they will let me know. And this is too inform that the product is under 14 days exchange and return and since very first hour of product delivery I am trying to raise exchange request. And it’s more than 3 days and still I have to wait for 3 more days then they will let me know the return request status… I don’t remember from when Myntra makes return and exchange product too complicated for user.",2023-11-05T05:31:05.000Z,0,4.2310.20,https://apps.apple.com/in/app/myntra-fashion-shopping-app/id907394059
appstore_in_7674100392,app_store,IN,shanwaz khan,3,Not a good app,"I think it’s a bit costly I purchase a kurta from house of pataudi on Myntra. I returned it back after three days i got my 1699 rupees in the form of Myntra credit. Then I tried to purchase another product with my Myntra credit. There was some problem it was not able to send otp . I tried to get otp continueously. But didn’t get it . Suddenly app stopped working then I just logged out and then logged in after that when checked my Myntra credit it was zero even the whole account became new like i have never ordered anything before or used it . When contact to customer service, he told me that it happens some times and he asked me to log out and then log in and I followed all the instructions and still I didn’t get my money back. I want it either in the form of Myntra credit or back in my bank account",2021-08-09T20:00:04.000Z,0,4.2107.3,https://apps.apple.com/in/app/myntra-fashion-shopping-app/id907394059
appstore_in_12013078788,app_store,IN,Snakshi,5,Myntra: A Fashion Lover’s Paradise,"Myntra is a one-stop destination for fashion enthusiasts! With an extensive range of clothing, accessories, and footwear, it caters to every style and occasion. The user-friendly app and website make shopping a breeze, offering detailed filters, accurate size guides, and easy navigation.
One of Myntra’s standout features is its amazing discounts and frequent sales, making premium brands affordable. Delivery is swift, packaging is secure, and the return/exchange policy is seamless. Customer service is prompt and resolves queries efficiently.
Myntra not only keeps up with the latest trends but also ensures quality and variety, making it a reliable choice for every shopper. Highly recommended for anyone looking to elevate their wardrobe effortlessly!",2024-12-01T11:31:57.000Z,0,4.2411.20,https://apps.apple.com/in/app/myntra-fashion-shopping-app/id907394059
appstore_in_6413766469,app_store,IN,DRTANIMZ,4,One star for customer service,I hv been using myntra for almost 6years now or more . This app has everything but one thing is that  is horrible here is customer service . There is no ‘chat ‘ options and the mailing options takes forever to solve a problem (sometimes they just close the issue without giving any resolution). The calling options has only two language English and Hindi. In our country not everyone can speak english or hindi . Other platforms provide all the regional languages customers service but as being the india’s biggest fashion hub cant even have a proper customer service. The people in the customer service are also not very prompt on what they are doing . I hope they will really start giving value to their customers .,2020-09-10T07:09:15.000Z,0,4.2008.2,https://apps.apple.com/in/app/myntra-fashion-shopping-app/id907394059
appstore_in_4367073325,app_store,IN,Shopsrinivas,1,Serious Security flaws,"I have been using Myntra for very long time but recently the wallet functionality (Myntra Credit) has serious security issue. I had around ₹1700 in  Myntra credit account added via refunds in Sept 2018. Somehow a fraudulent transaction happend on May 1st 2019, without my knowledge. My account phone number was changed and an order was placed using the money from my myntra credit wallet. Today I complained to Myntra about this and they are asking me to lodge a complaint with cyber crime police and trying to wash off their hands. When the wallet is maintained by Myntra, if there is fraudulent transactions happen Myntra should take action instead of asking the customer to go to police station. If it was a bank transaction I would’ve asked the bank but here the security issue is in Myntra wallet. There should be at least an OTP based authentication done when using money from wallet. No checks directly debited. This incident is an causing me to think about all services offered by Flipkart and its subsidiaries",2019-06-25T09:40:58.000Z,0,3.30.2,https://apps.apple.com/in/app/myntra-fashion-shopping-app/id907394059
appstore_in_13277178730,app_store,IN,Chikki2001,1,Extremely disappointed with myntra’s customer service and false promises,"I’m really disappointed with Myntra’s customer service. I had ordered a product but received the wrong size, so I requested an exchange. Since then, it has been a complete nightmare. Every time I contacted customer care, they kept saying “your issue has been raised, it will be resolved by today” — but nothing ever happened. They just kept delaying the process day after day.

And now, without any proper update or solution, they have suddenly cancelled my exchange request! This is completely unacceptable. I trusted Myntra for quick and smooth service, but this experience has really changed my opinion. The customer support team gives only scripted replies and no real help.

Such irresponsible handling of customers’ issues shows how careless the platform has become. I hope Myntra seriously improves its service because I’ll think twice before ordering again.",2025-10-17T09:02:41.000Z,0,4.2510.10,https://apps.apple.com/in/app/myntra-fashion-shopping-app/id907394059
appstore_in_12859698212,app_store,IN,PrishkaSh,1,No value of customer feedback,"Myntra never takes feedback seriously. I have lost my money thrice due to delivery agent not updating the return item picked up and that was never resolved as I had no proof of pick up. And now the issue is with delivery. I raised concern that delivery agent misbehaved over call and now he never delivers product. Instead he marks delivery failed and my product gets cancelled. Despite of raising multiple tickets all I get is assurance but no resolution. I don’t understand why no action was taken against him and why he still gets my deliveries assigned.
To my surprise, m not able to contact customer care anymore. This happened earlier also with my other number when I raised multiple complains for order being picked up but not updated by pickup agent.
Myntra team deserves to be sued for harassing customers and looting by charging platform charges when they don’t intend to deliver products.
Dear buyers, just boycott this app",2025-07-06T15:24:40.000Z,0,4.2506.20,https://apps.apple.com/in/app/myntra-fashion-shopping-app/id907394059
appstore_in_12810457565,app_store,IN,Daljeet—1,1,Fraud,"A similar incident happened to us; we ordered a suitcase from Myntra. Unfortunately the size was small, and we need bigger ones. I filled out a return. First, they didn't come to pick it up, but when they did, scanning the barcode of the suitcase, the guy felt suspicious. I never before recorded a video of a return. Luckily, I had evidence of them picking up the order. Myntra didn't cooperate with us; we got to hear the same message from them: ""The order is not picked up."" They didn't want to look up the evidence. So we took things into our own hands, traced the vehicle number, and found their address. We confronted the shipping company; we had one demand: the return window is closed; we returned it on time, but you kept it for yourself. Give us the money. They somehow return the product to Myntra even after the return window is closed, and we get the refund. Without any help from Myntra. Always record the unboxing and return video.",2025-06-24T05:52:02.000Z,0,4.2506.11,https://apps.apple.com/in/app/myntra-fashion-shopping-app/id907394059
appstore_in_10252646821,app_store,IN,Mehr000023,5,Send Wrong/ Fake products.,"For the first time I have ordered 2-3 products from Myntra, including a vitamin C serum which im currently using and when it got delivered, to my surprise it was fake because i use the product i know its texture, consistency and effects. It was totally fake i raised a complaint and asked for exchange. First they said they will initiate a exchange in 24hrs status will be update. i waited until given time but nothing happened then i called customer care again and he told me that  the product can’t be exchanged. i explained to him how his colleague said a day ago it will be exchanged and i will know status  in 24hrs. The customer care & his senior both disagreed with me and didn’t listen to me at all. 
Another product I received after (these products I ordered together) this was a luggage set i order in light pink colour and Myntra have send me bright purple colour! 
I raised again a complaint and issued return for this nobody came to pick the parcel up. I called customer care they said to me you have to “self ship” because my pincode is not serviceable! 
I live in south Delhi btw. I explained him it is not my fault i have raised a complaint he said if complaint gets approved then we ll set a pick up but again nothing happened. 
They keep telling to “self ship” a 15kg parcel yourself and they have send wrong colour. 
Totally disgusting customer service.",2023-08-13T11:54:19.000Z,0,4.2308.10,https://apps.apple.com/in/app/myntra-fashion-shopping-app/id907394059
appstore_in_13917693142,app_store,IN,evaevaee1,5,Horrible support,"Today I’m trying to solve a problem with refund
Past two hours
Delivery agent come with one of my orders, pick up my return item and left. After that one more agent come to pick up same refund. And since that I’m trying to connect with support. Idiot in a chat, who didn’t reading what I’m texting and robot in a call which didn’t allow me to connect to a human. Amazing optimizator who optimized a customer support, just want to let you know, that after 6+ years of using an app that will be my last order for sure. Yes, amount of refund is not big, but it’s my money, and when I’m NOT ABLE TO REACH TO SUPPORT TEAM for hours to fix my problem it’s just a clear NO to an app",2026-04-03T12:36:16.000Z,0,4.2603.20,https://apps.apple.com/in/app/myntra-fashion-shopping-app/id907394059
appstore_in_9959427341,app_store,IN,kedar020,2,"Need to improve last mile ownership , replace and exchange experience","I am a regular shopper at Myntra. The purchasing experience is great but the last mile delivery , pick-up for replacement or exchange leaves a lot to be desired. Myntra and customer support do not take ownership on last mile. You do not get to choose the time slot on what date or time of the day you can choose the pick up. It is auto assigned. The delivery agent calls you only when he reaches your door and if you are not there at that moment then that pick up is lost. He will only try twice otherwise you have to keep that item irrespective. 
The customer support pleads helplessness to schedule the pick up. Expectation is to sit in the house throughout the day waiting for delivery boy to arrive! Myntra should learn and take queue from other service delivery apps which let you choose the time slot .

Disappointing experience.",2023-05-24T05:54:56.000Z,0,4.2305.10,https://apps.apple.com/in/app/myntra-fashion-shopping-app/id907394059
appstore_in_7691047504,app_store,IN,1253738944995,1,WORST SERVICES,"I’m not able to cancel my refund request and that the customer service is very bad and that they are not not picking up my calls and they are not giving a call back the app has many glitches and there is no cancel options for refund request and that they can deliver the item from my location but can’t pick up the return product from the same location and that we have to self ship the product, Myntra is giving a really hard time and that they will say that they will get back to me within 24 to 48 hours but they are not going to I even send a mail but no response fro them they always say 24 to 48 hours everything but by that time the time we get to return the product will expire and that I have to keep the product which doesn’t fit me or the product I don’t like and it would be a wast of my money and I would like to suggest others not to use Myntra app for shopping worst app ever.",2021-08-14T08:07:27.000Z,0,4.2107.3,https://apps.apple.com/in/app/myntra-fashion-shopping-app/id907394059
appstore_in_6324317727,app_store,IN,dvjn.divya,1,Zero service zero customer priority,I would suggest not to download this app only. I ordered a nightwear and instead I received a panty. Well you think it could happen I thought the same too and requested a return. Well the man who came to pick it up was asked just to wait 2mins that I bring it to him and he started shouting and abusing. It was not even a minute he had to wait. As I gave him what he did ...heaven god nows... the parcel was no matched with the product he has to pick up. Why the hell would I return if the product was same that I ordered. He went away explaining me to complaint. I mailed myntra not once but twice thrice what they want where they want me to write is absolutely unclear. I cannot type in the app box . It is not accepting. I wasted my money my time and completely disgusting response from my family . I should not have ordered only. Myntra I would not like to give u even one star. Disappointing service. Learn from your competitors.,2020-08-16T01:52:06.000Z,0,4.2007.0,https://apps.apple.com/in/app/myntra-fashion-shopping-app/id907394059
appstore_in_13123881625,app_store,IN,Navinadi,5,Product Quality and Overall experience,"I've been using Myntra for a while now, and overall, my experience has been positive. The app interface is smooth and easy to navigate, with a wide variety of brands and products to choose from. The product quality has generally been good, though occasionally, I’ve received items that didn’t match the expectations based on pictures.

Delivery is fast, and the return process is seamless, which I appreciate. However, I would love to see more consistency in the product descriptions and sizing details.

Overall, Myntra is my go-to app for fashion shopping, but a little more attention to detail could make it even better!",2025-09-11T08:33:35.000Z,0,4.2508.20,https://apps.apple.com/in/app/myntra-fashion-shopping-app/id907394059
appstore_in_13905905403,app_store,IN,BrajMona,1,Lack of Accountability and Ineffective Customer Service,"I have experienced a significant decline in service quality over the past few months. On multiple occasions, my orders have arrived with issues such as incorrect sizes, wrong items, or missing products altogether. This has made shopping on the platform increasingly unreliable.

What is even more frustrating is the lack of proper customer support. In cases where incorrect products were delivered, I tried reaching out for assistance, but the support team was unhelpful and failed to resolve the issue. Instead of addressing the problem, the responsibility was often shifted onto me as the customer, with claims being denied without proper investigation or resolution.

Overall, the combination of frequent order errors and poor customer service has made the experience disappointing. I hope the company takes steps to address these issues and improve customer satisfaction.",2026-03-31T06:05:30.000Z,0,4.2603.10,https://apps.apple.com/in/app/myntra-fashion-shopping-app/id907394059
appstore_in_13289991576,app_store,IN,Manvithakur,1,Worst delivery personnel             No contact,You guyz ruined my festival. I ordered one kurta set. It came on 18th but that delivery girl or aunty idk who she was called me i was in class wasn’t able to recieve the call so decided to call her after the class so that i can ask her to deliver at that time or else tomorrow whenever she feels is free. But instead she blocked my number. Have been trying to call her so many times but every time either she cuts or it comes out she’s busy. On 19th another delivery attempt was made and i was calling from morning and she did the same thing cutted the call and comes busy. At around 4 she called with just one ring and cutted immediately. Tf am i supposed to do with that. How am i able to contact her for this suit. Contacted the customer care services thrice and they can’t do anything. Now today is diwali and i needed that suit for today. Thank you myntra for ruining my festival. Will never purchase from you guyz,2025-10-20T07:57:25.000Z,0,4.2510.11,https://apps.apple.com/in/app/myntra-fashion-shopping-app/id907394059
appstore_in_8068276791,app_store,IN,priyamaloo,5,Cash on delivery limit,"I am the customer who purchases everything from Myntra , whether home décor, jewelry, clothes , shoes, bags, etc etc. I purchase almost everything from Myntra and this is the only app is installed on my phone. However, I just have 1 option of payment available that is cash on delivery. Now, with this system rule which generates a limit to cod for a year, my limit gets exhausted at the beginning of the year. Now, when I try to place order, I can’t use Myntra. I feel this way, u will lose ur loyal customer who only has cod option and only purchases from Myntra. Now, I will have to move to some other app and then coming back to Myntra will be difficult for me. Bad experience 😞",2021-11-27T08:24:38.000Z,0,4.2110.2,https://apps.apple.com/in/app/myntra-fashion-shopping-app/id907394059
appstore_in_11328179630,app_store,IN,Megha0525,1,WORST SERVICE EVER!,"Hey, I wanted to raise awareness of how Myntra is trying to cheat customers. I had placed an order on 1st of May and it was expected to be delivered by 3rd May. There were fake delivery attempts and since then till now I have been calling up Customer Support and they have been giving me fake promises and hopes saying it will be resolved within 24 hours or my cancellation request will be approved within 48 hours or my amount will be refunded within 3 working days.. but it has been 30 days and still I haven’t received any resolution. I am really disappointed and I feel harassed. I have mailed an official complaint too but still no revert on it. I am convinced that a legal action is needed to be taken to solve my issue. Have been calling everyday to the customer support and have spoken to nearly 30 executives and their seniors and then their seniors too, but yet no solution has been provided. You have lost a loyal customer, Myntra! Shame on you!",2024-05-31T17:35:41.000Z,0,4.2405.10,https://apps.apple.com/in/app/myntra-fashion-shopping-app/id907394059
appstore_in_13658138596,app_store,IN,Fit Mohit,5,Superb Quality and Amazing colour combination,"Absolutely loved this laptop bag! 😊 From the moment I opened the package, I was impressed by the quality and stylish design. It feels sturdy and well-made, giving me confidence that my laptop is well protected. The padding is excellent, and the compartments are thoughtfully designed—plenty of space for my charger, notebook, and other essentials.

What I appreciate most is how comfortable it is to carry, even when it’s fully packed. The straps are soft yet supportive, making it perfect for daily use. Overall, this bag is a perfect blend of functionality and style. I’m extremely happy with my purchase and would definitely recommend it to anyone looking for a reliable and classy laptop bag! 🌟",2026-01-21T06:25:36.000Z,0,4.2512.10,https://apps.apple.com/in/app/myntra-fashion-shopping-app/id907394059
appstore_in_7911560256,app_store,IN,Shivalya1722,1,PATHETIC CUSTOMER SERVICE,"I have been a myntra customer since a long time now. So I ordered a nike shoes worth 10k Got it delivered fine but i always wear uk7 size this time its too tight for me so I exchanged them for uk8 still they were tight, I decided to return them. The next day pickup person came and refused to pick the shoes because there was minimal dust like miscroscopic dust on the sole which is fine i said i will clean it completely for you he said that i can clean it and then he can come back to pick it up which was completely misleading. Myntra rejected my claim on just a statement of the pickup person that the shoes were used which they were not. Already contacted customer service multiple times, every time they go ahead and open a case and give me a notification that the case is closed without contacting me or asking me for mu justification. Atleast they should give me a chance to prove myself. This is completely inhuman and i am not using myntra again.",2021-10-13T22:02:57.000Z,0,4.2108.1,https://apps.apple.com/in/app/myntra-fashion-shopping-app/id907394059
appstore_in_7504556114,app_store,IN,Ms Ghosh,2,Cheap tactics,"Few days back I ordered one top from Myntra. That top didn’t fit me well and also I didn’t like the quality. So I issued a return request. The pickup guy came and rejected to pick it up as according to him the colour of the top wasn’t the same. It’s the most bizzare excuse I have ever heard. There’s still the tag attached to the top and I was given this bizzare excuse for the rejection. I couldn’t argue much with the pick up guy as he insisted that his amount will be deducted and I didn’t want him to suffer for Myntra’s bizzare policy. However, I called the customer care twice and I was assured that my issue will be resolved and another pick up attempt would be made on 23rd June. There was no such attempt. I am totally upset by their lack of responsibility and I am not going to buy any more items from Myntra. 
If you can’t resolve a problem of your customer, then it’s better you lose them.",2021-06-25T14:27:07.000Z,0,4.2105.1,https://apps.apple.com/in/app/myntra-fashion-shopping-app/id907394059
appstore_in_4045920523,app_store,IN,Neepa Patel,1,Service has gone down,"I got something which I didn’t order and so I tried to apply return for the same bcaz exchange option was not available on that particular item; I had no option den to return the product. I tried doing same thro app but app is not working properly since 2-3 mths and it is creating problems when u opt for return. Den I had to call Myntra executive, he helped me filing return; the product was taken up after 2 days. So, I was expecting refund of that particular product which was wrongly got delivered to me instead of what I actually ordered. It’s been 18 days now and I called up and informed Myntra executives twice that I have not received Myntra credit for the product. But every time they are saying wait for 3-4 days. Myntra claims immediate refund in terms of Myntra credit option; then why I have still not received my refund? And they are not even sorry for delivery wrong product and for the delay of refund !! 
Completely Upset with the process !",2019-04-22T13:04:51.000Z,0,3.28.0,https://apps.apple.com/in/app/myntra-fashion-shopping-app/id907394059
appstore_in_3775549471,app_store,IN,Aakanksha malhotra,4,Myntra itself is wonderful! App has bugs,"You are a completely customer driven company, if so please do care for the following- 

1. If I placed an order of 5 items in total, the order shows up for each of the item separately in Orders. Thats fine but when I return, ideally i will have to return each one of them separately, thats also fine. BUT when i place the return request for the first item of those 5 , it shows me the returning amount as the total of 5 items confusing me that placing return request for this is automatically placing the return request for all 5. It actually happenned with me, i actually handed out all 5 items to the pick up agent, but later when I received the amount it was just for one item. The pick up agent was kind and helpful, that on talking with him he actually brought the rest of the items back to me. PLEASE FIX THIS. Either don’t show the total amount at returning 1 item or actually mean it. 

2. When I place an order and go back to orders, i don’t get to see it immidiately updated. It takes time i have to either kill the app multiple times or come back a bit later to see my order. 

And Yes I AM A QA. So i have this instincts and a zeal to get all these fixed :)",2019-02-16T07:02:16.000Z,0,3.25.0,https://apps.apple.com/in/app/myntra-fashion-shopping-app/id907394059
appstore_in_13388326002,app_store,IN,Anu_shri-A,1,Very bad myntra service and customer support experience. I would have given -ve but no option to do.,"Extremely disappointed with Myntra’s service! 😡

I ordered a product and after several delays, finally received it — damaged. I placed a replacement request which was supposed to be delivered by 5th November, but nothing arrived. After raising a complaint, I was told I’d get it by 11th November. That too passed — and still no product!

Every time I contact support, I get the same robotic replies — “please wait 48 hours” or “you’ll get a call from a senior within 24 hours.” It’s been days — no one has ever called.

The tracking is just ridiculous — my parcel keeps moving from Patna to the destination hub, back to Patna, then to nearby locations, and again back to Patna! It’s been stuck in a never-ending loop!

Despite multiple complaints, there’s no resolution — only endless apologies. When a package travels like this, no wonder it arrives damaged. I even complained about that, but again, no proper action was taken.

Honestly, at this point, it feels buying from a local store is far more reliable than depending on Myntra’s pathetic logistics and customer support. The service quality has dropped badly — it’s all “sorry for the inconvenience” and no real help.

Really disappointed, Myntra. Never expected this kind of poor experience from you. 👎",2025-11-12T10:35:33.000Z,0,4.2510.20,https://apps.apple.com/in/app/myntra-fashion-shopping-app/id907394059
appstore_in_12746675567,app_store,IN,bowtruckle7,2,Zero customer support,"I have been using myntra since 10 years. And this time I am really frustrated. There is no way you can reach their customer support. All their phone number, chat and email has no option to talk to a human to fix issues. Everywhere it’s like customer support unavailable. They don’t respond on emails. Basically they don’t have customer support. App is full of useless links. You click on call us, it takes you to faq screen. I think almost everyone using myntra are educated enough to understand the policies they don’t need faq section to be redirected to. Then need support for the price they are paying ams purchasing from your platform with trust and quality expectations. This time I am frustrated. You purchase thousands of things throughout a year and with one single issue you don’t get a single support from a single channel.",2025-06-07T14:24:57.000Z,0,4.2505.11,https://apps.apple.com/in/app/myntra-fashion-shopping-app/id907394059
appstore_in_11772873359,app_store,IN,tatuasti,4,Tatuasti,"Worst and waste service provided by you guys. The call center you have is not to help the customers instead it is to drive the customers crazy. The manager are unprofessional and the agents speak only one line ""I understand and we are sorry about it..."" Spoke to Khushbu and Anu from escalations they called themselves managers were so unhelpful. They did nothing to help NOTHING. All my orders are undelivered. 6-7 orders were not delivered without any reason. They are not even interested to help. I asked them a reason of why not being able to deliver they just said ""Sorry, cant share details"" IDIOTS. I have been calling them for 7 days straight but the response remained the same. Nobody wants to help. Not even a single one justifying their salaries. Not expected this from Myntra.",2024-09-28T05:36:57.000Z,0,4.2409.10,https://apps.apple.com/in/app/myntra-fashion-shopping-app/id907394059
appstore_in_10098782604,app_store,IN,fahmi96abd,1,Worst customer service,"I’ve been ordering from myntra for more than 8 years. The service was good in the beginning. Recently I had to exchange a product and return another because the size was not correct. I had opted for the same the next day of delivery itself. Even after one month no one came to collect the products and I kept calling their customer service. They always say they’ll raise a complaint but nothing happens. Yesterday, after one month I got a message saying now they can’t accept the exchange/return since it’s been more than a month! But it’s literally their fault! They didn’t come to collect the package! Another one happens for my mom. Her return was picked up but they didn’t refund the money! That was the biggest scam. ₹1634 simply gone. Their customer service simply gives false promises that they’ll resolve the issue but they’ll do nothing. Now it’s time to uninstall and move to other apps.",2023-07-03T09:19:38.000Z,0,4.2306.20,https://apps.apple.com/in/app/myntra-fashion-shopping-app/id907394059
appstore_in_14184096945,app_store,IN,MonicaSingh—,1,"It was my favourite app once, now it’s headache.","I have been using Myntra since 2012 and used to love it until 2025. The app technically doesn’t have issues but the services of company have gone beyond pathetic. Since April 2025 (more than a year) not a single order got delivered WITHOUT multiple complaints, follow ups, several hours spent on trying to connect with them. It is horrible. The entire reason I loved online-shopping was I didn’t time for going to markets frequently. Now Myntra makes me waste my work hours, lunch breaks, family time and weekends trying to connect with some human on their customer support only to hear that complaint is already registered with NO solution. 

There are still due deliveries since 20 days while I am writing the review. And I am almost sure that they will do nothing about it, let it be for 10 more days and then cancel it from their end. 

Horrible customer experience.",2026-06-15T02:53:22.000Z,0,4.2606.10,https://apps.apple.com/in/app/myntra-fashion-shopping-app/id907394059