id,source,country,author,rating,title,review,date,likes,version,url
de53f4517d2d990ea2e25bcb160ad8fd5246353d7b90d0bb3a9fe97fd5ad3d3c,consumer_complaints,IN,sudhshar,,Myntra.com — Complaint Regarding Non-Delivery of Order by Myntra Despite Full Payment,"formal complaint against Myntra. com regarding the non-delivery of my order for Hush Puppies Men Textured Leather Slip-On Sneakers, which I ordered online on 29 May 2026.  The full payment for the order was made at the time of purchase, and the promised delivery date was 4 June 2026. 

Despite the passage of more than 50 days beyond the committed delivery date, I have neither received the product nor been provided with a satisfactory explanation or resolution...","Jul 27, 2026",0,,https://www.consumercomplaints.in/myntra-com-complaint-regarding-non-delivery-of-order-by-myntra-despite-full-payment-c3543611
71a43e59f77d2846e7f2d34ea62f5ff6769103add21f7caccb90ddecc572fe71,consumer_complaints,IN,Hariprasath Santhanam,,Ekart Myntra Hub — About parcel delivering issues,and it transported to Myntra Hub Raja kilpakam and it transported at chrompet Myntra Hub at (09/07/2026) 2. 15 pm and tells me as out for delivery and it states as delivered at 10. 52 pm but still I didn't get my goods tell me what's the meaning of this explains it to me MYSP[protected] and MYSP[protected] these are the product codes help me...,"Jul 10, 2026",0,,https://www.consumercomplaints.in/ekart-myntra-hub-about-parcel-delivering-issues-c3543215
3b92e956262ab1dff734e04192bce869db8c534a702dcb48c6d9fea6d635181d,consumer_complaints,IN,Dakshata gaikwad,,Myntra.com — Order ID: # 1334923 [protected] quality cheak failed,"I have been a long-time customer of Myntra
and now I am facing this problem.  Please resolve my complaint as soon
as possible...","Jul 8, 2026",0,,https://www.consumercomplaints.in/myntra-com-order-id-1334923-84623451721103-quality-cheak-failed-c3543175
0f242111b4ba114be30bdab340aa6ed98b874671705ac18706f85f0a8d7184f4,consumer_complaints,IN,Shweta Chugh,,Myntra Online Shopping App. — I have been cheated by myntra online shopping app,"[protected] ( as on myntra shopping app) of Rs. 20, 000/-.  

Finally on 15 june 2026 I received the order but as soon as I opened it the box, I was shocked to see that the watch I ordered was not the same which I ordered, I have ordered Invicta watch but received some local watch. 

It is important here to mention that I have made the video of the openning of the box I received from myntra app...","Jul 2, 2026",0,,https://www.consumercomplaints.in/myntra-online-shopping-app-i-have-been-cheated-by-myntra-online-shopping-app-c3543049
145cfdceb3722dc1da598cfbe320c10d4d2abb17012e9fc9bb9fb17897ef2d6a,consumer_complaints,IN,Renuka Nakkina,,Myntra.com — Fake myntra customer care called me with exact myntra order details which I ordered,got call from fake myntra customer care person she told me about the product which i ordered in myntra and confirmed my Delivery address with pin code.  She asked me to repay the money to continue my order.  she told me that your order is on hold due to server down. she shared one scanner to pay the money which i paid for myntra order...,"Jun 30, 2026",0,,https://www.consumercomplaints.in/myntra-com-fake-myntra-customer-care-called-me-with-exact-myntra-order-details-which-i-ordered-c3543013
4aa42af9379e51c588d7b821f4f1f052573802914ead209c89f21a9c7522853f,consumer_complaints,IN,nikitashelke,,Myntra.com — Anouk Teal Floral Embroided Kurta Set,"I had ordered three dress from Myntra at the same time.  Two dresses were delivered in the same shipment, however, the third dress was missing.  Myntra is claining that the dress was delivered, however, I did not receive the dress.  I raised multiple complaints to Myntra and the reponse was same everytime...","Jun 22, 2026",0,,https://www.consumercomplaints.in/myntra-com-anouk-teal-floral-embroided-kurta-set-c3542815
8e22fd1c62c6ce400636f1e1b3bc69e5be0834a3e78960278837fc2a628a2142,consumer_complaints,IN,sunitajoy267,,Myntra.com — Refund not credited to my bank account,"bank account linked to myntra against Reference number:[protected]. 
Please do the needful immediately...","Jun 17, 2026",0,,https://www.consumercomplaints.in/myntra-com-refund-not-credited-to-my-bank-account-c3542708
2994a28d372f99906a03c12fbaba1e84ec83502511f69dd889f6e2e00a71eb1f,consumer_complaints,IN,roonakothari,,Myntra.com — Refund of Money Regarding RETURN of the Product.,"2 Track pants from Myntra on 16th May. 
The Mobile no from which i had ordered and connected to Login thro Myntra do not exist nomore. 
I had cancelled my order thro customer care and the Concerened person had collected the Product. 
Now i want you to please deposit my money to my account or gpay my amount ...","Jun 6, 2026",0,,https://www.consumercomplaints.in/myntra-com-refund-of-money-regarding-return-of-the-product-c3542402
d35b346e554a6d1ce4688887cc5cf0a8aa07cda756a346c2bf13728d42ccbdf1,consumer_complaints,IN,Abhi4702,,Myntra.com — Refund not credited,"I have ordered one shirt from myntra and request to return product but they are not responding and my refunds not credited please take strict actions against myntra shopping site.  
My order number -133129399597621433403

Order date[protected]...","May 30, 2026",0,,https://www.consumercomplaints.in/myntra-com-refund-not-credited-c3542188
e706e25bd514ac30056ed799081abc75d1013d2f5ce7c0201d0a400084ac3cb4,consumer_complaints,IN,Blezzy,,Myntra.com — Regarding my refuns,"Very disappointed with Myntra customer support.  It has been more than 15–20 days since my prepaid orders were cancelled, yet I still haven’t received my refunds.  Every time I contact support, I either get automated replies or get asked to wait again. 

One refund of ₹611 was supposedly processed on 1 May, but the amount never reached my account...","May 19, 2026",0,,https://www.consumercomplaints.in/myntra-com-regarding-my-refuns-c3541876
3e6e94daae0892283408781871e2b5e68089898728583e2a605df8788541a7bf,consumer_complaints,IN,Ashok5088,,Myntra.com — Return and consumer response,I had purchased a product from myntra size was small and quality was very low so i raised a return request . but no one came to pick product they even didn't called me once without my knowledge the reschedule pickup for 3 days after 3 days they cancelled my return request and when I called customer response team first they raised complaint ...,"May 10, 2026",0,,https://www.consumercomplaints.in/myntra-com-return-and-consumer-response-c3541575
651e3a5157e7b73b9f5d5fa9837da9a8199b2e0a54294a8c71a46788ceafbef4,consumer_complaints,IN,arpita.jain29,,Myntra.com — No resolution of preordered products regarding refund,"I ordered some product from Myntra and soon after that they deactivated my account without further notice on it, my preorded products and the amount remained as it is and no information is given to me on that, even after so many compiants and email .  they ask me to wait for 6th May 2026 but so hear frm their side...","May 8, 2026",0,,https://www.consumercomplaints.in/myntra-com-no-resolution-of-preordered-products-regarding-refund-c3541519
a43c4a7f4e4bdccf2d76a982bf023371e9e2a651405834bb74d766fcd6a87ff9,consumer_complaints,IN,Amulya Sampath,,Myntra.com — Regarding the refund of the amount,"Hi, 

I have returned my product (Order ID: # 1328976 [protected]) and it has been 5 days, but I have still ...","May 2, 2026",0,,https://www.consumercomplaints.in/myntra-com-regarding-the-refund-of-the-amount-c3541352
fe69a26cb2eda4cad1a4daa3e7864677fb6cc3757258410d2e832bc38c37ca94,consumer_complaints,IN,Rryrry,,Myntra.com — Suddenly pincode is undeliverable,Why Suddenly 441501 pincode is undeliverable...till few days back every thing is deliverable...,"Apr 28, 2026",0,,https://www.consumercomplaints.in/myntra-com-suddenly-pincode-is-undeliverable-c3541221
1c2e930c471c11797ed66cceb1846961b18888d7a38a20eede5c4b475e03ca80,consumer_complaints,IN,Bhatia saijal,,Myntra.com — Not delivered at my pin,Myntra stopped delivering to our pincode 134107 pervious year they deliver but currently I face problem myntra not available at my address please myntra you starting seriver at our address...,"Apr 21, 2026",0,,https://www.consumercomplaints.in/myntra-com-not-delivered-at-my-pin-c3541030
3f66ad8315786ed6680a4f5109b216df75144addc138b89b433bac0725af9e21,consumer_complaints,IN,muralirrox,,Myntra.com — My purchase converted to EMI without my knowledge/ consent,"from the merchant, Myntra in this case! 
I would like to know why Myntra did this without my consent and if they did not do this, a confirmation letter to that effect!
Thanks and regards 
S Muralidhar...","Apr 21, 2026",0,,https://www.consumercomplaints.in/myntra-com-my-purchase-converted-to-emi-without-my-knowledge-consent-c3541005
5bfeb5e7702b79b6db1cef1e4c0cbc8831918553a50bf485993f7dac4b8f9e14,consumer_complaints,IN,Rishabh.Mishra,,Myntra.com — Different ASICS shoe not the one I ordered,"Dynablast shoe from Myntra, but I have received a different ASICS shoe from Myntra by mistake and as a valuable customer, I have raised my return request on the same day on which I received the shoe, but Myntra had declined my return request after waiting for 2 days iam asked to wait for 3 more days and they are not taking this shoe back...","Apr 14, 2026",0,,https://www.consumercomplaints.in/myntra-com-different-asics-shoe-not-the-one-i-ordered-c3540846
c015056986b4d8a4600d040b7a435b245292a511c66fd453c71b84012e147ec0,consumer_complaints,IN,mechanicalkuberaa,,Myntra.com — They didn't deliver me all parcel and saying that they delivered it to me which is wrong,"I ordered some products from Myntra and they have to deliver me 3 package separately but they put all these in single package now when I open it I found only 2 packets inside and 3rd is missing now then I called Delivery boy that one packet is missing but he is unable to help me I called to myntra customer twice but they said to me that they delivered me all the package and now they can't help me in this matter now plz help me what to do, and all packages have same OTP...","Apr 6, 2026",0,,https://www.consumercomplaints.in/myntra-com-they-didnt-deliver-me-all-parcel-and-saying-that-they-delivered-it-to-me-which-is-wrong-c3540609
9293f2a83afb6769883d3362e68e62e95361f6a0ac94a35ce3d4880f7d032bf5,consumer_complaints,IN,prabhakar_70,,Myntra.com — Kurtha not getting returned or refunded,"Hell is happening at Myntra ?? I don’t know, simple the colour is to be changed but your SMS was also showing as the Kurtha was put on hold because it did not pass our quality check What quality check are you talking??? Why you are not able to take the material back ??

There is no email id of myntra where i can write and so i am writing...","Mar 26, 2026",0,,https://www.consumercomplaints.in/myntra-com-kurtha-not-getting-returned-or-refunded-c3540317
0626062481443b4e5140bcfd341576fdaa201600b99217145df75b6bcc0572d9,consumer_complaints,IN,jahanvi24@,,"Myntra.com — Wrong product delivered , still no refund","On 16th march 2026, i was supposed to get two night suits of glitechz, but instead of those i got a saree of Pataudi, , ...","Mar 25, 2026",0,,https://www.consumercomplaints.in/myntra-com-wrong-product-delivered-still-no-refund-c3540283
cf5eda0812e5b9113aceb078c283effc040220c2c77a16ad060bf7fdb385ce66,consumer_complaints,IN,Manorma1205,,"Myntra.com — Product Picked up, No refund - MYSR[protected]",This is with respect to the Product Picked up via tracking number MYSR[protected]. The Product return been created for t...,"Mar 11, 2026",0,,https://www.consumercomplaints.in/myntra-com-product-picked-up-no-refund-mysr1195287348-c3539913
571afac9653c04a5178c1f280c8e19bb2a3b5ff03fa24f11bb3b418c35fd2d6a,consumer_complaints,IN,Sanskruti kedari,,Myntra.com — Refund hasnt been processed,I have still not received my refund.,"Feb 24, 2026",0,,https://www.consumercomplaints.in/myntra-com-refund-hasnt-been-processed-c3539628
7af87462e0cb5a5d215fa48f7eecda83f91815e90e722c28ad67177f7357a5da,consumer_complaints,IN,ash10berry,,Myntra.com — They scam and process no refund for wrong products,They delivered a wrong product to me on novemeber 2 - 2026 which i paid 1100 rupees for. They did not offer a solution d...,"Feb 21, 2026",0,,https://www.consumercomplaints.in/myntra-com-they-scam-and-process-no-refund-for-wrong-products-c3539569
8f00886d58e2f1b1132fb07e25cc483331531370f8f60d4cbe1694666e6233af,consumer_complaints,IN,Ketanparab,,Myntra.com — Missing Item in Delivered Order Immediate Refund/Replacement Required,"mishandling, or negligence on Myntra’s part. 

I demand immediate action from Myntra:

Full refund OR a replacement of the OnePlus Buds 3 without delay
An internal investigation into the broken seal and missing item
A review of the delivery agent’s conduct

Please treat this matter with urgency...","Jan 31, 2026",0,,https://www.consumercomplaints.in/myntra-com-missing-item-in-delivered-order-immediate-refundreplacement-required-c3539129
375c297a98bbc13442f304fc3facf3d4ee730a1cfc1859acab7a4c566b31b6f2,consumer_complaints,IN,ritik12sama,,Myntra.com — Return Picked Up but Refund Not Initiated (Order ID: #1320512 [protected]),"Dear Myntra Support Team, 

I am writing to inform you regarding my return request for Order ID: #1320512 [protected]. 

My return was picked up on 20 January, but till now the Myntra app is still showing the status as “Return on Hold”, and the refund has not been initiated yet...","Jan 26, 2026",0,,https://www.consumercomplaints.in/myntra-com-return-picked-up-but-refund-not-initiated-order-id-1320512-34527868891603-c3539026
96dda1189e77bfafe42c7d5cfac8cae1fc641bdc160e8ceef6b3a19e9cf89464,consumer_complaints,IN,ritik12sama,,Myntra.com — Return picked up not updated,I return my order # 1320512 [protected] and delivery boy already picked up my return order on 20 jan 2026 but in my app ...,"Jan 21, 2026",0,,https://www.consumercomplaints.in/myntra-com-return-picked-up-not-updated-c3538925
67bac7ff9d8b0afa99415d00f8ffaf3e58668cd1c28c248356b1477389d56902,consumer_complaints,IN,Mchan,,Myntra.com — BEWARE: Myntra Selling Counterfeit G-Shock! Refusing Refund despite Technical Proof.,"counterfeit product sold by Myntra.  I ordered a Casio G-Shock GBM-2100-1ADR (Order ID:[protected]-3261303), but received a ""Fake- watch"" 

The Evidence of Fraud:

Model Mismatch: The dial says ""Tough Solar/Bluetooth"" (GBM-2100), but the back case is engraved with ""Module 5611"" (Basic battery model GM-2100)...","Jan 19, 2026",0,,https://www.consumercomplaints.in/myntra-com-beware-myntra-selling-counterfeit-g-shock-refusing-refund-despite-technical-proof-c3538862
0a10ee6e052e4d6d4fde02edabb5a0c8be7aa07249256a4f54f08de444e3184e,consumer_complaints,IN,Vijender Kumar ji,,Myntra.com — used product delivered of wildcraft men navy blue insulator outdoor puffer jacket size: xl,I m same update to Myntra team or delivery agent regarding this and Myntra team update me that We sincerely apologize for inconvenience this may have caused.  We will create a return request for pickup this product and refund your money.  Next day pickup agent come for this but he is take the image and denied for pickup this product due to used product...,"Jan 18, 2026",0,,https://www.consumercomplaints.in/myntra-com-used-product-delivered-of-wildcraft-men-navy-blue-insulator-outdoor-puffer-jacket-size-xl-c3538836
0095fd6cc6edb898320e93b5e374667bcb0eed86a42ecb800d49ff017b1cba59,consumer_complaints,IN,suyash_1205,,Myntra.com — Received an unidentified parcel,"I received an unidentified parcel with my name, address and phone number, but i didnt ordered it . the order id is MYSC[...","Jan 17, 2026",0,,https://www.consumercomplaints.in/myntra-com-received-an-unidentified-parcel-c3538824
628782766a9bbb31d30e669b72940a98e38bf9ab83ecbbc8ae4b18176697c3c4,consumer_complaints,IN,Jaisri.S,,"Myntra.com — Product was not delivered but marked as delivered, refund claim was rejected multiple times by Myntra","I wrote to [protected]@myntra. com on 24- Dec-2025 but no answer from Myntra, I sent a remainder email on 7-Jan-2026 again no response.  Post this I raised a complain (complain no: IN[protected] again on 9-Jan-2026 but claim request was rejected again.  As on 10-Jan-2025 again I have reopened the complaint

when the delivery was attempted no one was at home and i didn't even received delivery executive's call in such a scenario to whom did he deliver the product?

Myntra's irresponsible behavior to resolve this issue is really unbearable...","Jan 10, 2026",0,,https://www.consumercomplaints.in/myntra-com-product-was-not-delivered-but-marked-as-delivered-refund-claim-was-rejected-multiple-times-by-myntra-c3538680
9b82f30540438e1cf0f17fd1f3162823b9d2c893411b2e293070c258ccf7caa5,consumer_complaints,IN,[email protected],,Myntra.com — Supply other product,"Privilege customer of Myntra . From Last monday I am very disappointed cause of your bad service.  I ordered Under Armour Men shoes .  But received wrong Skechers ladies shoes.  When I opened this box immediately I called up delivery boy within 2-3 minutes .  He told me for return & exchange, than I process same request...","Jan 7, 2026",0,,https://www.consumercomplaints.in/myntra-com-supply-other-product-c3538611
cd299cd1944a14c1abda13972c88a447dce7fe6e54e91b5245d9bcc3b1215fcf,consumer_complaints,IN,nageswararao_31,,Myntra.com — formal consumer complaint against myntra repeated delivery failure,"I am filing this complaint against Myntra Designs Pvt.  Ltd.  for deficiency in service and repeated failure to deliver products despite full advance payment. 

I placed an order for multiple products on 6th December 2025, for which Myntra committed a delivery date of 12th December 2025...","Dec 17, 2025",0,,https://www.consumercomplaints.in/myntra-com-formal-consumer-complaint-against-myntra-repeated-delivery-failure-c3538045
05100952bb4e614a8945dc9b2d3fe793aff7e2dd35b02b6bee811505215b4c7f,consumer_complaints,IN,Rishika1,,Myntra.com — Return Denied Unfairly Need Action,"I purchased a product from Myntra (Order ID: __ 131560809628790595601____, Product: __ ANSH CREATION Women Ethnic Motifs Embroidered A-Line Kurta with Palazzos & Dupatta____). 

I requested a return, but Myntra denied it without a valid reason.  The product is unused, in original condition, and all tags are intact...","Dec 11, 2025",0,,https://www.consumercomplaints.in/myntra-com-return-denied-unfairly-need-action-c3537860
c70104a0b7c5039703daa4d444a00437774ac1334724fb7f22166f9f8bb97768,consumer_complaints,IN,Affthal,,Myntra.com — Product replacement scam,If myntra cannot offer such things please remove the option from the app...,"Dec 8, 2025",0,,https://www.consumercomplaints.in/myntra-com-product-replacement-scam-c3537731
3103f5735b6a7bbc1acaabccbc1f19e1f38b49fd262c80377638130b3ca4ea2e,consumer_complaints,IN,Amita2115,,Myntra.com — Unethical Fradulent practices,"Sir, I ordered a dress on 13th Nov which I received on 17th Nov. And as it didtny look good on me...plus size issue also...","Nov 26, 2025",0,,https://www.consumercomplaints.in/myntra-com-unethical-fradulent-practices-c3537317
a3037ae10bde82dda09e5af88331057acf44bf8d18da72215560af6575492811,consumer_complaints,IN,abhi0678,,Myntra.com — Return/Exchange issue,"I ordered a Blackberry blazer on November 2, 2025, and it was delivered today (November 5, 2025). This is the order no.[...","Nov 5, 2025",0,,https://www.consumercomplaints.in/myntra-com-returnexchange-issue-c3536616
cdefe1f9f54c0172308c6101ef227c6214f1b06b274de3f9ff8ae6f8324e0bd7,consumer_complaints,IN,Abhishekk yr,,"Myntra.com — Delivery Not Available for My Pincode (323021 Talera, Bundi)","Hello Myntra Team, 
I’m trying to order the Glitchez Argyle Design Relaxed Pullover (Product Code:[protected] in size M, but when I enter my pincode 323021 (Talera, Bundi – Rajasthan), it shows “No delivery available”. 
This area regularly receives deliveries from other major e-commerce platforms, so I don’t understand why Myntra has restricted it...","Nov 3, 2025",0,,https://www.consumercomplaints.in/myntra-com-delivery-not-available-for-my-pincode-323021-talera-bundi-c3536470
ee17b5402d2223c2378c58e91acfb00a176fb0e8946ca56e18b2f4d4c2958f63,consumer_complaints,IN,alfoz,,Myntra.com — Complaint regarding wrong product delivery and repeated denial of resolution by,"raised a complaint with Myntra. com customer care through their app/website/email/chat on 13/10/2025.  However, despite multiple follow-ups, the issue has not been resolved. 

The company representatives keep repeating the same scripted response, such as:

“We are looking into the issue, ” or “We have escalated the matter, ”
but no practical resolution has been provided till date...","Oct 31, 2025",0,,https://www.consumercomplaints.in/myntra-com-complaint-regarding-wrong-product-delivery-and-repeated-denial-of-resolution-by-c3536407
754a043c0e2583045b2bde506341070a3fb29a54e6ea0d58e4169404e3c511a1,consumer_complaints,IN,Vidya Gokhle,,Myntra.com — Subject : received a wrong product and being pushed to keep it,Ordered a black pullover and received an items whose length was half if the one shown in the picture - a different model...,"Oct 30, 2025",0,,https://www.consumercomplaints.in/myntra-com-subject-received-a-wrong-product-and-being-pushed-to-keep-it-c3536338
dc2a7292a6467cf3f0366f40887fa0026ab2de6b6ebc79adcb19d257911c1e32,consumer_complaints,IN,Guruhimu,,Myntra.com — Worst Experience Ever Totally Useless Support,"Myntra has become a total joke — only knows how to take money, not how to deliver orders or handle customers properly.  Absolutely pathetic and disappointing service. 

And now they’ve told me to email some Grievance Officer.  I’m doing that — let’s see what they do.  I ONLY WANT MY TWO ORDERS; after that I will NEVER order from this lousy app again...","Oct 28, 2025",0,,https://www.consumercomplaints.in/myntra-com-worst-experience-ever-totally-useless-support-c3536294
31ed851aecb558b17c9f3864912cffc4b5244586991b15ea98be2a6a333b88cd,consumer_complaints,IN,ruthikaling,,Myntra.com — Amount debited but order not placed/Order ID not generated,"I placed my order in Myntra on[protected] at 5:10pm, but didn't received the order confirmation.  

Amount: INR 1881. 01
Time 5:10 pm, 22 Oct 2025

If payment was taken but the order was not placed, please provide a refund or the correct order placement...","Oct 22, 2025",0,,https://www.consumercomplaints.in/myntra-com-amount-debited-but-order-not-placedorder-id-not-generated-c3536050
e5d2a388bc03abc62aa416197305e79f4514b4970ddb86f2c0c00cd09c76e360,consumer_complaints,IN,venkatesh_1998,,Myntra.com — Incorrect order repeatitative,"of black pants from Myntra (Order ID: 1310344-[protected]) as a birthday gift for myself.  However, I received a dark brown pair instead.  I returned the product and received a refund. 

Later, after confirming with Myntra’s customer care that the correct colour (Black) would be sent, I placed a new order...","Oct 22, 2025",0,,https://www.consumercomplaints.in/myntra-com-incorrect-order-repeatitative-c3536029
868af82bf6ccb0e14adfee0336084507a8a6ecc683b41a6dbada09f8920c2ac5,consumer_complaints,IN,NidhiSriKM,,Myntra.com — Invalid Gift Card Number,"I was given a gift card worth Rs2500. When I try to enter the gift card number and pin, it says its an invalid gift card...","Oct 18, 2025",0,,https://www.consumercomplaints.in/myntra-com-invalid-gift-card-number-c3535942
d1e6dbb704ae61d94bf00a3e231dfeccf7e00e45faee8219d6eed5ceee64efe0,consumer_complaints,IN,Sochakraborty,,Myntra.com — Delayed and unnecessary harasment,"Not delivered on time and it's delayed till 18 days, I want my product along with compensation, 
Compensation for ...","Oct 18, 2025",0,,https://www.consumercomplaints.in/myntra-com-delayed-and-unnecessary-harasment-c3535936
f8c3945e03dfc2d686bd741216de116d43b1c5ff85478402f4a72b8bc654e706,consumer_complaints,IN,Sruti Ghosal,,Myntra.com — Fake product or fraudulent case,"Subject: Complaint Against Myntra for Delivering a Fake Product and Failing to Provide a Refund. 

Respected Sir/Madam, 

I, Shruti Ghosal, would like to lodge a formal complaint against Myntra, an online shopping platform, regarding the receipt of a false or fake product instead of the genuine item I had ordered...","Oct 16, 2025",0,,https://www.consumercomplaints.in/myntra-com-fake-product-or-fraudulent-case-c3535866
04905813d2f4a6bdab6d1d163d22ca169af28fea01c06f22a79218ceac38e35f,consumer_complaints,IN,Chandra Kant Saini,,Myntra.com — Delivery Issue for Pincode 301402,"Dear Customer Support Team, 

I hope you're doing well. I’m writing to inquire about the delivery status for...","Oct 16, 2025",0,,https://www.consumercomplaints.in/myntra-com-delivery-issue-for-pincode-301402-c3535830
516fc7b7fc8fd455d34fb2bd1957eef34dd2a83a100f311ac50889dc3e85363e,consumer_complaints,IN,Rashi 26,,"Myntra.com — Myntra pickup not done despite multiple follow-ups and grievance emails, due to which my payment is stuck","a complaint against Myntra for not completing the pickup process for my return order, despite multiple follow-ups, calls, and emails to their customer support and grievance team. 

Because of this delay, my refund/payment is still pending, and there has been no proper update or action even after several commitments from their side...","Oct 14, 2025",0,,https://www.consumercomplaints.in/myntra-com-myntra-pickup-not-done-despite-multiple-follow-ups-and-grievance-emails-due-to-which-my-payment-is-stuck-c3535766
4b73de5d2c4ab5dc909c9e1588e034edae6df8085effc410b2ff76ff4df90a41,consumer_complaints,IN,Akash Tripathy,,Myntra.com — Complaint Against Myntra for Mis-selling Products Under False Brand Representation,"formal complaint against Myntra, an online retail platform, for mis-selling products by falsely advertising them under a reputed brand name. 

I had placed two separate orders via the Myntra platform for kurtis from the brand “House of Pataudi”.  However, upon delivery, I received kurtis of the same design and color but from a completely different local brand, not House of Pataudi as advertised...","Oct 12, 2025",0,,https://www.consumercomplaints.in/myntra-com-complaint-against-myntra-for-mis-selling-products-under-false-brand-representation-c3535687
60b923c5597cb171aea7b2f369d96b3b1a3f7a741b07923b0a64dc84eaea4787,consumer_complaints,IN,Sahilsheikh_02,,Myntra.com — wrong product received and return request unfairly cancelled,I am writing to raise a serious concern regarding my recent order delivered on 29th September around 2 PM. I had ordered...,"Oct 6, 2025",0,,https://www.consumercomplaints.in/myntra-com-wrong-product-received-and-return-request-unfairly-cancelled-c3535416
dfc8f7492f8359b5ed8fe0b4993b8dafce21fb1a03f662ed15afabffe91868f2,consumer_complaints,IN,Faheem Makhdoomi,,Myntra.com — Unreasonable Delay in Delivery Deficiency of Service,"Placed an order on Myntra (Order ID: 1310439 [protected], Tracking No.  MYSC[protected]) shipped on 25th September 2025.  Delivery was due on 25th September, then shifted to 6th October, now again to 10th October.  The package reached KokerBaghHub_SRG Srinagar on 2nd October, but has not been delivered...","Oct 3, 2025",0,,https://www.consumercomplaints.in/myntra-com-unreasonable-delay-in-delivery-deficiency-of-service-c3535314
cfd9ece9d9415a7f689bfa2ab3ffe32d0114f48de3c3501053a081ee8b2317a0,consumer_complaints,IN,[email protected],,"Myntra.com — t310 with 12.4mm driver, 46db anc, spatial audio upto 40 hours playback earbuds","a complaint against Myntra for non-delivery of my order and persistent negligence by their customer support team. 

Order Details:

Order ID: 1310879 [protected]

Product: Realme T310 With 12. 4mm Driver, 46dB ANC, Spatial Audio Up to 40 hours Playback Earbuds

Order Date: 28/09/25

Timeline of Events:

1...","Oct 1, 2025",0,,https://www.consumercomplaints.in/myntra-com-t310-with-12-4mm-driver-46db-anc-spatial-audio-upto-40-hours-playback-earbuds-c3535246
eabed6768c3dcd6216bffe8627752f20e1f8ca675eb697ebba3bef4b9f232c96,consumer_complaints,IN,Sneha D.,,Myntra.com — Order placed but not visible in my orders,Order placed upi payment is done but order is not showing in my orders my money is gone will i get my order?,"Sep 30, 2025",0,,https://www.consumercomplaints.in/myntra-com-order-placed-but-not-visible-in-my-orders-c3535240
893edd8126344edf2c14421cd9e86c8f500f4f6f7130f149a957d03ac02c5682,consumer_complaints,IN,Abhaypipal2209,,Myntra India — Cancellation of order without any warning,I have order a pair of shoes at price of 1349. But company my order because currently the price of the same shoes is 240...,"Sep 28, 2025",0,,https://www.consumercomplaints.in/myntra-india-cancellation-of-order-without-any-warning-c3535175
c5a2514cf13584385f7ab6a46ecb84f6430611ef73c34394cca2cd9602e1df1d,consumer_complaints,IN,ishaagrawal,,Myntra.com — Not honouring offer advertised online,"this complaint against Myntra. com (Myntra Designs Private Limited) for denying a promotional discount clearly advertised on their website and for subsequent unsatisfactory customer support. 
Incident Details:
•	Order Placed: 21 September 2025
•	Order No: 131033063157291572703
•	Registered User ID: [protected]
•	Amount Paid: ₹35, 878 via HDFC Infinia Credit Card
•	Advertised Promo: ₹1, 000 discount on payments via HDFC Infinia Credit Card
Sequence of Events:
1...","Sep 27, 2025",0,,https://www.consumercomplaints.in/myntra-com-not-honouring-offer-advertised-online-c3535146
d6984124866c2668c8794f838dce7b8c41b56b85cad1dffc46545110a3f71d5f,consumer_complaints,IN,pushkar.jadhao,,Myntra.com — Empty Box Received from Myntra,"Analogue Watch from Myntra for my Engagement.  Received the package and when I opened it, the box was empty.  There was just an invoice from Fossil.  Not a single item inside the box.  I immediately raised a complain with Myntra but they don't seem to bother about the timelines of this, I needed this watch for my engagement and it's costly so can't place another order right away and Myntra seems to be so slow...","Sep 24, 2025",0,,https://www.consumercomplaints.in/myntra-com-empty-box-received-from-myntra-c3535034
0c77ecc0e5273498528a42e5c326a5087513f22bcd52156682f82fae0996c334,consumer_complaints,IN,Himanisingh104,,"Myntra.com — Extremely Disappointed Wrong Product Delivered, No Invoice, Refund Denied","I’ve been a loyal Elite customer of Myntra for years, but this recent experience has been nothing short of frustrating and unacceptable. 

I ordered a specific product, but Myntra delivered something completely different.  To make matters worse, the package was missing the tax invoice, which is essential for initiating any return or refund...","Sep 19, 2025",0,,https://www.consumercomplaints.in/myntra-com-extremely-disappointed-wrong-product-delivered-no-invoice-refund-denied-c3534903
a4878f7a685ff474f2f7c4c7dcaaa01b67b99584918295e58ad60ad1f3c5175a,consumer_complaints,IN,AkashNakashe,,Myntra.com — order cancelled without valid reason / misleading offer,"I placed an order on Myntra on 8th September 2025 during a sale period.  The order was confirmed and payment was successful.  However, on 10th September — after the sale had ended — Myntra cancelled the order citing a vague “technical issue. ”

This appears to be a deliberate tactic to promote fake offers during sale periods, attract traffic, and then cancel customer orders after the sale is over, preventing re-purchase at the discounted price...","Sep 12, 2025",0,,https://www.consumercomplaints.in/myntra-com-order-cancelled-without-valid-reason-misleading-offer-c3534624
c79e47261f1ee5395c0b6b89a63a6979a32704e5d2027b83a8e7237fd69f22ea,consumer_complaints,IN,Sakshikumar917,,Myntra.com — request for account reactivation and coupon recovery from myntra,"My name is Sakshi, and my registered Myntra account is linked to the mobile number [protected].  I am currently unable to access my account, as I keep receiving a message stating that it has been deactivated. 
As a regular customer who frequently places orders and has been addressed as a Prime customer in past interactions, I am surprised and disappointed that my account was deactivated without any prior notice...","Sep 11, 2025",0,,https://www.consumercomplaints.in/myntra-com-request-for-account-reactivation-and-coupon-recovery-from-myntra-c3534587
869e874b0c7320caaf231cf78233eb383e4893b6e108ed7a22b98575c6adf5e3,consumer_complaints,IN,upma121gupta,,"Myntra.com — Myntra marked my 10,000 prepaid order as delivered but I never received it","I have been a Myntra customer for over 10 years, but my recent experience has been extremely disappointing and frustrating. 

I placed a ₹10, 000 prepaid order for shoes from Canada for my Nanaji in India. 

Since I was ordering internationally, I couldn’t update the contact phone number...","Sep 6, 2025",0,,https://www.consumercomplaints.in/myntra-com-myntra-marked-my-10000-prepaid-order-as-delivered-but-i-never-received-it-c3534417
36fbd5502ad660dcffb899dead86c88eefa83bd6d727e0ab4f379e5de3c6551c,consumer_complaints,IN,Duke criteria,,Myntra.com — Repeated failed pickups without contacting.,"Ordered a bag on Myntra.  Got it delivered and on the day of delivery itself I noticed a defect (a tear in the inner lining of the bag), so wanted to return it.  The return plea was accepted and was scheduled to be picked up within the next 7 days.  2 days later, I received a message saying ""pickup attempt failed - will try picking up again tomorrow"" - but I didn't receive any call and the app didn't show any pickup agent phone number either...","Aug 31, 2025",0,,https://www.consumercomplaints.in/myntra-com-repeated-failed-pickups-without-contacting-c3534162
7381a8911cae8b47b786b9f6850a27e7dc5a53e8bc5cd9830fb3b9244ea3f9b8,consumer_complaints,IN,Priya26791,,Myntra.com — 5000+ myntra credit stuck after account deactivation,"My Myntra account was deactivated without any prior notice or explanation.  I had over ₹5000 worth of Myntra credits in that account, which I can no longer access. 

For the past 4. 5 months, I have been trying to contact Myntra through email ([protected]@myntra. com
), social media (Twitter, Instagram), and their customer support number[protected]...","Aug 27, 2025",0,,https://www.consumercomplaints.in/myntra-com-5000-myntra-credit-stuck-after-account-deactivation-c3534045
b10af6ca3aaa0b1e0bda4cc439af95f9106a16aaf53b1bf3a0cd75673a99eb5b,consumer_complaints,IN,[email protected],,Myntra.com — Incorrect product and now no response from myntra,"I had ordered Apple AirPods 4 from @Myntra and paid a significant amount, but shockingly, I received a necklace instead of AirPods. 
I immediately raised a complaint, but the support team first mentioned it would be resolved in 24 hours, and now they are extending it to 72 hours without providing a proper solution...","Aug 20, 2025",0,,https://www.consumercomplaints.in/myntra-com-incorrect-product-and-now-no-response-from-myntra-c3533803
8d199df8082618bdf540767911fbf1e597ea8c55a93a29dcbddbd66b41321e83,consumer_complaints,IN,likhitha17,,Myntra.com — Price tag not attached to product,Bought a kurta set but price tag is not attached to it. Now they are not accepting return. What can we do if company its...,"Aug 19, 2025",0,,https://www.consumercomplaints.in/myntra-com-price-tag-not-attached-to-product-c3533723
459e744e14cfb62aea96ae96d6d7b2a520aa5091e3b29e1bf5c74efecd06e9d6,consumer_complaints,IN,Samir1911,,Myntra.com — Aristocrat COMMANDER trolley/ Refund not received,I have connected with Myntra help line multiple times that I haven't received refund but they only provide me with reference number but I am not finding any transaction with this reference number on my UPI account (Paytm)...,"Aug 16, 2025",0,,https://www.consumercomplaints.in/myntra-com-aristocrat-commander-trolley-refund-not-received-c3533606
6220c8d27079373a6193dd4ea569542e2a716c68cf3ba0b0f3ef9629d8db491c,consumer_complaints,IN,Faheem Makhdoomi,,Myntra.com — Refund Not Received Order ID[protected]-91858,"“Credited” in the Myntra app on 14 Aug 2025 to my ICICI Visa card ending in 5287. 

However, I have not received the amount in my bank account/card yet. 
Neme faheem
Mobile no [protected]...","Aug 15, 2025",0,,https://www.consumercomplaints.in/myntra-com-b100293/page/4#get-cl3533589
9021df472ab8d6feb82d057983f27398b089fba483aa3efb078eee5ef59395a9,consumer_complaints,IN,Priyaaaaaaaa,,Myntra.com — Return Request Intentionally Put On Hold by Delivery Executive No Help from Myntra Support,"Complaint Against:
Myntra Designs Pvt Ltd and Ekart Logistics

Order ID: [Insert your Order ID here]

Details of the Complaint:
I had placed an order on Myntra, which I later requested to return.  However, when the delivery agent came for the return pickup, he intentionally marked the return as ""on hold"" despite the product being in perfect condition with all tags and packaging as originally delivered...","Aug 8, 2025",0,,https://www.consumercomplaints.in/myntra-com-return-request-intentionally-put-on-hold-by-delivery-executive-no-help-from-myntra-support-c3533244
a4dcfca576836fed6a0937bbc5a1dabcb7eed870f1dfab414592e26d98233210,consumer_complaints,IN,Abhishek Pradeep,,Myntra.com — Product failed to be delivered and not refunded,Product failed to deliver yesterday and not allowing cancellation,"Aug 7, 2025",0,,https://www.consumercomplaints.in/myntra-com-product-failed-to-be-delivered-and-not-refunded-c3533184
051c667f55fdf0c46ddd0de218258e5a92460093207b03ee3c15eeff958dfbfa,consumer_complaints,IN,Roy Informatics Pvt. Ltd.,,Myntra.com — Wrong product delivery by this company. Be aware,"I had a terrible experience with Myntra.  I ordered [insert product name], but received something completely different.  I immediately contacted customer support and shared all the necessary images as proof, but they refused to accept the issue and denied a replacement. 

It’s shocking that such a big platform doesn’t take responsibility for their own delivery mistakes...","Aug 7, 2025",0,,https://www.consumercomplaints.in/myntra-com-wrong-product-delivery-by-this-company-be-aware-c3533151
2281a7212e59ba8dc6b5534eff24efb26a46b71a02c976e44d0d17f1ba0e5535,consumer_complaints,IN,Penna,,Myntra.com — Unable to Download Invoice for H&M Shirts Urgent Resolution Requested,"15th July 2025 through Myntra, delivered on 20th July 2025, which was split into multiple parcels.  I received invoices for three shipments, but the invoice for the parcel containing a H&M shirt remains outstanding. 

Despite:

Raising an initial issue on 21st July 2025 (which was closed without resolution), 

Raising a second issue on 22nd July 2025 (still unresolved), 

And enduring multiple follow-ups via phone, 

I have yet to receive the missing invoice...","Jul 30, 2025",0,,https://www.consumercomplaints.in/myntra-com-unable-to-download-invoice-for-hm-shirts-urgent-resolution-requested-c3532743
4c70dc77ecdc403dc49d665515419120ae867c38d205bbaaaa0a4088e4d464fb,consumer_complaints,IN,Priyank Mamar,,Myntra.com — Received wring product of same brand,"23rd july 2025 from Myntra.  It was delivered to me on 25 july.  As i opened the package i saw that i received levis brand jeans but of different design and different size and different model though it was if same brand.  
Registered mobile number is [protected]
Order id is[protected]-1579103
Order amount as per invoice is 3368 and invoice number is 11926KO[protected]
 I complaint to myntra but they are not replying...","Jul 27, 2025",0,,https://www.consumercomplaints.in/myntra-com-received-wring-product-of-same-brand-c3532571
e14db04b556897a38ec701c87f3bd262676c61e23397ebd12160f93488d9f4cf,consumer_complaints,IN,Crudie,,Myntra.com — Puma ultra 5 ultimate,"as it was cheaper on myntra than other websites.  I bought a size 8 UK but was greeted with a size 9UK.  To add to my problems further there was no tag on it and apparently I can’t return or exchange without tag.  When I contacted the customer support regarding the same, they initially promised to look into it within 48hrs...","Jul 23, 2025",0,,https://www.consumercomplaints.in/myntra-com-puma-ultra-5-ultimate-c3532350
d42b175f6203e44e038c5cf7867df9e65a3c687715f20166db583549c97bedb6,consumer_complaints,IN,RahulShinde1990,,"Myntra.com — While ordering Myntra accepted order and after cancelled order before one day of delivery with reason ""Pincode is not deliverable""","and while ordering myntra accepted order for my pincode - 425401 and expected delivery date give by mynta is - 23rd july 2025, but on 22th July 2025, myntra cancelled my order with reason that ""they can't deliver to my pincode"".  This is not acceptable.  I called mynta many times to get tracking details...","Jul 22, 2025",0,,https://www.consumercomplaints.in/myntra-com-while-ordering-myntra-accepted-order-and-after-cancelled-order-before-one-day-of-delivery-with-reason-pincode-is-not-deliverable-c3532323
14670c5b1514383cb3d6337e8dae917829521c43fa36a92783eb752d50b82c11,consumer_complaints,IN,Farid makrani,,Myntra.com — complaint against myntra repeated wrong product delivery (same print t-shirt) & suspected fraud,"Subject: Complaint Against Myntra – Repeated Wrong Product Delivery (Same Print T-Shirt) & Suspected Fraud

Dear Sir/Madam, 

I am writing to formally raise a complaint against Myntra for repeatedly delivering wrong products and mentally harassing customers through delay tactics, refund delays, and suspected fraudulent practices...","Jul 21, 2025",0,,https://www.consumercomplaints.in/myntra-com-complaint-against-myntra-repeated-wrong-product-delivery-same-print-t-shirt-suspected-fraud-c3532241
7e12beae3f7b573c99aab2feac59f952f308ba42fb4dd03ed34367b03ba8fa89,consumer_complaints,IN,Manojjtamang,,Myntra.com — Product severely delayed yet when I try to cancel they are not allowing cancellation.,"Exhausted as a Consumer | Myntra

As someone who trusted @Myntra for years, I never thought I’d be put through such a frustrating and exhausting ordeal. 

On 28th June 2025, I placed an order (Order No: 130298217427384455003) through Myntra. 

After repeated delays, I tried to cancel the order, but Myntra’s system did not allow me to cancel even though the item hadn’t shipped...","Jul 19, 2025",0,,https://www.consumercomplaints.in/myntra-com-product-severely-delayed-yet-when-i-try-to-cancel-they-are-not-allowing-cancellation-c3532187
6ca7c6d226671d47110baa1e9fc9229fd638f1a2ec9fafaece514bacfed8ef80,consumer_complaints,IN,Vikrant.Pangarkar,,Myntra.com — Refund amount not credited after multiple reminder,"casual shirts from Myntra, but due to product quality, I have returned both the shirts & Myntra promised to credit my refund amount to my wallet account, but it didn't credit.  

After multiple follow-ups, they committed within 72 hrs, it will be credited to my wallet, but till that, it have not received it...","Jul 18, 2025",0,,https://www.consumercomplaints.in/myntra-com-refund-amount-not-credited-after-multiple-reminder-c3532136
76718e010d7ef45cfc87ab36e1449771b99394d530f966646487e47d9b82b919,consumer_complaints,IN,Shraddha1081,,"Myntra.com — Product wrongly marked as ""delivered""","I placed the order on Myntra mobile app on 6th July 2025.  The delivery date indicated at the time of order was 15-18th July.  However, the product was updated as ""delivered"" on 10th July.  I was traveling till 17th July.  Upon my return, I realised, that while the product was shown as delivered, the package was never delivered...","Jul 18, 2025",0,,https://www.consumercomplaints.in/myntra-com-product-wrongly-marked-as-delivered-c3532127
1a18ca3296090e6c38421f020508bd67ccbc2e6bbe43aa06f7e253e05ebb792c,consumer_complaints,IN,[email protected],,Myntra.com — Account block[protected],"Good evening, I am in India undergoing medical treatment. I must return to my country on Saturday. My account has been b...","Jul 16, 2025",0,,https://www.consumercomplaints.in/myntra-com-account-block-0919211873287-c3532040
7692125a28ed320bb63a3cb77d565ab02579b4344b5298392212b97d8ea614ca,consumer_complaints,IN,arshamirza,,Myntra.com — 'puma women train all day puma ankle length tights with pockets' pertaining to the order number 130158275257093605701.,"But Myntra? You casually hand over the product to someone and mark it as “Delivered” without any accountability. 

I demand answers to the following:

Why was no call or message sent at the time of delivery?
Why wasn’t OTP verification done?
Who exactly received my parcel?
Where is the proof of delivery (name, signature, or photo)?
What immediate steps are you taking to fix this?
To make things worse, after lodging the complaint, your team has been calling me daily and sending copy-pasted emails repeating the same excuse about your “5-day delivery policy...","Jul 5, 2025",0,,https://www.consumercomplaints.in/myntra-com-puma-women-train-all-day-puma-ankle-length-tights-with-pockets-pertaining-to-the-order-number-130158275257093605701-c3531404
bb55eec51c304875a9555cf58997afc35da32c2472c108b8955177f2c29cae29,consumer_complaints,IN,Suraj gummadidala,,Myntra.com — Credit voucher not being credited to myntra account despite escalation,"(emails to [protected]@myntra. com, [protected]@myntra. com, and [protected]@myntra. com), I have not received any proper resolution for the last [mention days, e.  g. , 20 working days].  My issue has been ignored, and I have suffered unnecessary inconvenience, financial loss, and mental stress as a result...","Jun 27, 2025",0,,https://www.consumercomplaints.in/myntra-com-credit-voucher-not-being-credited-to-myntra-account-despite-escalation-c3530948
1ed9faad9dbb01d3f11e94a421b7912790edecd986f755e9db64b4c4de011e92,consumer_complaints,IN,Shalini9090,,Myntra.com — Refund not received for item that was Returned Order ID # 1301498 [protected],"I bought cloth on myntra on 11 June for 509 Rs i returned it, item was pickup by them, till now they have not refunded .  I demand strict action against myntra

Order ID # 1301498 [protected]
Order date 11 June

Mobile Number [protected]...","Jun 25, 2025",0,,https://www.consumercomplaints.in/myntra-com-refund-not-received-for-item-that-was-returned-order-id-1301498-28769493160203-c3530853
08d5f5914cac7a6d09e28705db3bf9b8018a63fe0986bdff5a76d79b49ee9447,consumer_complaints,IN,GODUGU SURESH,,Myntra.com — Waiting for refund amount,"I have ordered 4 products on myntra on 30th may 2025 .  Out of 4 products, they delivered only 1 shirt that too a used product without any brand name and prize tag.  And the 3 remaining tshirts are not delivered and saying address is wrong. 
1.  How could they deliver 1st shirt with the same address...","Jun 16, 2025",0,,https://www.consumercomplaints.in/myntra-com-waiting-for-refund-amount-c3530396
518cbc1026efadb2165514a16c78967bb57cdbd4a147fc162bac6811fa7abb6e,consumer_complaints,IN,SandyMLR,,Myntra.com — Wrong Product delivered & refund immediately,"I have requested for a Yellow dress (details mentioned in the app, and email below) and also paid Rs. 1329/- yesterday (...","Jun 15, 2025",0,,https://www.consumercomplaints.in/myntra-com-wrong-product-delivered-refund-immediately-c3530333
2bde05f2b6bfff5f17e3899061d2466b254bdb7f388211b2a2c478ba2d7d3f13,consumer_complaints,IN,Agupta993,,Myntra.com — urgent complaint: order marked as delivered but not received no resolution after multiple complaints,"Dear Myntra Customer Support, 

I am writing to raise a serious concern regarding my recent order (Order ID # 1301193 [protected] ), which has been incorrectly marked as ""delivered"" despite the fact that I have not received the package. 

The order was supposed to be delivered around [9 JUNE 2025], but I never received it...","Jun 14, 2025",0,,https://www.consumercomplaints.in/myntra-com-urgent-complaint-order-marked-as-delivered-but-not-received-no-resolution-after-multiple-complaints-c3530257
48cf46e3d43c3ade798a92a81bcbd79a3df08203fd191c605504e4973a77fa0a,consumer_complaints,IN,Dhruva Saxena,,Myntra.com — Boombox3 wifi 24h playtime builtin power bank alexa-chromecast 180 w bluetooth speaker,"placed the order on Myntra on 4 May 2025 for Rs 40000, and today is 13 jun 2025. 
To date, I haven't received my product, nor a refund, nor any kind of resolution. 
I am fed up now, 
Around 30 emails, 10 complaints, and 6 consumer forum complaints, but nothing has been done...","Jun 13, 2025",0,,https://www.consumercomplaints.in/myntra-com-boombox3-wifi-24h-playtime-builtin-power-bank-alexa-chromecast-180-w-bluetooth-speaker-c3530232
556fbd8fe1b84917b17565112fc463e54c1e95a941de85340e41a473d3c96c0a,consumer_complaints,IN,suraj sing,,Myntra.com — bewakoof men baggy relaxed...,"De;ivery boy not picup call and update delivery status ""delivery failed"" my all 4 product","Jun 6, 2025",0,,https://www.consumercomplaints.in/myntra-com-b100293/page/5#get-cl3530003
85e05234402af3017c3b705b67709c008f9d558bdaddcbebf524be41e0ee3b7e,consumer_complaints,IN,Sunita Bane,,Myntra.com — Product cancellation complaint,"22-Apr-2025

Dear Myntra Team, 

I am writing to express my dissatisfaction regarding the unresolved issue related to my order, despite multiple follow-ups. 

I had placed an order for the following item:
Product Name: Men Leather RFID Protected Water Resistance Card Holder
Order Date: 22-Apr-2025
Order No...","Jun 5, 2025",0,,https://www.consumercomplaints.in/myntra-com-product-cancellation-complaint-c3529969
77c35c8c0ff9f25b0682c40fd8912178b4d3b56f57c751986e72a994df2b003a,consumer_complaints,IN,Miss_megha,,Myntra.com — Refund pending since 2023,"In march 2023, first I have complaint about the order ID 120752801554936758501. After so many calls, emails, and continu...","Jun 5, 2025",0,,https://www.consumercomplaints.in/myntra-com-b100293/page/5#get-cl3529945
73b82068f020b2c92c1de3e253f26702c201af42d640cab8c3cc27884089b8a8,consumer_complaints,IN,[email protected],,Myntra.com — Unfair resolution no. Help on return creation,I ordered a kurta of Qubo fashion from Myntra and received it without a brand tag or price tag just the size slip of the brand was there.  I want to get a return created for tha and am open for any investigations happening with the logistics team as I'm honest at my case.  The registered order from it worth Rs...,"Jun 2, 2025",0,,https://www.consumercomplaints.in/myntra-com-unfair-resolution-no-help-on-return-creation-c3529771
8fa780594afec9495d215ab84ecd09f990a07c0e84818222aa603bfd5444b677,consumer_complaints,IN,Dhiraj Dhande24,,Myntra.com — Wild stone men code iridium long lasting body deodorant perfume-150 ml,"105, myntra confirmed the order and after 10-12 hrs they cancelled on there own without informing me, after checking on app they show reason to be due to unforeseen circumstances.  They increased the price to 1. 5 times the price that i have ordered after cancellation.  When i raised the issue to customer support team they are unable to solve the issue...","May 27, 2025",0,,https://www.consumercomplaints.in/myntra-com-b100293/page/5#get-cl3529519
eb0729795bead3176f1dd7c356fd3733a7e323cc15e4186fdc024e16c826ace6,consumer_complaints,IN,Prathiksha Raghu,,Myntra.com — Wrong Item Delivered | Order ID #1298941 [protected],I am writing to formally lodge a complaint regarding a serious issue with my recent order (Order ID: #[protected]-158820...,"May 26, 2025",0,,https://www.consumercomplaints.in/myntra-com-b100293/page/5#get-cl3529456
a6ef916fe15756457027d67eb501ab21f8274eb79df8c857d2b1af280977e87b,consumer_complaints,IN,Nikhilhanda,,Myntra.com — Refund not credit yet,"my bank details with myntra, they are just misbehaveing with me and not providing me my refund

 Order ID # 1298676 [protected]...","May 22, 2025",0,,https://www.consumercomplaints.in/myntra-com-b100293/page/5#get-cl3529221
286b08a1c42ea00777d845480ed9c88c9325869e59b460dbf5defbbdad3dd88f,consumer_complaints,IN,Aditi1407,,Myntra.com — Order status incorrent,"Hi, 

It is regarding my order for a top whose status is coming as Shipping delayed while it is already deli...","May 16, 2025",0,,https://www.consumercomplaints.in/myntra-com-b100293/page/5#get-cl3529003
1de73435bbe3b5ae24c05b6c016abc018c5ac54f18050ba31629763abf64c939,consumer_complaints,IN,Gargpihu,,Myntra.com — Myntra delivered sealed parcel with missing cosrx snail mucin refund denied,"I placed an order on Myntra (Order ID: 129860206405961664501) and received a sealed package, but the item inside — COSRX Snail Mucin — was missing. 

I raised a complaint on 11th May (Ticket ID: IN[protected]) and was told to wait till 14th May.  Despite waiting, no resolution was provided...","May 15, 2025",0,,https://www.consumercomplaints.in/myntra-com-b100293/page/5#get-cl3528938
ac7d97ac49acd5e3d9cb3775eb820f4e25590fdc358e07b6fcf9e6c3479584f5,consumer_complaints,IN,Sristi joshi,,Myntra.com — Leaked product received from there side no exchange and return policy,"I have ordered from myntra few days back, the product i have received was leaking and the size was half of the amount, I asked myntra to exchange or return my product three times i called them and talk to there agent and they doesn't show any kind of response from there side neither i received any mail from there side nor a text, I called them again they says they have declined my complaint...","May 8, 2025",0,,https://www.consumercomplaints.in/myntra-com-b100293/page/5#get-cl3528668
579a0e33cbe04d38b5af89ad0f1cf354f49fbfafbd9efd4bf1426f527497d409,consumer_complaints,IN,Dr Ayushi,,Myntra.com — Missing products of prepaid order worth 10K,"regarding this issue to myntra customer support they are refusing to acknowledge this issue and states that order was completely tamper proof, but thats not my problem, i have already paid for my order and its a loss 10K to me and apart from money, what about the emotional harrasment, and inconvenience they have caused to me since this has occured i have been trying to reach them regarding the same but they are just delaying and at last refuses to resolve...","May 6, 2025",0,,https://www.consumercomplaints.in/myntra-com-b100293/page/5#get-cl3528552
2fc386cd38f36b3de725da875c399fd01b43c318908ca361a87792931232c723,consumer_complaints,IN,Sampa_g,,Myntra.com — Worst Experience ever with Myntra SCAM ALERT,"I ordered 3 products from Myntra: 1 eyeliner (which I did receive) and 2 Tirtir foundations.  Out of the two foundations, only one was in the package—the other one was missing.  As soon as I noticed, I immediately called customer care to report it.  And that’s when the real nightmare began. 

The Myntra staff are completely useless...","May 5, 2025",0,,https://www.consumercomplaints.in/myntra-com-b100293/page/5#get-cl3528514
cb08fd7adabc3928a7c62c1ea0fd110327d8d9e43ce4728bfce016171b031fc8,consumer_complaints,IN,vidishat,,Myntra.com — I had placed exchange in myntra but didn't get exchanged product,"tank crop top through myntra e-commerce app and the exchange product is not delivered to me however the delivery boy (may be) mistakenly took the product with him and didnt give me the exchanged one.  As I was not available at the place, my friend gave away my parcel.  It was due to confusion may be, as at the same time another parcel was for return...","May 2, 2025",0,,https://www.consumercomplaints.in/myntra-com-b100293/page/5#get-cl3528425
f2e5d9b9995d9c22e4d1a74047c0c5e0e9af0068694954727aad35f81cbc1d50,consumer_complaints,IN,Vaibhaw29,,Myntra.com — Refund not issued after 6 months,"transaction ID from Myntra which is incorrect as per the bank. 
I have requested multiple times to send the correct transaction ID but there is no action from Myntra...","May 2, 2025",0,,https://www.consumercomplaints.in/myntra-com-b100293/page/5#get-cl3528424
e423adbe62455dc0adedbd16713fbd730725f985a1a79c025fbc7b383e8a095a,consumer_complaints,IN,Ruchita Vankar,,Myntra.com — health issue caused by expired product immediate attention needed,"I had ordered a face wash from Myntra and was unfortunately delivered an expired product.  After using it, I developed a skin infection and only then realized the product was past its expiry date.  Despite repeatedly calling and emailing Myntra's customer support, I have only received automated responses with promises of resolution within 24 to 48 hours...","May 2, 2025",0,,https://www.consumercomplaints.in/myntra-com-b100293/page/5#get-cl3528399
4d8e03f71bc8d7d42304ad825ae2f1c11315ada8066359d79e7ef881cae63226,consumer_complaints,IN,Z_a_beer,,Myntra.com — Myntra Order Not Delivered No Response Despite Multiple Complaints,"a complaint against Myntra regarding a non-delivered order and lack of proper resolution. 

I placed an order on Myntra on Order ID # 1296860 [protected]on (20/4/25].  The expected delivery date was 24/4/25, but the product has not been delivered to date. 

I have raised multiple complaints through Myntra's customer support channels, but I have either received no helpful response or been given false assurances...","May 1, 2025",0,,https://www.consumercomplaints.in/myntra-com-b100293/page/5#get-cl3528369
738c9b763a70493724cf2369b0feb30a29fbe7fc17cbfc70fd561078f71e3a38,consumer_complaints,IN,Pratisha gupta,,Myntra.com — Received empty box,"Dear Myntra Team, 
I am writing to bring to your attention the issue regarding my order Order ID # 1295895 [protected] delivered on [13 April 2025].  I received an empty box instead of the shoes I ordered.  I have already reached out to customer support multiple times over the past 15 days, but I have yet to receive any resolution...","Apr 28, 2025",0,,https://www.consumercomplaints.in/myntra-com-b100293/page/5#get-cl3528210
683aa61d19df493780fbe2de0f4f3737e59e409e3b95e6d31e8880a8432cd626,consumer_complaints,IN,Varshabhavnani,,Myntra.com — Delivered damage packaging parcel with different product,I order sassfaras women grey trouser with 6 pockets. But i recieved only 3 pocket grey trouser. And my request is gone c...,"Apr 28, 2025",0,,https://www.consumercomplaints.in/myntra-com-b100293/page/5#get-cl3528158
dbef10fa97917f168ed1b45ac5723912c544ae8e6976ca725cdb2fafba7b52dc,consumer_complaints,IN,Swati Taneja,,Myntra.com — Wrong product delivered and imposed,"Myntra delivered a different colour footwear but on initiating exchange, myntra denied to take back the product. 

It has been 5 days and they are still wasting time. 

They did this 3-4 months back as well.  A damaged product was delivered and they wasted time like this and then they cancelled exchange...","Apr 26, 2025",0,,https://www.consumercomplaints.in/myntra-com-b100293/page/5#get-cl3528093
7334bf15bdc598d6ab440602f27a3bbb59599192917d277891d34d4834855541,consumer_complaints,IN,Sayedhasan5,,Myntra.com — Complain regarding return a product,I bought a slipper (Ipanema) from myntra.  When i received it was dirty and also has size issue…i raised return request but no one come to pick it up.  Again i am trying to contact them but they are not responding …plz resolve this issue as soon as possible...,"Apr 24, 2025",0,,https://www.consumercomplaints.in/myntra-com-b100293/page/6#get-cl3528002
6afa5c0fe145170388a4b73008ce80acc1cbde811bf759e662f740f4101d6914,consumer_complaints,IN,Ryan55513,,Myntra.com — received wrong product on myntra and support refusing replacement,"I had placed an order on Myntra with Order ID: 1294107 [protected] for 'The Roadster Lifestyle Co.  Men White Solid Track Pants (Size: L)'.  However, I was delivered a T-shirt instead.  There was another item in the same order which was also wrongly delivered, but that was eventually replaced after multiple follow-ups...","Apr 13, 2025",0,,https://www.consumercomplaints.in/myntra-com-received-wrong-product-on-myntra-and-support-refusing-replacement-c3527497
9a83b5f2f15472f32630278b45d83c1461844a997d771b6a7e17306abb60d713,consumer_complaints,IN,Bhav05,,Myntra.com — Product & Money Not Received,"I ordered a shirt from Myntra for 1, 200 Rs, it did not fit well & hence I requested an exchange, the new shirt was for 3, 000 Rs, so I paid an additional 1, 800 Rs.  It has been a month now & Myntra has not delivered the shirt nor providing the refund.  The order shows in “processing” status & multiple calls & emails have been futile since they come up with a standard response “please give us 24-48 hours”...","Apr 13, 2025",0,,https://www.consumercomplaints.in/myntra-com-product-money-not-received-c3527485
3b6ba043da74cb15f0ec9d75bf206de2bfd35d4e301cb3b1020a148c4fcaa448,consumer_complaints,IN,Raj5893,,Myntra.com — Order cancelled by myntra considering it as bulk order,"price for home use, myntra cancelled it considering it as bulk order and no resolution provided by support...","Apr 12, 2025",0,,https://www.consumercomplaints.in/myntra-com-b100293/page/6#get-cl3527471
8b0e87a22c5b6b0a2205b7de7d896e30ff3757f66dac69c5664035acbbe0add5,consumer_complaints,IN,Mysterious Person,,Myntra.com — 2 times paid for the same order.Refund Issue.,"consistently complaining to Myntra support for a refund.  Every time, they give me a 24-hour timeframe, but after that, they don't respond.  Even though Myntra's records clearly show that I made two payments, why is the backend team taking so long to process the refund?""...","Apr 11, 2025",0,,https://www.consumercomplaints.in/myntra-com-2-times-paid-for-the-same-order-refund-issue-c3527412
b41465ae7e47ed2c2f1527822f05a7204222d26826403511e70afa460cdbb18f,consumer_complaints,IN,Rashika15Sharma,,Myntra.com — Product is missing from the parcel,Ordered 3 kurta from ADA on Myntra.  On 31st march I received a parcel of a single kurta.  I immediately raised a complaint regarding this issue stating that only a single kurta is delivered and two of them are missing from the packet I even checked with the delivery executive if there were any other package for the missing kurtas as the parcel I had received was clearly a single product parcel...,"Apr 11, 2025",0,,https://www.consumercomplaints.in/myntra-com-product-is-missing-from-the-parcel-c3527378
49720dedc0d713ac413d694c3dbadd38d12b9230c3b142fc54c6ac892930d822,consumer_complaints,IN,Arjeekeeya,,Myntra.com — Complaint regarding delivery issues and unprofessional behaviour of myntra delivery agent.,"positive experience with Myntra, but recently, a delivery agent informed me that Myntra doesn’t deliver to my location.  This was confusing because Myntra had previously delivered to my doorstep.  The agent insisted I pick up my parcel from his location, which is unprofessional and frustrating...","Apr 8, 2025",0,,https://www.consumercomplaints.in/myntra-com-complaint-regarding-delivery-issues-and-unprofessional-behaviour-of-myntra-delivery-agent-c3527265
19bbdcdc74e55ca3d5a28d880f4d691c0ff60699aadb0f8001375c0e735358eb,consumer_complaints,IN,khushirajhere,,Myntra.com — complaint regarding incorrect product and return denial,"I ordered a ready-to-wear saree but received a regular saree instead. While the color matches, the key feature—pre-sti...","Apr 2, 2025",0,,https://www.consumercomplaints.in/myntra-com-b100293/page/6#get-cl3526957
55cd4b10ae3a0d90d3ad32596a502fddb9ad1d23296fa8ebb36f9390ebda3ea2,consumer_complaints,IN,SumeetMukherjee,,Myntra.com — Wrong product given not yet refunded,"Moda Rapido brand from Myntra company but they have provided me with a white shirt of another brand(wrong product was given.  Despite raising return and refund request Myntra company is not at all resolving my request.  Since 24 th of march customer care department of myntra is telling that it will be resolved within 24 hrs but not at all resolving since last 4 days despite calling myntra customer regularly, no resolution is happening, pls take necessary action against Myntra for delivering wrong product and not resolving my issue...","Mar 27, 2025",0,,https://www.consumercomplaints.in/myntra-com-b100293/page/6#get-cl3526730
42df0d1b1251a78128a86a9cb0519d02cddf8bea50e6b90a3f643cd32c37ad79,consumer_complaints,IN,Wasih,,Myntra.com — product not received or not delivered,"three complaints with Myntra customer service regarding this issue, but unfortunately, I haven't received a proper response from them, and I still have not received my ordered item. 

Order Details:
- Order Date: 08. 03. 2025 
- Tracking Number:[protected] 
- Ordered Mobile Number: [protected]

Please find the attached screenshot for your reference...","Mar 23, 2025",0,,https://www.consumercomplaints.in/myntra-com-b100293/page/6#get-cl3526491
9a79e225b080452de8406413d49038ba4480b13a65b2dda22c932a75735a2a83,consumer_complaints,IN,Ritikadeshwal,,Myntra.com — Wrongfully delivered a product and not holding money against the same,"I ordered a peice of suit from Myntra app on 1st March.  I tried the same on 8th March and put in a request for return as I did not like the product.  I order another product, let’s call this product A.  I ordered a product A in exchange of the first product.  The exchange was done and product delivered on 9th March...","Mar 22, 2025",0,,https://www.consumercomplaints.in/myntra-com-wrongfully-delivered-a-product-and-not-holding-money-against-the-same-c3526450
a82e8d295995e7004caa8622ea57a4b9e980ff5468e7ae6c921d2463a601b8d3,consumer_complaints,IN,Ginnij0308,,Myntra.com — Complaint Against Myntra Fraudulent Return Handling & Delivery Agent Misconduct,"On 06/02/2025, the Myntra delivery agent picked up my return but engaged in unethical and threatening behavior:
After collecting the product, he returned within 5 minutes, forcefully asked to keep it, and then started ringing the bell aggressively while raising his voice. 
There were two products returned, but he failed to provide a confirmation slip...","Mar 17, 2025",0,,https://www.consumercomplaints.in/myntra-com-b100293/page/6#get-cl3526239
15f590c4264bd8f81b2aed99cf195c44e90a577451904325b4a339d39a915aa9,consumer_complaints,IN,Om Oulkar,,Myntra.com — Product not delivered to me and it's showing delivered in app,"**Terrible Experience – Incomplete Delivery, Poor Packaging, and Bad Customer Service!** 

I ordered **two...","Mar 14, 2025",0,,https://www.consumercomplaints.in/myntra-com-b100293/page/6#get-cl3526132
1f4fac19b7f598f1b532059a530183f06d73befebc713c6dc9d98e4c22933e68,consumer_complaints,IN,Pdsaha,,Myntra.com — Delivering bad quality products and refuse to replace it.,"Delivered bad quality product and after opening the item, we observed that the item was defective and looking like used ...","Mar 8, 2025",0,,https://www.consumercomplaints.in/myntra-com-delivering-bad-quality-products-and-refuse-to-replace-it-c3525897
520d4946b1d4baa60f9844f44e47c3d404226cba4807affdcde770eb8f441e7b,consumer_complaints,IN,Sanjana_22,,Myntra.com — non-fulfillment and cancelling of orders,"and frustation with Myntra's service, specifically regarding the cancellation of my orders without prior notice.  Unfortunately, this is the second time I have experinced this issue within 35 days.  
Order Details:
Order Number - #129307714006552736103 and order dated 30th January 2025
Order Date - 5th March 2025 and 30th January 2025
Items Ordered - Mango Suede Shopper Tote Bag and Freakins Straight fit high rise cotton jeans

On 6th March 2025, the app stated that my order has been cancelled due to ""unforeseen circumstances""...","Mar 7, 2025",0,,https://www.consumercomplaints.in/myntra-com-non-fulfillment-and-cancelling-of-orders-c3525840
81bb8dd7eb53577b43678fc727426598f1b14977d7ad91aba99374f5655eed24,consumer_complaints,IN,Yuvraj sisodiya,,Myntra.com — Sent a used gift card worth 1250rs,Today I bought two myntra gift card from Amazon of 1000 and one more of 250 rs and they totally worth 1250rs and they sent me a used gift card what should I do now I am totally helpless right now it was my hard earned money and they r not refunding me my money what should I do now did they scammed or cheated me who used that card bro only I have my gmail so how can u say that I used it where is my money or my gift card plz help me with this I am totally helpless less and shivering because of this glitch or scam😭😭...,"Mar 3, 2025",0,,https://www.consumercomplaints.in/myntra-com-b100293/page/6#get-cl3525705
8f5422c8440034e3dcc791dc91cad3ed3a7d0e417f0df8a1347bde49abf68d18,consumer_complaints,IN,Rohtash V,,Myntra India — urgent complaint unfair emi charges for canceled order,"Dear Myntra Customer Support Team, 

I am writing to formally complain about an issue I have faced with Myntra for the second time, which has caused me financial loss and inconvenience. 

I placed an order on Myntra for a watch using the EMI payment option.  However, Myntra canceled the order without providing any reason...","Mar 1, 2025",0,,https://www.consumercomplaints.in/bycompany/myntra-india-a612381.html#get-cl3525603
9506a8fddbe8d53d4e027b3734a8caa590baf84f94362d58f36481ef75b36a9d,consumer_complaints,IN,tkaushik,,Myntra.com — Empty package,"sterling silver ring from myntra on 16th feb and received the package on 18th february, however when i checked inside, only the clara box was present, there was no ring. 
i contacted the myntra customer service and let them know the entire situation, they apologized and said they'll come up with a resolution but since then, they haven't been of any help...","Feb 28, 2025",0,,https://www.consumercomplaints.in/myntra-com-b100293/page/6#get-cl3525544
f474beee0aedc55015e2f8620d1672cb4160290a1055b71022eae14af39a4cdb,consumer_complaints,IN,Manthena Ramya,,Myntra.com — Style exchange,"is no return but the myntra support denied it.  They informed me that i can only have an option to size exchange when there is no xxl how can i change size exchange. 

Here is i lost my money of 1100 and the product. 

I need this resolved...","Feb 15, 2025",0,,https://www.consumercomplaints.in/myntra-com-b100293/page/6#get-cl3524963
6fe41600a0e4ef956d10d6da1de00c222a29797c022163869b9983e58eda87ce,consumer_complaints,IN,Deepsingh49,,Myntra.com — wrong product delivered - adidas ford fwd running shoes uk8,"Shoes (Size: UK 8) from Myntra.  On 4th February 2025, the package was delivered with torn Myntra packaging.  The delivery agent claimed the damage happened during transit.  Despite this, I accepted the package. 

Upon opening it, I was shocked to find the wrong product inside—a completely different Adidas shoe, which appeared used...","Feb 8, 2025",0,,https://www.consumercomplaints.in/myntra-com-b100293/page/6#get-cl3524672
745572b5909dea017dbf9e0eefbf43faefbc9acccd5de6bcb7af6454a80d0e28,consumer_complaints,IN,Sirisha Dwarapudi,,Myntra.com — Product not delivered but app showing delivered,"with tracking ID MYSP[protected] from Myntra, will be delivered by 11pm today by an Ekart delivery executive who can be contacted at ([protected], PIN 126). 

Ekart Update : Levis Men Black Printed Rou.  with tracking ID MYSP[protected] from Myntra, will be delivered by 11pm today by an Ekart delivery executive who can be contacted at ([protected], PIN 126)...","Feb 8, 2025",0,,https://www.consumercomplaints.in/myntra-com-b100293/page/6#get-cl3524648
1471d3a8b3cd116fec0250e0472473aae6156c06300c722b5dfb4bc4bdebe831,consumer_complaints,IN,Shromona2,,Myntra.com — Product received with no tag,"Hi, 

I had ordered roadster shoes in size 5 but it did not fit me so I immediately exchanged for size 6. Ho...","Feb 8, 2025",0,,https://www.consumercomplaints.in/myntra-com-b100293/page/7#get-cl3524644
e3c2242d8b1ffb9c087aacb0ec4b76a73093bfd04148245864bcd4945cce97a7,consumer_complaints,IN,[email protected],,Myntra.com — Return Order Pickup Up but mentioned as failed and no refund provided despite me having CCTV footage of the pickup,"product was picked up by Myntra executive [Name: Sagar, Contact: [protected]] on 28-Jan-2025 at 10:20 AM from the same address from my hand but marked as ‘Pickup Failed’.  I have also obtained CCTV video evidence of Myntra executive picking up the order and raised an issue with the customer support team mentioning all the facts...","Feb 4, 2025",0,,https://www.consumercomplaints.in/myntra-com-b100293/page/7#get-cl3524480
69dd1765795f063d04f36d996c61f1edacad530879625bfc1ab7300a7aca9e3b,consumer_complaints,IN,Vivek_b,,Myntra.com — No refund after product indefinitely delayed,Myntra's service is disgraceful and irresponsible.  This is outright fraud...,"Feb 2, 2025",0,,https://www.consumercomplaints.in/myntra-com-b100293/page/7#get-cl3524396
fd9c0860ca145dc6ead52c2f2939bc444d84e99b385e1a37000dbbfe3f0bb249,consumer_complaints,IN,Shreya kumari singh,,Myntra.com — Size is out of stock,"I ordered Annabelle by Pantaloons
Women Slim Fit Formal Trousers (product id:[protected] of size 36, but when I re...","Jan 14, 2025",0,,https://www.consumercomplaints.in/myntra-com-size-is-out-of-stock-c3523625
fdc6f03e0dcc4ce26c2d49d16e8f442cc46aa89f3d4167f8491602a2b859d716,consumer_complaints,IN,Skohli1896,,Myntra.com — Complaint regarding misleading pricing of product,"As a loyal customer of Myntra, I expect transparency in pricing and genuine discounts...","Jan 5, 2025",0,,https://www.consumercomplaints.in/myntra-com-b100293/page/7#get-cl3523226
3860832ea8a6022c82c940fc070be1bcc39ce3ffc161b79180935dc6db9df3f3,consumer_complaints,IN,priya dg,,Myntra.com — No details about the order I have paid,I have placed an order [el paso flats] in mynthra app on jan 5 around 3 pm.. And paid using gpay... The order was confir...,"Jan 5, 2025",0,,https://www.consumercomplaints.in/myntra-com-b100293/page/7#get-cl3523212
7d895caaa1f21ec1b463e32cb6f6f05c04fbbc229a86e490f79e7bd56991914a,consumer_complaints,IN,Sneh@ryan,,Myntra.com — Jogger,"disappointing experience with Myntra that has left me questioning their commitment to customer satisfaction and integrity.  I placed an order for a pyjama, expecting a quality product, but instead, I received two substandard tops that I never ordered.  Shocked by the blatant error, I initially approached Myntra for an exchange because I genuinely wanted the product I had ordered...","Jan 5, 2025",0,,https://www.consumercomplaints.in/myntra-com-b100293/page/7#get-cl3523191
cecb1ccf6cfa5b8aabc7461ce4a8ab79bdb67a16dcc6603ebe50f217145140b7,consumer_complaints,IN,Senthil Kumar Rathinasamy,,Myntra.com — Wrong Product was sent but they declined to refund.,I am writing this note after so much of frustration. I really had a bad experience recently with them; I brought a produ...,"Jan 4, 2025",0,,https://www.consumercomplaints.in/myntra-com-b100293/page/7#get-cl3523160
b68317aaa166531bd27cfa18c18a9de56f0c5df17e5ee0d9c1caeb23938bbdf9,consumer_complaints,IN,Bhandari8447,,Myntra.com — Money was deducted from my account,I ordered something from Myntra today but money was deducted from my account but my order was not booked.  Then I ordered again and my money was deducted again and the order was booked...,"Dec 29, 2024",0,,https://www.consumercomplaints.in/myntra-com-b100293/page/7#get-cl3522914
decf2878fe542ff81381191277d404dbe98c0ed4e93668d7f9a8cd10c346c2bd,consumer_complaints,IN,kirori,,Myntra.com — Missing product but no return,"avenue shirts from myntra. com, only one delivered, 2 shirts are missing . 

I have escalated this issue and it is not getting resolved.  I want the refund of my money for the two shirts not delivered. 

order number :[protected]-2906903

Invoice number : I2925MY[protected]

Date : 18 Dec 2024

from last 7 days issue has not been resolved 

Thanks
Namrata...","Dec 27, 2024",0,,https://www.consumercomplaints.in/myntra-com-b100293/page/7#get-cl3522837
2c3034b6c8435e7861be866a776c33ea94ed5b23610fe99574734c92f33ca2a4,consumer_complaints,IN,[email protected],,Myntra.com — return pickup failure-customer harassment at its peak,"18th Dec 2024 through Myntra Online Portal (Order ID:[protected]-9004201, JFK Plus Printed Large-Sided Medium Trolley Bag). 

Issue Summary:

Return Request Delays: Placed on 19th Dec 2024, repeatedly canceled by the delivery agent without reason. 

Reference Number: Issue raised under IN[protected], and resolution now delayed to 31st Dec 2024 despite multiple follow-ups...","Dec 26, 2024",0,,https://www.consumercomplaints.in/myntra-com-b100293/page/7#get-cl3522812
cc5db92d7392cbb500a48f144eade620c03a9f87d51c2a86b8ca1fbd5a6d41e7,consumer_complaints,IN,sohan03000,,"Myntra.com — Havells electric kattle 1500w , not delivered till now from promise date[protected]","aqua plus 1500w from Myntra. com and they given a promise date[protected], but not delivered till now, so i want to raise a complaint for the delivery and still their is no update where is my product . 
please fine on it for late delivery. 
and last three product location showing - nearest your delivery loaction...","Dec 25, 2024",0,,https://www.consumercomplaints.in/myntra-com-b100293/page/7#get-cl3522740
2cf15a46704996b5d97b391d4ba876a23b6ed31397b9491670198c4af226ff21,consumer_complaints,IN,Lajju,,Myntra.com — aldo pair of shoes size 9 insensitive pathetic customer care,"date of delivery of myntra consignment 24th october 2024.  Total paid in advance rs. 5940/-.  Received a pair of damp old worn out canvass shoes.  Issue created in[protected] return id [protected] issue reopened with ref no.  In[protected]. 

When numerous calls, msgs with myntra customer failed i approached ceo vide my letter 16...","Dec 23, 2024",0,,https://www.consumercomplaints.in/myntra-com-b100293/page/7#get-cl3522645
ea44bfe7186915f3278dde0b7743cd0e8516890c4e0118f1555f5e69d695d759,consumer_complaints,IN,Srinathbudras,,Myntra.com — escalation: refund amount not credited despite multiple complaints,"Order Number: [#128357261336937282603]
- Date of Order: [15th nov 2024]
- Refund Amount: ₹ [9000]
- ...","Dec 23, 2024",0,,https://www.consumercomplaints.in/myntra-com-b100293/page/7#get-cl3522640
1679eb34e03551e00467abc5865ffcfdef5b22857d35d5670a2fad468aa5bf9e,consumer_complaints,IN,Aditi Katoch,,Myntra.com — Wrong product delivered by Myntra and of different brand,"I got a response from Myntra’s team that investigation is done and we have delivered you right product. 

But I have already told them many times that this is not the case and may be delivery person or someone has done this fraud because the package is opened and re pasted with glue 

I don’t know why I am not getting any resolution from their end and refund for my paid amount as we are purchasing from Myntra so it is their responsibility if the fraud has happened why should a customer bear any loss...","Dec 18, 2024",0,,https://www.consumercomplaints.in/myntra-com-b100293/page/7#get-cl3522446
03dd41cd78d1af582b0f46934abaf3c5654750ea182a05d2b8bcd18ea30c9b98,consumer_complaints,IN,Sunnyvale135,,"Myntra.com — ""Request for Refund Due to Wrong Product Delivered by Myntra (Order ID: #1264719 [protected])""","my order placed with Myntra on 11th April 2024 (Order ID: #1264719 [protected]).  I ordered the BUNAI Striped V-neck Top with Palazzo.  However, when I received the product on 19th April 2024, I found that it was not the product I had ordered.  Instead of the BUNAI Striped V-neck Top with Palazzo, I received a green flared gown with embellished work, which, although a beautiful piece, was not the item I had selected...","Dec 15, 2024",0,,https://www.consumercomplaints.in/myntra-com-b100293/page/7#get-cl3522283
dc0efa972663b815131f56cc0ceba79442295b7b7851ecfa97e677b42657f421,consumer_complaints,IN,Arinjay Choudhury,,"Myntra.com — Wrong product delivered, exchange refused","I ordered Crocs Sandals from Myntra on 7th December and they delivered a completely different model, I didnt even remove the product seal and now the Myntra support is refusing exchange saying the product I am trying to exchange is different.  This is not my fault and Myntra is not exchanging or replacing the product...","Dec 14, 2024",0,,https://www.consumercomplaints.in/myntra-com-b100293/page/7#get-cl3522259
4816a1ecd445fe123cabaeff39787509bd0c7b445c03d69faf3d989e18116a28,consumer_complaints,IN,eluru anudeep reddy,,Myntra.com — Product returned without attempting delivery,"and being returned to myntra.  Upon talking to customer care they said because of operation issues it is being returned, please purchase again with new price. 
Price has increased by more than 5000.  I want to know if you are cancelling without informing the customer is not a good practice and this has happened multiple times and sale has became a joke for you...","Dec 8, 2024",0,,https://www.consumercomplaints.in/myntra-com-b100293/page/7#get-cl3521961
adbac7f220265bad962be6f3c46b77cc182faad3bf2fe4f4ba5df7d0b00bb804,consumer_complaints,IN,Reecha Kalyani,,Myntra.com — Return creation,"Recently I ordered a dress from Myntra which was Aadat ethnic embroidered round neck mirror work cotton ananrkali kurta, size XXL having order ID #128417813621852020101 . But after delivery of the item I found out that the fitting of kurta was not good so I ordered an exchange for the kurta ...","Dec 5, 2024",0,,https://www.consumercomplaints.in/myntra-com-b100293/page/7#get-cl3521842
9b731aba7e8d0f25beb6466c1e24ef6a6f685aac869017ae5eed6e76e2a04d36,consumer_complaints,IN,Tori K,,Myntra.com — Clothes and shoes,"It’s for the 3rd time myntra has send me the completely wrong product. First- I had ordered white shirt they have sent me Green shirt.  
2nd time- I had ordered blue cardigan but received completely different one just with similar colour.  
3rd time- I ordered shoes without lace in grey colour but they have sent me a completely different pair which has lace...","Dec 4, 2024",0,,https://www.consumercomplaints.in/myntra-com-b100293/page/7#get-cl3521792
1109e40bf9e9b11bc90f683e98cfdc0c5aee50754e554be624aeaa1376dd05f5,consumer_complaints,IN,Azamk99,,Myntra.com — My complete order is not delivered but order status shows delivered,"(Size: M & L) in Myntra by paying full amount of Rs 1281. 
Expected date of delivery was on 30th Nov 2024.  On 30th Nov my Myntra app showed that my order is delivered. 
where as I didn't receive my complete order, I received only M-Size Sweatshirt the L-Size sweatshirt was missing in the packet...","Dec 4, 2024",0,,https://www.consumercomplaints.in/myntra-com-b100293/page/8#get-cl3521772
758a89f4eef9764684b7c07d5f9c92bdf9ccb1ee698f116b3c1f1c908bb5e9fa,consumer_complaints,IN,Shalu A. Austin,,Myntra.com — Haute sauce bag,"Ordered bag thru myntra.  Recvd it on 10th nov.  Requested retun request on the same day as there wasn't any tag, brand name or price tag.  They accepted the request n the person came to collect the bag on the 11th of Nov at 7. 35 pm when I was nt at home n my minor son was there.  The pick up guy rejected the product saying that it's a different product though it's the same product n also approved...","Nov 27, 2024",0,,https://www.consumercomplaints.in/myntra-com-haute-sauce-bag-c3521398
6b44d2cf609bef16726146505734ad86e4883fb464998f9376c804bc7348e4aa,consumer_complaints,IN,Samrudhi Sakhale,,Myntra.com — Wrong product,"I placed an order on myntra for the dress
The dress got delivered to me of anther brad and I wanted to return the product as I did not like the quality of the product
Upon requesting for return the pickup agent cam and refused to pickup the dress
I called myntra cxservice they said thati have to cancel the request and raise another request 
I did as said, again the pickup agent came and did not pick up my dress
Again I called myntra cx service, they apologised and asked me to wait for 48 hrs...","Nov 15, 2024",0,,https://www.consumercomplaints.in/myntra-com-b100293/page/8#get-cl3520854
5c4d40d0d4ef5714274ab0477f0537de70d9c238f8eaba679566451841cec709,consumer_complaints,IN,cc123,,Myntra.com — Fraudulent Order and Refusal of Return/Exchange - A Loyal Customer's Disappointment,"frustration as a loyal Myntra customer of over 7 years.  I recently placed an order for a V-Mart [V-Mart Men Striped Polo Collar Cotton T-shirt] and received a completely different and unusable product. 

Instead of the brand new item I purchased, I was sent a filthy, worn-out garment that appears to have been used...","Nov 13, 2024",0,,https://www.consumercomplaints.in/myntra-com-b100293/page/8#get-cl3520785
65174881a360384dfd4ffc80fac4b8fe0f7ea59a935ae8333def9f1db0ad951c,consumer_complaints,IN,ShekharAirtel,,Myntra.com — Wrong product delivered in myntra. Not accepting return,"shoes worth ₹2000 on Myntra, but to my shock, received a cheap shoe valued at ₹400.  Despite providing clear evidence of fraudulent delivery, my return request was cancelled .  
My order id#Order ID # 1281231 [protected]. 

Thousands of customers raised complaints but still this fraud company operating smootthly and shamelessly in India...","Oct 27, 2024",0,,https://www.consumercomplaints.in/myntra-com-b100293/page/8#get-cl3520046
aa7299383f66772e50bb044302fcb5961d0298a00445f14e5ffc5597d174edd5,consumer_complaints,IN,saatvik779,,Myntra.com — Got an unknown product from unknown sender,My family got an unknown order of order id MYEP[protected] Do check and revert back the sender of the product.,"Oct 26, 2024",0,,https://www.consumercomplaints.in/myntra-com-b100293/page/8#get-cl3520012
dbdc96fb8dfd8fee7fcadfdc06306a1b85fa2c4fdfccb41f3523ad6d0d715389,consumer_complaints,IN,Rajeshkumar Barai,,Myntra.com — Need refund for my empty or missing item delivery,"First, i complaint for myntra to i have missing product from delivery, and i show him proof and then he asked, We delivered all products with full item.  but, In my package the product is missing.  I see only 2 items in box, but I order 3 items.  I total pay with UPI Rs 1089, he won't get solution...","Oct 24, 2024",0,,https://www.consumercomplaints.in/myntra-com-b100293/page/8#get-cl3519933
b70b0ef5f0d5dc50fa6733132b5b0fd02ed3fe0837e150271487647c2cfd36d3,consumer_complaints,IN,[email protected],,Myntra.com — Hold money,is no response from Myntra and and it has been more than a week that no one has to come pick up the product whenever I am trying to contact them.  They are keep saying that just wait for 24 to 48 hours.  The product will be pick up but it has been never pick up.  I am waiting for so long.  Still there is no response...,"Oct 24, 2024",0,,https://www.consumercomplaints.in/myntra-com-b100293/page/8#get-cl3519861
4f285c826d8c65bf8288cd0249df202183f4e4e3f482f2fa6932e0cfaacca6dd,consumer_complaints,IN,sreenivasb,,Myntra.com — Products not delivered - two shirts,"Myntra claims that they have delivered two products to me on 4th Oct.  But my family and myself where not available in the city on 4th Oct.  I was on an official trip (out of station) from 3 Oct to 6 Oct evening, My family is in different city from 2nd Oct to 19 Oct.  so, no one was there at my house and it is locked from 3-6 Oct...","Oct 22, 2024",0,,https://www.consumercomplaints.in/myntra-com-b100293/page/8#get-cl3519751
5d7daaa23fd62f3cdfe457fc19210503ccb69d15a9b7f750b6ce56f24f804dc7,consumer_complaints,IN,Narasimha kandimalla,,Myntra.com — Order status shows delivered but My order is not delivered,I am writing to express my extreme disappointment and frustration with the appalling service I have received from your c...,"Oct 20, 2024",0,,https://www.consumercomplaints.in/myntra-com-order-status-shows-delivered-but-my-order-is-not-delivered-c3519676
9334b8f55986566e4196f1fbc76b2ee218c12837dd6cae3ff01be62515bc99f6,consumer_complaints,IN,Akki mohania,,Myntra.com — Bad behaviour and issue in return product,"my recent order from Myntra. 

I ordered a pair of Vero Moda jeans, and during the delivery, the delivery boy was very rude and refused to deliver the package to my doorstep.  As I was available at that time, I went outside the colony to pick up my order.  A few days later, I wanted to return the product, and the same delivery boy came again...","Oct 20, 2024",0,,https://www.consumercomplaints.in/myntra-com-b100293/page/8#get-cl3519651
7c0cf1a1a023c06d14899adb11687b9fcb52ce7e627fdb79c22c7714a40de35b,consumer_complaints,IN,Ankita1712,,Myntra.com — Not refunding total payment on sending wrong product,I ordered a man sling bag from Myntra app and received a totally different designed product .  I raised a return of the product but refundable amount is only showing product price not shipping and platform fee .  This is wrong .  Why customer will bear the expenses as it’s Myntras fault for sending wrong product...,"Oct 19, 2024",0,,https://www.consumercomplaints.in/myntra-com-b100293/page/8#get-cl3519602
d6000481efa2723ee78cfdf745215ea5bb4450cdc4262d7870dcc0a9025b8fdc,consumer_complaints,IN,Sanpath,,Myntra.com — The Return product is accecpted but not taking as consideration,no response from the Myntra .  I am really fed up with there activities; this is very bad and they not even responded for our queries...,"Oct 16, 2024",0,,https://www.consumercomplaints.in/myntra-com-b100293/page/8#get-cl3519468
1f7a215320acc6db353b7b66fb7625802433d17766b20323a013ce43b6f4c3a1,consumer_complaints,IN,pra.nam,,Myntra.com — Return pickup cancelled by company even though requested within the prescribed timeline,"have placed a order on Myntra app and the order is delivered to me on 6th oct, but due to size issues I want to return that product. So I initiated return on Myntra app.  Later, ekart executive contacted me to pickup, which I rescheduled to weekday/monday as my delivery address was of office address, so I can't return the product on weekends/holidays...","Oct 14, 2024",0,,https://www.consumercomplaints.in/myntra-com-b100293/page/8#get-cl3519357
c24ef0e30cb55cec4c1a2f8e1253eeec1a664d313288a2a096da27fe5e2d2936,consumer_complaints,IN,midhun rs,,Myntra.com — Received wrong and defective product,"I had ordered a laptop bag from Myntra, and it took almost two weeks to get delivered.  Unfortunately, they delivered the wrong and defective product.  The product I ordered was the Aristocrat Unisex Navy Blue ZEAL Laptop Backpack (Size: Onesize), with Order ID #1278809 [protected].  However, the bag I received is a bulky gray one, completely different from what I ordered...","Oct 9, 2024",0,,https://www.consumercomplaints.in/myntra-com-b100293/page/8#get-cl3519117
8e4508c425f2fb1ae5fb5c59219d9ff3c2175a41582009efac230e069f98061f,consumer_complaints,IN,Anjali Jindia,,Myntra.com — Different product received,"He asked me to tell Myntra executives to approve this from backend.  But daily I am asked to wait for 3-4 more days.  
I had never expected such a horrible and bad experience from Myntra which is just causing mental harassment to me.  
I am an old customer and never faced such a bad experience...","Oct 8, 2024",0,,https://www.consumercomplaints.in/myntra-com-b100293/page/8#get-cl3519031
5ae8bc9f1f4b3aeafec00b0934896d39838cc727593c067156a048226b971773,consumer_complaints,IN,Bipin2000Bisht,,Myntra.com — Amount deducted 2 times but order not placed,"to place an order on Myntra website of 463 INR, I choose the pay thru debit card option, now on payment gateway my transaction failed and no money deducted from my sbi account, so I tried another time with the same card and same incident happens again.  After 1 or 2 minute 463 inr was deducted from my sbi account and this showing in my sbi statement - ""by debit card-OTHPG[protected]Myntra Designs Pvt LtMUMBAI — "", and another 463 inr was holded my sbi...","Oct 7, 2024",0,,https://www.consumercomplaints.in/myntra-com-b100293/page/8#get-cl3519020
dc24925ecba26b9befa2137ac03d2eceacf98fc4e8fccb37df1c1b46a502f421,consumer_complaints,IN,maruthi gowda t s,,Myntra.com — Refusing to take return,I had ordered wildcraft bagpack from myntra but i received wildcraft footwear on 29/sep/2024 .  I raised return request upto 5 times untill now but delivery person refusing to take return and providing wrong statements .  even myntra also not proving correct information about this .  this is myntra issue they had sent totally different product now not accepting the return ...,"Oct 3, 2024",0,,https://www.consumercomplaints.in/myntra-com-refusing-to-take-return-c3518766
87790a7b11b26a665609676bfcd506f48a8c5e5e59eb1a84d9929b32c8345ebb,consumer_complaints,IN,Aarnya Singh,,Myntra.com — Completely Different product recieved from myntra,"BIRTHDAY again from her Myntra Account, again a completely different product was delivered.  I never had such issue from any of the online shopping platform.  Order details are- Mabish by sonal jain (Ethnic motif printed top & trouser with shrug co-ords) order id # 1278806 [protected] disapponted from this experience that completely a different product was delivered to me which is not worth the amount I paid and was disappointing as a loyal and old customer of myntra...","Oct 3, 2024",0,,https://www.consumercomplaints.in/myntra-com-b100293/page/8#get-cl3518764
ffb1d62ab447094441ad586569ce5d4b763226d0b1483268e9ac37dd6acf2b73,consumer_complaints,IN,Shwetaduakapoor,,Myntra.com — Delivery of fake product,"shampoo bottle from myntra, but when I am going to use this shampoo seems to be different and cheap quality, i have checked the bottle properly, it is written on the bottle that it for sale in saloon only also cap of the bottle is quite different colour from the bottles i am using from long time...","Sep 21, 2024",0,,https://www.consumercomplaints.in/myntra-com-b100293/page/8#get-cl3518240
6d1f5da6d72b97c2f91f92ef78d5f64bb3073a2fa7e1251d5d7edad54aab69ab,consumer_complaints,IN,[email protected],,Myntra.com — Roadster t shirt,"Myntra is not delevery at my pincode. 
The first I ordered some t shirts it's delivered at my pincode 524323. 
But now not working and other pincode's also not working...","Sep 19, 2024",0,,https://www.consumercomplaints.in/myntra-com-b100293/page/9#get-cl3518078
5043d6a120b60c7d08625f8989ec5bd2a47ff78e5a589c80918e969e64ec5a4a,consumer_complaints,IN,Nea55,,Myntra.com — Order ID # 1277319 [protected] not being shipped,My order ID is # 1277319 [protected] I had placed the order on 4th September 2024 and it was supposed to be delivered on...,"Sep 10, 2024",0,,https://www.consumercomplaints.in/myntra-com-order-id-1277319-96424098093601-not-being-shipped-c3517512
65a1685f56a4db29a92c48a4a21a6c0f1a2f7112e85a101b1c82fa80e5162cfd,consumer_complaints,IN,Teja29,,Myntra.com — Refund on the wrong order delivered,I had ordered pink Libas kurta set from Myntra unfortunately but I received a red one.  Had raised a complaint through their.  customer care and asked for exchange but they raised a return request on 2nd Sep.  I did cancel the return and again asked the customer care to raise exchange on 3rd Sep but again on 4th there was return request raised by them...,"Sep 10, 2024",0,,https://www.consumercomplaints.in/myntra-com-b100293/page/9#get-cl3517474
80df4418a310a28014a9a6a584df394103bbb1f4a2031c8a7f735afd727f2a5a,consumer_complaints,IN,brajeshp0610,,"Myntra.com — Fraud, Cheater & Scammer",Attention Ye Myntra Se koi bhi kuchh order na kare.  Ye scam kar rhe hai logo lo loot rahe hai.  Aisa hi hua hai mere sath bhi.  Mene 9th August 2024 ko HRX ke shoes order kiye the Myntra se Or 16th August 2024 ko mujhe receive huye.  But mene black colour order kia tha uski jagah unhone mujhe Mehroon Colour ke shoes bhej diye hai...,"Aug 31, 2024",0,,https://www.consumercomplaints.in/myntra-com-b100293/page/9#get-cl3516951
8b5fc11325404a9553f4cd605c5e6ef6718df925b8658061cf71395745bf70c2,consumer_complaints,IN,shanmukha rao kotni,,Myntra.com — I had returned mynthra product and 2 months had completed till now I had no refund of my amount,My Myntra account mobile number is +91 [protected]. And my contact number is +91 [protected]...,"Aug 27, 2024",0,,https://www.consumercomplaints.in/myntra-com-b100293/page/9#get-cl3516693
1e9226114aef50dbfe7b7f4c01965d8006d327840586229f75525d7c2cec44ba,consumer_complaints,IN,sakshixyz123,,Myntra.com — Want to know the sender of the package,Want to know the sender of the package as it could be harmful as someone knows my address,,0,,https://www.consumercomplaints.in/myntra-com-b100293/page/9#get-cl3516479
270a2f0626403a30a43860d07c1f95060193ee6eb68ae9200f3746bcd4bb8b85,consumer_complaints,IN,Samad2603,,Myntra.com — Refund sent to wrong bank account,"When i returned my item 
Myntras gave me two option on its app 
One bank account and second myntra wallet 
They did not give me any option to select my bank account and as a reason the money has been sent to wrong account 
I want my refund in my correct bank account...",,0,,https://www.consumercomplaints.in/myntra-com-b100293/page/9#get-cl3516163
c8cb2195bb1c92b375fe9e276a21560d79569d2448092e4a510e9aa9b33157bc,consumer_complaints,IN,Shreyajaiswal,,Myntra.com — Wrong product delivery and no returning and refunding my money,"from Myntra but it.  Delivery me a kotty brand flared jeans . 
With no tag and it seems like it's a used product when I placed return they approve the return . but the delivery agent didn't accept the product ...",,0,,https://www.consumercomplaints.in/myntra-com-b100293/page/9#get-cl3516069
6895bb7a4678a64ae4b88e138575afb22fedcd0b59ede1d3f3ba1ac4e185830f,consumer_complaints,IN,akangupta,,Myntra.com — my money is not refunded despite pickup boy checked all the details/tags and picked it succesfuly,"Quirk sofa cover from Myntra on July 24th for ₹3000.  I returned it on July 26th because it didn't fit my sofa.  I returned it in its original condition with all the thermocol sticks and the carton.  The delivery boy picked it up successfully, but he threw the carton outside the lift area and spit on it...",,0,,https://www.consumercomplaints.in/myntra-com-b100293/page/9#get-cl3515633
bafa506da0ca012ba9f3158eda0c391803a23c7f5e2423b45ab14760369884d4,consumer_complaints,IN,NandiniGarg,,Myntra.com — related to issue - forever new floral printed fit & flare midi dress,"not match and also Myntra mentioned to the delivery agent to cancel the product.  It's not a small amount which can be ignored, please get this fixed and initiate a full refund to this. 

Very Disappointed!!...",,0,,https://www.consumercomplaints.in/myntra-com-b100293/page/9#get-cl3515400
6e710382ab0f2f500c7caf7e951de92990d13e92110d7151bc168315356cb511,consumer_complaints,IN,AshK_,,Myntra.com — Refund not issued - Order# 1272069 [protected] - Nestasia set of 5 black ceramic textured bathroom accessories,NOT DO PREPAYMENT ON MYNTRA - YOU WONT GET REFUND!!!...,,0,,https://www.consumercomplaints.in/myntra-com-b100293/page/9#get-cl3515093
d2b1a3ada848a1e04f89d82cfbbd5798619f3754b90d63af9843ed5b8ce6571a,consumer_complaints,IN,Nazia Ahmad,,Myntra.com — Delivered a wrong product and now refusing return and refund,"cotton joggers from Myntra.  The product they delivered to me was some waste piece of cloth.  When I initiated the return and highlighted my issue to the customer care, they outright refused my claims and closed the portal.  They claimed that it was delivered with mandatory checks and hence they won’t return or refund it...",,0,,https://www.consumercomplaints.in/myntra-com-b100293/page/9#get-cl3514723
f2a1779c70efa1b161d6409bfa3dfbbd2ad19217946d94b7bdcc3fb511145682,consumer_complaints,IN,ArchanaS77,,Myntra.com — Torn Jeans delivered and refusing to refund or replace,A torn jeans delivered and company is refusing to refund or exchange the product. Product is still kept with all the tag...,,0,,https://www.consumercomplaints.in/myntra-com-b100293/page/9#get-cl3513655
9bdf3b610faf6b8bdc900a809576e852adf805609dee3a3fc31cf0159b953fbc,consumer_complaints,IN,JayeshM0017,,Myntra.com — Wrong product delivered with wrong size,"Myntra order Id:[protected]-4070801
I ordered paragon loafers but the delivered product was sneakers with outer box damaged...",,0,,https://www.consumercomplaints.in/myntra-com-b100293/page/9#get-cl3513177
3d0f1b624efda8418eed4c75778765ec698165b9587d5091cbdff3bed86ed501,consumer_complaints,IN,sagaryadav1608,,Myntra.com — Refund Request for Damaged Product with Incorrect Status,"I received a product from Myntra, but even after 20 days, the status of the product remains ""rejected"" despite having received it.  I complained about this to Myntra, and for the past 7 days, they've been repeatedly asking me to wait for 24 hours.  It's been 7 days now, and I'm frustrated.  I want my refund because the product is damaged...",,0,,https://www.consumercomplaints.in/myntra-com-b100293/page/9#get-cl3513160
cc9a710393800f38403b81373943b25ce216e3050ea2956a7fe302fc5ee46680,consumer_complaints,IN,roshniladdha,,"Myntra.com — wrong product, online fraud","put return request Myntra haven't accepted the return and have not refunded me the amount, this is absolutely FRAUD with their customers.  Even I had to chat, call multiple times for follow ups but they just ask time and more time to solve. 

I have also taken videos while opening the product yet return is not accepted...",,0,,https://www.consumercomplaints.in/myntra-com-b100293/page/9#get-cl3512670
3244ed372036b0e4e3e96bec4ad453b19f04328d4ef8d28c2cec74d684755822,consumer_complaints,IN,hellwithme81,,Myntra.com — product is not traceable,"9-june-2024 as being Myntra Iconic Member i get benefits and the 1st attempt to deliver the goods was on 15-june-2024 and i said the delivery person that i am not there and please deliver on 17-june-2024 but after that till today there is not update on the delivery of the parcel and i raised the complaint on their customer care on 19-june-2024 and was told by 22-june-2024 it will be resolved then on 22-june-2024 i get the message that by 25-june-2024 it will be resolved and on 25-june-2024 it was not resolved and i called the customer care on 25-june-2024 to Mt Armanul the senior over there and he assured me for resolution within 24hrs but still there was no resolution So i called again on 27-june-2024 and spoke to Miss Riyesha And the lady said that we have raise your complaint on priority basis but they were not able to give my timeline i request you to solve the issue and get my item delivered

I have not got any update regarding my Complaint and i have raised the matter with ingram and sending you the ingram grievance screenshot 
I had also requested to send a new shirt at the same price i had bought which is still available and cancel the order which you can't trace and deliver to me from 16-June-2024
but that also you don't want to do and want me to cancel this order and order new shirt and pay higher price being an iconic member which is top of your membership still I am getting this type of service...",,0,,https://www.consumercomplaints.in/myntra-com-b100293/page/9#get-cl3512561
d394d9cdbb4c96189c71527ff70a617313b60d0a25301181343b23afcea97137,consumer_complaints,IN,hapiedreams,,Myntra.com — Refund amount not credit,"and AND product from Myntra on 16th of May.  
I got a product and I have a s
Size issue. 
So I contact the Myntra customer service and they said that I have to send by own shipping.  
They didn't mention any address they didn't give any address where I need to send.  
So I made return request on 22nd of May and I have ship the product through DTDC to the given address WHICH IS THERE IN THE PACKAGE...",,0,,https://www.consumercomplaints.in/myntra-com-b100293/page/9#get-cl3512355
537b5f162c8b0c2b02f83be20d15573d00640696793fdc8b27888cad5683593c,consumer_complaints,IN,Reecha Kalyani,,"Myntra.com — Wrong product given, return was approved but no one came to pick up and my return was declined","I purchased a product from Myntra under the Order number[protected]-4502303, which was Blue heaven set of seven liquid non transferable lipsticks.  After my order was delivered I found out that i have been given a wrong item.  I contacted customer care team and they created a return on my behalf...",,0,,https://www.consumercomplaints.in/myntra-com-b100293/page/9#get-cl3512278
50175f5b53388587f89b09797dbad0869b2cd5c7e989b265915135fa95f92ee0,consumer_complaints,IN,swargajyoti,,Myntra.com — Shoes -- coninuationwith my previous complaint,"Sir, Regarding my order dated 4th November, I would like to say the
followings:
I have ordered something els...",,0,,https://www.consumercomplaints.in/myntra-com-b100293/page/10#get-cl3511953
36d2a28f4ff7800dc3a8c166d5aec293cbbc54d51899fee5847fd9a8d35d2d82,consumer_complaints,IN,ramannabel,,Myntra.com — Non delivering the product,"Whenever i called customer care of Myntra they said issue will be resolved with in 24 hours, every day i am calling since 11th May 2024 same answer i am getting from them. 
Item id:1266624 [protected]...",,0,,https://www.consumercomplaints.in/myntra-com-b100293/page/10#get-cl3511052
4bd8875b81d7d0c338d38ae3c153939702b4d7a33a338aee71aca8d5fa0a27b3,consumer_complaints,IN,sankalp1111,,Myntra.com — Amount deducted but order not placed and amount is also not refunded.,I made the payment using the Myntra app.  The order id is vmbFq0Jksv8kCyOuGTel and transaction id is: CICAgPCavqK4fA...,,0,,https://www.consumercomplaints.in/myntra-com-b100293/page/10#get-cl3510968
2d629e0ebd223a2ed0debb83fc2730ccdcaeef65993b19b10cd3e4eade905f16,consumer_complaints,IN,Ishitakakar,,Myntra.com — Product delivered is wrong and myntra is not returning the money,"I had placed an order with myntra on 22 May 2024 for a co ord set from Brand ""INDO ERA"" and it was delivered to me.  We cannot open the package until we take the delivery.  Once i paid and took the package from the delivery boy and opened it i noticed that the product delivered is from brand ""RUNWAY DREAMS""...",,0,,https://www.consumercomplaints.in/myntra-com-b100293/page/10#get-cl3510931
dbc8695d280040c5faea42a2e716055ddb73ab8c1c1e20ccb85e0d5ad8dc0aca,consumer_complaints,IN,Ajay Damachya,,Myntra.com — Not delivering at my pincode,Myntra is not delivering H&M products at my pincode 302017.  they used to deliver the H&M products at my pincode but they suddenly stopped.  They are delivering at other picodes in Jaipur city but not at this specific pincode...,,0,,https://www.consumercomplaints.in/myntra-com-b100293/page/10#get-cl3510917
535d75cbd9ffee98e98ba238afb86a333fd79308a2b6b687e1ca4f80cc7629a3,consumer_complaints,IN,Rocktim Rajguru Phukan,,Myntra.com — UPI refund not credited,"Myntra asked me to wait for 48 hours, but it is still not credited to the UPI...",,0,,https://www.consumercomplaints.in/myntra-com-b100293/page/10#get-cl3510622
e0c3b6bde2b8d01b3217c71dad73cba8abbd7212fb473037340aab29e9f9dbe9,consumer_complaints,IN,PriyanshuTiwari,,Myntra.com — Product pickup from my house but didn't get the refund,"rejected for pickup by Myntra.  Despite this, I have not received the product back.  When I contacted Myntra support, they informed me that they have not received the product and therefore cannot proceed with the refund. 
Product cost : 2149
Incident ID in myntra app: IN[protected]
order Id:[protected]-2888701
Invoice Number: I0625LY[protected]
Date of purchase : 27-april-2024
Return requested : 4-may-2024
Return pickup: 5-may-2024...",,0,,https://www.consumercomplaints.in/myntra-com-b100293/page/10#get-cl3510510
65cb11c021a99d08e3ed16c4d64cf7c1aabc855ed772b1d48895bfead2c79127,consumer_complaints,IN,ashok_icwa,,Myntra.com — Order ID # 1267372 [protected],"over phone and also in myntra app along with images of received products, the next day pickup person came and denied for accepting the pick up stating jack N jones jeans image was shared to him.  Once again i raised complaint regarding the same issue, till date i have raised complaints for more than 6 times on 25th i got reply from customer care that replacement \ refund request cannot be allowed saying correct product was despatched...",,0,,https://www.consumercomplaints.in/myntra-com-b100293/page/10#get-cl3510398
23ddf421fb36774cf01605c66dbf3b772330d130589da415fd03d0b6b681e7d0,consumer_complaints,IN,Neeru1510,,Myntra.com — My order is not delivered but order status shows delivered.,"I had placed an order for two frocks in Myntra by paying full amount of Rs 3198.  Expected date of delivery was on 8th May 2024.  On 7th May my Myntra app showed that my order is delivered, where as I didn't receive any order.  I didn't receive any call from delivery agent or notification from Myntra either...",,0,,https://www.consumercomplaints.in/myntra-com-my-order-is-not-delivered-but-order-status-shows-delivered-c3509828
f16e1c6dc622b4eea6ebac0a1742d47eb5323da51248158a1cbd5fdf48d78a89,consumer_complaints,IN,pai.divya,,Myntra.com — Near expiry product received and no help with return/refund,"I have order cosmetics from Myntra on Tue, 7 May (order no.  126677531783522287501) for ₹ 1359.  This product is expiring in August 2024.  Because of getting near expiry product. 
I raised ticket for this on 10th May, as app doesn't allow return (replacement is also near expiry). 
As of 19th May, still no return or refund has been provided...",,0,,https://www.consumercomplaints.in/myntra-com-b100293/page/10#get-cl3509812
b493250c7579fa3e7dae3f2b2eb457f658bf899f35784ec8cdc0d5b7a8ed8bd4,consumer_complaints,IN,Sumesh Arathil Candoth,,Myntra.com — Not able to return product and get refund,I received a product from myntra and the size was not correct for me.  I tried exchange to a different size but that exchange never shipped and I was not able to cancel the exchange also.  After raising complaint and multiple follow-ups the exchange order got cancelled but still I am unable to return the product within the return window...,,0,,https://www.consumercomplaints.in/myntra-com-b100293/page/10#get-cl3509746
9e7572c005f62f3b27604d164b370695e03a275e77fed6dd05080be248c3c242,consumer_complaints,IN,PriyankaGoyal,,Myntra.com — my account has been deactivated without prior notice.,unable to delete because Myntra had not given me any prior notice before suspending my account...,,0,,https://www.consumercomplaints.in/myntra-com-b100293/page/10#get-cl3509538
b4de16ff4395df2f0c3cb8f330630ff5ff043a16c0d2363a9724d864cc745e84,consumer_complaints,IN,Nea55,,Myntra.com — Myntra is not processing my return for shoes which are wrong size,"Myntra, kindly pick up the shoes or just refund me ₹2999.  

This is ridiculous behaviour and not at all a hassle free return process...",,0,,https://www.consumercomplaints.in/myntra-com-myntra-is-not-processing-my-return-for-shoes-which-are-wrong-size-c3509241
b427b02850417f56ea930246558fe5fc9c331812639d59c3c79933cfa70d9167,consumer_complaints,IN,Rita Tripathi,,Myntra.com — Delivery stopped recently at my place,"facing this issue that Myntra is not delivering any goods on my pin code .  everytime I order an item, it shows not deliverable at pin code, but around 3 weeks ago I had order a pair shoes and it was successfully delivered at my place and previously as well I have ordered many items from Myntra only and the were also delivered successfully but recently it has stopped it's delivery services at my place and there is no option of registering this complaint in the app...",,0,,https://www.consumercomplaints.in/myntra-com-b100293/page/10#get-cl3508758
1a387dbe7c33a24c50df4232ef36add4f5ce6fa2a2ce7c36c67043c754654df6,consumer_complaints,IN,KKGupta24,,Myntra.com — Poor customer support,"Hi, 

I have placed an order and the items are in-transit. I have tried online chatting support but unable t...",,0,,https://www.consumercomplaints.in/myntra-com-b100293/page/10#get-cl3508426
4550b0360576f984798e5e4937b261f9749c2fbbf3d94e47cb0b26b32f9ade5e,consumer_complaints,IN,MuskanJyoti16,,Myntra.com — Wrong product delivered and Myntra is not taking return of doing refund,"I ordered heels from myntra ELLEHeels[protected]EL-JS-W-29 Cream) - ELLE Pointed Toe Slim Heel Mules, Size: 38 (EURO38)

Worth Rs.  1339 

And they delivered me a wrong product.  A tradition jutty was delivered and myntra is not taking return or doing refund.  Every time I raise return request the delivery boy comes and reject it and myntra customer care is not at all helpful...",,0,,https://www.consumercomplaints.in/myntra-com-b100293/page/10#get-cl3508191
52383a5dbab6334035c2181d1d89ebc04ceac6ba9ac1b2d51e460b2f7eb14906,consumer_complaints,IN,Harshbajwa,,Myntra.com — Cancellation of order,"Myntra canceled my orded twice by saying “We regret to inform you that your order was canceled as unfortunately, it was not in line with our policies pertaining to placing bulk orders” after the full online payment.  I dont know what is the problem.  Please help me resolve it...",,0,,https://www.consumercomplaints.in/myntra-com-b100293/page/10#get-cl3507311
11bc661628dbcdce9abff147907fe1877a853d129183def64a0ae0260c0a0a3a,consumer_complaints,IN,Aashpodd,,Myntra.com — amount deducted but no order has been created against it thus refund requested.,"has been credited to Myntra) but Myntra did not updated payment details and order was not placed. 
I waited till evening but the there was no paid amount status on Myntra against the order. 
For limited exchange request timeline I have ordered another item and paid amount using card ending 2004, and it was successful...",,0,,https://www.consumercomplaints.in/myntra-com-b100293/page/10#get-cl3506870
058d3e789df30f62326382e2751abb02da3ab871dab47c5b3841c953e485fac3,consumer_complaints,IN,NamanJain9,,Myntra.com — scam alert: myntra's deceptive express delivery service exposed,"MYSC[protected]

Is Myntra's express delivery service a sham? My recent experience screams yes! I ordered two products on April 9, 2024, with the promise of receiving them by April 12, 2024, through their 2-day express delivery service.  Guess what? It's April 13, 2024, and my products are nowhere to be seen!

Myntra had the audacity to notify me that my products had reached their delivery hub, named ""POLOGROUNDMYNTRAHub_IDR_PGR, "" but failed to deliver on time...",,0,,https://www.consumercomplaints.in/myntra-com-scam-alert-myntras-deceptive-express-delivery-service-exposed-c3506609
c0d56a3bf600fc0d65031439fb5797c9f9bceca6a4dcb0ac0b7822600ac3e18d,consumer_complaints,IN,Saket1207,,Myntra.com — Order cancelled automatically by the company,"My order was cancelled by Myntra stating reason of technical issues and now the same product is listed at double the price .  Shame on you Myntra for fooling your customer and charging hefty prices for reordering the same .  My order 
ID[protected]-8553501 .  
I would request the forum to take actions against so that next time customers are not taken for granted ...",,0,,https://www.consumercomplaints.in/myntra-com-b100293/page/10#get-cl3506593
950ed37d43736b8f2769228c5bd2d5baf6dbe6da3fad36a56d471652d94c9899,consumer_complaints,IN,hv2407,,Myntra.com — Account deactivation and Return,"I ordered heels from my myntra account which was logged in from my laptop.  When i got the parcel, I did not like the quality and wanted to return the heels.  When I tried to log in to my mytra account I could not.  On contacting customer care they too 8 days to infor me ""My account has been deactivated and so I cannot return the heels and I will have to keep them""...",,0,,https://www.consumercomplaints.in/myntra-com-b100293/page/11#get-cl3506547
e905f57c50ea7a284f3d0fcc2dc0e4adbbb8b2b9620b6c6fbf6fa326f29688a8,consumer_complaints,IN,Pankajverma12345,,Myntra.com — Product not delivered to me and compliant not being registered,"on 21st March from Myntra's website.  I received one product on 28th March and I waited for the another product to arrive.  However, I saw today that both the products have been marked as delivered.  I contacted Myntra's helpline but they are constantly saying that I should have registered a compliant within 72 hours of the product delivery date...",,0,,https://www.consumercomplaints.in/myntra-com-b100293/page/11#get-cl3506513
c018f1f188f76f8d34d8d9caf136d1aea1894d4e369f67644a8f5aefa6bdadae,consumer_complaints,IN,aditya.kumar3456,,Myntra.com — Refund not given. Scammed.,"I had bought a quilt from myntra but then i changed my mind and cancelled the product.  I was supposed to get the refund within 7-10 business days but it has been 12 days now and still no update from myntra. 

Whenever i call them for the update they just raise a ticket and after sometime the ticket gets resolved automatically...",,0,,https://www.consumercomplaints.in/myntra-com-b100293/page/11#get-cl3506494
2605a259882f3295a58b83c1ac3402f11ee9e3d9cb2cce4de7598b046c28de26,consumer_complaints,IN,RockCliff,,Myntra.com — Not letting me cancel my order,and spent a lot on myntra before so this is not my first time ordering there.  I would like this specific order of mine to be canceled and refunded...,,0,,https://www.consumercomplaints.in/myntra-com-not-letting-me-cancel-my-order-c3505991
96056fcfb7ad87acabfdea30fa880ca6edc89c275d780bc0e0668d76521e3aa2,consumer_complaints,IN,Harsha Vrdn,,Myntra.com — neither myntra cancellation request not accepted not received the order,I had Ordered A watch on Myntra on 4th April and because there was a mistake in Address I was not able to receive the order and cancelled it.  There were shirts which I had ordered on the same day which got cancelled on the same day and I received the refund but it's was not the same with the watch...,,0,,https://www.consumercomplaints.in/myntra-com-b100293/page/11#get-cl3505904
270655a7653e83f58d0652f34c931a7e5f4ffd224ec1f9eb00f95f8114168d4e,consumer_complaints,IN,rohan3u84eyr,,Myntra.com — About returning the product purchased from myntra,purchased the shoe from Myntra on 8 march 2024 product info:- Red Tape men perforated slip resistant lace-up sneakers.  ( order number= 126179462533335288003).  Product delivered on 13 march 2024.  But the shoe are small in size so I want to return the product.  So I make return request and delivery person came on 17 march 2024 but he reject the shoe because the shoe have little dust on the lower side...,,0,,https://www.consumercomplaints.in/myntra-com-b100293/page/11#get-cl3505778
1a0f47c5b251c7c6c4e4f1a08887cd82f4d3a63944fc09fc4aa9ec2518f86fdc,consumer_complaints,IN,ridhimaaa,,Myntra.com — Giva silver earrings,I bought Giva silver earrings feom Myntra.  The stone on one of the earring was missing.  I raised a return request with the photo of the defective pc but the return was rejected.  I uploaded the review of the same on myntra and it was also not uploaded.  I went to Giva store to ask them to fix but they denied saying myntra purchase is not under any warranty...,,0,,https://www.consumercomplaints.in/myntra-com-b100293/page/11#get-cl3505630
c9c24b5503605b2e68a2e112139b2a15c15b2b41082d54bce9f68dc16185a06f,consumer_complaints,IN,Ritesh2406,,Myntra.com — Payment failed on Myntra but money deducted from bank,"I ordered very items on Myntra.  I paid using my Visa card 4 I entered the OTP correctly.  Myntra website said payment failed.  When i tried again Myntra website said payment failed again.  
A few minutes later i got message from my bank that payment was approved to myntra. 
Please do needful to cancel this transaction as payment has been deducted twice and no order has been processed on Myntra...",,0,,https://www.consumercomplaints.in/myntra-com-b100293/page/11#get-cl3505508
2de0c2371459790dbe85a65244c76844dd6d9f426d18d398c184e54d8a5125d9,consumer_complaints,IN,Shaimashah,,Myntra.com — Fire boltt ultimate smartwatch,"@myntra I have been call myntra from 23 of March because here I have ordered fire bolt ultimate smart watch were I have received used and damaged product after receiving this I have contacted then customer care executive himanshi was not active on call she and the call was transferred to supervisor nithin they raised a complaint regarding this stating it is a wrong product sense that day I was call them daily infact I was on call for 3 hrs 1 and half hrs I have not received any resolution I spoke to many case managers and agent just giving me a tat period and that to after reach to a TAT period they are extanding it not giving any resolution then 27 I spoke to suman he noticed that my complaint which has been raise on 26 after reaching out TAT after extanding 1extra day he said it was a wrong complaint again he raise a new complaint and again gave me a TAT of 29 March but till yet I have not got any respond from myntra very bad service they are providing it is very bad to inform I spoke to many manegers (alwin, sakshi, chetna, Mohammed adil, imran, rehan, neha) all have just given me a fake promise and TAT that to I have shared images and videos of the product but still no response and some of the agent has took my number and address and misused it by call me and threatened me not to call myntra and given me information that my complaint will be rejected I will not get any resolution for this I have share with this thing to support team I share audio recording of the person but still no resolution please help me on it...",,0,,https://www.consumercomplaints.in/myntra-com-b100293/page/11#get-cl3504771
a9faba4f1c4476578ce32363fbdf38908fc7850715e9459735b0122e835bc240,consumer_complaints,IN,Govindarajan Maran,,Myntra.com — Payment debited twice during my order,"Order ID # 1262087 [protected]

I placed my order, however payment was deducted twice from my account. Pleas...",,0,,https://www.consumercomplaints.in/myntra-com-b100293/page/11#get-cl3502702
aa199459fb373bf514511a906c0405a89f905abc81d1af8982d0211732e957f6,consumer_complaints,IN,Tanishk srivastava,,Myntra.com — Expired my credit before one year,"So as per the policy credit will expire after one year if we don't use it.
But in my app, I am getting that it exp...",,0,,https://www.consumercomplaints.in/myntra-com-b100293/page/11#get-cl3502549
327d64a91229661ee7d9a27b21868c246194890fc09974afac6751830ce6831d,consumer_complaints,IN,Omkadam1925,,Myntra.com — Making fool for exchange product,"disappointed with this kind of Myntra service. 
 
I have created a size exchange for my shoes, and the Myntra delivery person came on March 6, 2024.  He tried to scan the tag, but it got mismatched, so he asked me to raise a concern with Myntra support.  The same day, I spoke with the Myntra support team, and they raised a case for the same and asked for photos of the product...",,0,,https://www.consumercomplaints.in/myntra-com-making-fool-for-exchange-product-c3502419
4f5183cefa64d74075a9c4d05f192b9b173ad68575003d8e55ae1dc8a022de27,consumer_complaints,IN,shruti.122,,Myntra.com — Payment issue,I recently place an order on 8 march. I pay through phonepe. but my ordered didn't placed and I received a message from ...,,0,,https://www.consumercomplaints.in/myntra-com-b100293/page/11#get-cl3502295
3b5daf2faa243d6d6a856327fcd2a15db08c2fd1a9f6e2e1a3cdcde64093cc88,consumer_complaints,IN,Aayushma raj,,Myntra.com — Regarding cash on delivery not available,Cash on delivery was not available for my pincode 82531,,0,,https://www.consumercomplaints.in/myntra-com-b100293/page/11#get-cl3502285
602169a678a7dd0c6aae12cd9e5149a7f117dc33335e39af4384fc0e6ff9d17c,consumer_complaints,IN,Vikrantgupta5201,,Myntra.com — When will I receive them,I buy shoes from you but didn't get yet. Let me know when it will be delivered. It's already a week since I ordered,,0,,https://www.consumercomplaints.in/myntra-com-b100293/page/11#get-cl3502258
5d8490fd45597bbe9a516ef94bfbe5e6692789bbcd8487ae13bda5bb7e9a46c1,consumer_complaints,IN,Abhishek Srivastav (Shek),,Myntra.com — Product not exchanged(Order ID # 1261140 [protected]),"The delivery agent refused to exchange the product, citing the reason as 'No tags are presented' even though the origina...",,0,,https://www.consumercomplaints.in/myntra-com-b100293/page/11#get-cl3501803
cdd945001ce0ae6b8b658c40ab64a118f1e11e283ea864f28edf7167550f23e2,consumer_complaints,IN,Gautham098032,,Myntra.com — Needs improvement,"Myntra offers a decent shopping experience with a wide range of products and brands.  The interface is user-friendly, making it easy to browse and purchase items.  However, there are areas that could be improved.  Delivery times can sometimes be inconsistent, and product descriptions may not always match the actual items received...",,0,,https://www.consumercomplaints.in/myntra-com-b100293/page/11#get-cl3501362
3d8f9c4b2e8537f4cdc730b16c815765e79b2b152119e07dfa45603a6adc15cf,consumer_complaints,IN,supriya kalra,,Myntra.com — Exchange of order,I huv ordered a footwear from myntra.  when i opened it and tried it was big in size.  So i put it on exchange.  but when the delivery boy came for exchange he was saying seal of myntra is not there.  But it was not there when i got the parcel.  if they sent me without seal how can i come to abouy the seal...,,0,,https://www.consumercomplaints.in/myntra-com-b100293/page/11#get-cl3501075
37df1c831269c1cdd9e9de2797e00f56fb87402e5aeab9e2d3c73037569cefae,consumer_complaints,IN,Payal Nandy,,Myntra.com — Myntra fraud. No resolution,Registered complaint with Myntra.  Delivery agent came to pick up and rejected the pick up stating he has images for verification and they don’t match with what I have.  Ofcourse they wouldn’t match because all the wrong items were delivered to me.  The supervisor named Shruti promised me that all the existing issues will be resolved in an hour or two yesterday and assured that all the products will be picked up without any hassle today...,,0,,https://www.consumercomplaints.in/myntra-com-b100293/page/11#get-cl3500579
c4b6404bb3451eec971d5ba20c1da374667ed689018c1c202994171990618856,consumer_complaints,IN,Reshma D'Souza,,Myntra.com — Two transactions for one order,"Two deductions have been made by Myntra on the same day (25th January)

4718 and 4771.  The second one(4771) is for purchase and the first one didn’t go through (4718). This amount (4718) has to be refunded by Myntra as the bank (HDFC) has confirmed that it has been credited to Myntra and HDFC cannot cancel it...",,0,,https://www.consumercomplaints.in/myntra-com-b100293/page/11#get-cl3499939
b9fde8aef39ed0f50fd2eddafd93120b5395f260883c2692859e3041d4cf8fc7,consumer_complaints,IN,rajawa00,,Myntra.com — Money got deducted order did not take place,I made a payment for an order on myntra for a mirragio bag but my payment of 1124 rupees got deducted but order did not take place...,,0,,https://www.consumercomplaints.in/myntra-com-b100293/page/12#get-cl3499875
679954f3b941818640f5f2e38bbde20a0d908b5ae1d309f85426713e7fcf5dc3,consumer_complaints,IN,Angana Dasgupta,,Myntra.com — Myntra stopped delivering to my pincode,and a scarf from from Myntra.  The dress came on 15th Feb at my pincode 517507.  I wanted to exchange it for a bigger size but it said that exchange is not possible at my pincode.  So I returned it and asked for the refund money in Myntra credits since I was going to purchase from Myntra again.  The money was refunded as Myntra credits on 16th Feb...,,0,,https://www.consumercomplaints.in/myntra-com-myntra-stopped-delivering-to-my-pincode-c3499491
da669a51dec6656fa7037d1395016119be5056de3ca7d275d517edc0055e99c5,consumer_complaints,IN,Sunny7892,,Myntra.com — Used item delivered not returned yet,I have ordered smartwatch from myntra when I was open I found used product delivered to me and back side full scratches. I have again raised mail to them to replace the item till now no update from myntra team...,,0,,https://www.consumercomplaints.in/myntra-com-b100293/page/12#get-cl3498832
e6d0ffe9c1d5f10a094e19183abb78c03c519c7df1559982d8ba1c8f6e81e27d,consumer_complaints,IN,Neeta Shirke,,Myntra.com — IN[protected] Product incorrectly marked delivered.,"Mitera
Pink & Gold-Toned Ethnic Motifs Woven Design Zari Silk Blend Banarasi Saree was shown delivered on 23rd Jan...",,0,,https://www.consumercomplaints.in/myntra-com-b100293/page/12#get-cl3497973
51c2a6246c96c2c0b08be2a3aa48b5b82e2bb414cbe6ac1293345d2403489abd,consumer_complaints,IN,Manuuuu222,,Myntra.com — Myntra is not accepting my return even after giving proof,"looked old and dirty, Myntra is unjustly rejecting my return my stating that the returned product does not pass its quality checks.  All the tags are intact and I placed request within specified time frame still they are not accepting the return...",,0,,https://www.consumercomplaints.in/myntra-com-b100293/page/12#get-cl3496132
52cf7656ea45619dfee2b29278b99cac5b07888d31749930d76addfd9626d7a5,consumer_complaints,IN,Manuuuu222,,Myntra.com — Myntra is not accepting my return even after giving proof,"looking product which myntra is not accepting stating that their quality check was confirmed before dispatching the product.  So how did the product become dirty.  They are not listening at all to me.  I raised re investigation also but they closed it without any proper justification. 

I had received the product on 19th Jan 2024 and placed a return request on 22 Jan 2024...",,0,,https://www.consumercomplaints.in/myntra-com-b100293/page/12#get-cl3496047
dce95d683e4395cfaed6a028421c07fc380fcd6972e0ab091b0605fb9e1d14bb,consumer_complaints,IN,methelegend,,Myntra.com — Coupon purchased from the myntra was not delivered its been 50 days,"and harbour from the myntra insider using 250 super coins on 5th december 2023.  The coupon was showing in the app but not applied to my cart, where the products of my cart are the products mentioned in the coupon and not other.  I contacted customer care on 5th december they said it might be an server issue and asked me to wait for sometime or try re installing the app again...",,0,,https://www.consumercomplaints.in/myntra-com-b100293/page/12#get-cl3495917
073f8f041eb906635c8b6de70c26d1f4872f76fece4da837f86a94b711ce4ac8,consumer_complaints,IN,rahularrow,,Myntra.com — Exchange issue of shoes,I have bought shoes on 17 January 2024 and got delivered on 23 January 2024.Now I want to exchange the shoes because of ...,,0,,https://www.consumercomplaints.in/myntra-com-b100293/page/12#get-cl3495514
5f43a763694a346d767683b7aba4fee9b4d5cef6bf5cdc2d611b2de00afdf416,consumer_complaints,IN,BreathyFreeze,,Myntra.com — Not deliverable to this address,"I purchased Rs. 15000/- worth of clothes and accessories last month to this very pin 791122 Daporijo Arn P, but recently...",,0,,https://www.consumercomplaints.in/myntra-com-b100293/page/12#get-cl3495212
665a8daa46fc11ea06f76e9693dc10aa04ceb686393223193be3b44d6ecffeb7,consumer_complaints,IN,Pemaa Juneja,,Myntra.com — Order#[protected]-0822701,"in size S & XS thru Myntra. 
For some reason a different product was delivered to me so on10th Jan I raised a return request. 
On 11th Jan, Thursday, I got a call from the pick up boy stating that the items did not match the product images, so I calmy explained to him that this is the main reason that I was returning the package to Myntra, as product received did not match product ordered...",,0,,https://www.consumercomplaints.in/myntra-com-b100293/page/12#get-cl3494216
800e2e3c03c84f58f511e91ef0d1a98b10811825945c594ccd2fa201d47e5ed9,consumer_complaints,IN,Raj1309,,Myntra.com — Harassment on delivery and return of the products,"mental toucher from Myntra

I have complaint to Myntra 4th of 5time but there was no proper resolution. 

Even I'll tweet this and will post into the social media and will complain
into consumer forum

Below I have attached the proof and recording

Hope I will get resolution...",,0,,https://www.consumercomplaints.in/myntra-com-b100293/page/12#get-cl3494102
30892ccb42e97a6ce072da2ea74ca2c6754cb5d3f7cdcb01d00a1e69d383938b,consumer_complaints,IN,Er_Suraj_Kumar,,Myntra.com — Regarding Refund issue and company fraud,"I was bought 2 items from myntra on 13 dec 2023 of Rs2249 and Rs1799 and return both item on 17 dec 2023 but they only refund Rs2249 and share reference number of it. 

But still they do not refund my Rs1799 amount. 

From last 10 days i am regularly talk with customer care but they only told me to wait for 24-48hr...",,0,,https://www.consumercomplaints.in/myntra-com-b100293/page/12#get-cl3493161
f4ddb816a41d6323e9bb5d41bb0f45bab7002deb37b6ed63ed608218f00e2b65,consumer_complaints,IN,Disha sargotra,,Myntra.com — Return item picked but return process marked failed,I have ordered a footwear from myntra but they were too big for me. so initiated a return. the item was picked up on 04 Jan 2024 but I was shocked to see the delivery guy has marked the return failed. when I tried calling his number he is not responding. when I talked to customer care of Myntra they said they can't do anything about it...,,0,,https://www.consumercomplaints.in/myntra-com-b100293/page/12#get-cl3492586
53d9fde48048070fa11a425ef6de7292bea5d9b70a47bd946f0007d0f98011ba,consumer_complaints,IN,Disha sargotra,,Myntra.com — Return item picked up but marked as failed,I have purchased a product from myntra but it was a bad fit so I initiated a return . item was picked up on the pickup day. but I was shocked to see that delivery executive has marked the pickup as failed. he collected item from me and marked it failed. now when I call Myntra customer care they say they can't do anything...,,0,,https://www.consumercomplaints.in/myntra-com-b100293/page/12#get-cl3492583
b1e84aee068d67a20873830b0ade3eb982e8d69dda57c6e93f89b42a47e192d5,consumer_complaints,IN,Yogesh Dhoundiyal,,Myntra.com — Myntra not refunding money after successfully returning the product,get any refund from Myntra.  Please help me to get my money back as soon as possible...,,0,,https://www.consumercomplaints.in/myntra-com-b100293/page/12#get-cl3492267
88b2aa020a67e4cfe05e4e0786094aff112e94b8236fa0b45e0655bb3c76f7f8,consumer_complaints,IN,[email protected],,Myntra.com — Incorrect product received and now Myntra is denying to accept it,#Myntra has now started a new scam my sending wrong product and denying the acceptance of it. I order a pair of Adidas Shoes on 18/12/2023 and after waiting for 8 days I got my product delivered on 26/12/2023 when I opened the package I was shocked to see BATA box. i quickly opened the box and found a pair of Bata shoes...,,0,,https://www.consumercomplaints.in/myntra-com-b100293/page/12#get-cl3491287
a71d7dab474147e053907b94f87ee2f238f7bd30864812f9ac4b149843b9079f,consumer_complaints,IN,neonimmi,,"Myntra.com — Paid, but the payments are not reflected","shown as declined on Myntra. 

Please check. 

You can reach me on my registered mobile [protected]...",,0,,https://www.consumercomplaints.in/myntra-com-b100293/page/12#get-cl3490329
b5602ab7e0d13fc9930ca2e59700e67120bcfc103a00cd422f3ce6dd71bfb437,consumer_complaints,IN,sant seth,,Myntra.com — Refund related,"Bitiya by Bhama
Girls Printed Ready to Wear Lehenga & Blouse With Dupatta
IN[protected]
I have ordered...",,0,,https://www.consumercomplaints.in/myntra-com-b100293/page/12#get-cl3490219
2a6289ff4984033ed5e38dfffd2b895b5f71a182857b466d006390584736bf96,consumer_complaints,IN,Nupur Banarjee,,Myntra.com — Regarding Return of product,"Return Failed from Myntra. 

After multiple requests Myntra helpline also delaying the whole process. They are just asking to wait more 24 hrs. 

It is really harassing and disappointing. 

Kindly help to resolve this matter so that i can get my refund...",,0,,https://www.consumercomplaints.in/myntra-com-b100293/page/12#get-cl3490015
eda409a7d4173319bc128499d7125adb54529d6b586bbee05e7c18c365ee0160,consumer_complaints,IN,Nupur Banarjee,,Myntra.com — Regarding product return and refund,"I have ordered a product from Myntra and I requested the return after receiving the product on 14th December as it didn’t fit well. 

After multiple requests i am just getting delivery failed messages from Myntra and no delivery agent is coming to take the return from last 8 days...",,0,,https://www.consumercomplaints.in/myntra-com-b100293/page/12#get-cl3490012
67914aba8d9783b8b11c884555848c82e85c285b9a63ded08ce6a87fd285357f,consumer_complaints,IN,Nupur Banarjee,,Myntra.com — Regarding my product return and refund,"I have odered a product from Myntra and after receiving it I placed the return request on 14th December as it doesn’t fit well. 
After multiple requests no delivery person is coming and i have also informed the Myntra helpline and they are just simply delaying it from last 8 days. 
I am just getting return faild messages on daily basis...",,0,,https://www.consumercomplaints.in/myntra-com-b100293/page/13#get-cl3490010
7ef9d2f12fcff8f98b02adff37034d0be0add97695cc11e5033ffa6dde729baa,consumer_complaints,IN,Nehagauri,,Myntra.com — Picked up wrong Item,"Order I'd - 125384894167534013703
Phone number[protected]

Delivery agent has picked up the wrong prod...",,0,,https://www.consumercomplaints.in/myntra-com-b100293/page/13#get-cl3489945
27727dc2ebc8c5e65229a745ab1a7fca1e0ac69198135ad7f89e83b58547247b,consumer_complaints,IN,Jyots11,,Myntra.com — My products shows delivered on the App but they never received them,"shopping experience with Myntra. 

On December 13th, I placed an order consisting of 5 products worth ₹4, 000, all of which were marked as delivered on the Myntra app.  However, to my dismay, I never received the items.  

I promptly raised a support request on December 14th, seeking clarification and assistance in resolving this issue...",,0,,https://www.consumercomplaints.in/myntra-com-b100293/page/13#get-cl3489378
b110e6245b36dc3ec2aff001fdcbc9aaa1883c403bc5b19d040121e270d081b0,consumer_complaints,IN,Satvinder Kour Chhabra,,Myntra.com — Myntra suddenly stopped delivering to my pin code,"Myntra suddenly stopped delivering to my pincode - 411006.  This is the pincode, I have been receiving my Myntra parcels since years. 

After calling them, the only resolution I get is they will raise the Complain and problem will be resolved in few working days.  

I am tired of calling their customer care now every time...",,0,,https://www.consumercomplaints.in/myntra-com-myntra-suddenly-stopped-delivering-to-my-pin-code-c3487998
e23b4aff831b712d254bfb2e344c04cb8271927ba434e05f0d83495974369bd4,consumer_complaints,IN,Parul.rathore1804,,Myntra.com — Wrong product not returning,Wrong product delievered from Myntra but they are not returing it.  Very dissapointed from services from myntra...,,0,,https://www.consumercomplaints.in/myntra-com-b100293/page/13#get-cl3487893
9b6527a362be4f0abd854fb7e19db4c8e49c04f700fc1f81a0a11b32e3c545bd,consumer_complaints,IN,Parul.rathore1804,,Myntra.com — Not returning wrong product,"Wrong product delievered from Myntra but they are not returing it.  Very dissapointed from services from myntra. 

I am giving proof of wrong product but they are not returning it.  Please help me to get my refund...",,0,,https://www.consumercomplaints.in/myntra-com-b100293/page/13#get-cl3487892
7c099922e05901f879c973c05792679f822ca1ad9642c70ea6ead0e4f467a3cf,consumer_complaints,IN,praSanth2442,,Myntra.com — Payment deducted twice on today 2:19 pm,"bag, 4 kid products in Myntra worth Rs 2138/- through Paytm wallet. but the payment deducted twice on Paytm wallet. kindly resolve my issue ...",,0,,https://www.consumercomplaints.in/myntra-com-b100293/page/13#get-cl3487833
a7ee048abeb116475dc8ae3f480a39635dccdb7727a086541e7640abb92a688e,consumer_complaints,IN,praSanth2442,,Myntra.com — Payment deducted twice on today,"I've purchased a black jeans, sling bag, 4 kid products worth Rs 2138/- through Paytm wallet.. but the payment deducted ...",,0,,https://www.consumercomplaints.in/myntra-com-b100293/page/13#get-cl3487832
bf52192101745a4c8569c9bce5d088204c6b2639a7d81d166e21e3a8d744fbd6,consumer_complaints,IN,Praveenroy,,Myntra.com — Return Request: Order[protected]-9303601.- Adidas Sandal - Color Faded and Old,"expected from Adidas or Myntra. 
 
I have attached photos of the sandal showcasing the faded color and worn-out appearance. 
 
I would like to request a full refund for the sandal.  I have not used the product and it is still in its original packaging with all tags attached...",,0,,https://www.consumercomplaints.in/myntra-com-b100293/page/13#get-cl3487665
b2dda43bfefadf2ddb184b0c3e443a7cf18cb8077d56760c41e475d733c9d803,consumer_complaints,IN,Sh. S,,Myntra.com — Return & Refund NOT HONOURED,"I CONTACTed Myntra SUPPORT mANY TIMEs and even mailed them with pics & video of shoes being intact, with no soiling or damage but received empty apologies and NO ACTION.  I demanded to speak to a higher up, got through to an 'Escalation Team member' named Pinky demanding proof of the damage they claimed, but was denied it saying internal investigation couldn't be shared...",,0,,https://www.consumercomplaints.in/myntra-com-b100293/page/13#get-cl3485957
91198eab4a25dfbf50eef591595866cc7c863a7a12ce8bb2e41e2ca19d417c0e,consumer_complaints,IN,Chinju bala,,Myntra.com — Received a fake and a duplicate product,duplicate product from myntra.  The product recieved was different with retinol which was not mentioned in the product description.  The Myntra was irresponsible.  The Myntra didn't take any action.  They are not ready to return the item and not ready for a refund either.  The original price of the Lakme product is 947 but I got it frm myntra for 589 and was a fake Lakme product...,,0,,https://www.consumercomplaints.in/myntra-com-received-a-fake-and-a-duplicate-product-c3485697
0632492480a62f637e1b9f391b0ae2a0982f336b61d12d4d42b2cc27bd57f2f2,consumer_complaints,IN,Fainu,,Myntra.com — Stopped delivering to my pin code,"Out of the blue Myntra stopped to deliver to my pincode 182202. 
Please don't do this 
And restore the delivery ASAP...",,0,,https://www.consumercomplaints.in/myntra-com-b100293/page/13#get-cl3485564
103eff5f2edef3d0777bb625798bfb90f5ad520e4db909ccbcaad93b6ab3b3ec,consumer_complaints,IN,Anikaaditya,,Myntra.com — Return Query,"Dear Myntra Team, 

I had purchased a Sport Shoes of red tape brand But I received a different product of same brand red tape at almost the same price.  So we generate a return but my package not received still even my login password has blacklist by the myntra.  So we are requested to solve my return query on urgent basis...",,0,,https://www.consumercomplaints.in/myntra-com-b100293/page/13#get-cl3483548
a3a9b0f5dfc8e62e1496a44d6c9ad0b9d568feca8ea10180a930c58b614efc56,consumer_complaints,IN,Kavitaaaaa,,Myntra.com — Accessorize leather britiney faux wallet lousy material,"I brought from the Myntra site. Although I usually stick to a brand, after using the wallet for a few days the leather started to peel in some corners.  It now looks like a roadside market wallet, where they used to sell them for fifty or sixty rupees, but I paid more than a thousand rupees for it...",,0,,https://www.consumercomplaints.in/myntra-com-b100293/page/13#get-cl3483422
dcea01707d69844b273476ec50f32fe216052a229dd3ef3e60f76a89b5fe8ef0,consumer_complaints,IN,Atmm,,Myntra.com — Cosmetic-Lakme,"I have ordered to Myntra Order no[protected]-9604801, Packet ID [protected] Dt[protected]

Myntra has uploaded the Option ""Delivered"", While there were no any delivery made to me. 

Which Delivery Person they inform me with the contact no [protected] to follow up, Never reachable, Like my no is Block with them...",,0,,https://www.consumercomplaints.in/myntra-com-b100293/page/13#get-cl3482571
e5816ccb97aa4e9ae111c88f4e7977d15957876a4d70b5ed7a39878a0b9d8101,consumer_complaints,IN,Priyaaga,,Myntra.com — Wrong Product delivered and not updated in website.,"Hello Team
I ordered something on Myntra on October 31st with cash on delivery.  It was delivered on November 7th, and I paid for it using a scanner. However, the order status remains unfulfilled on the website as of right now, and I received a notification today stating that it was unsuccessfully delivered because I wasn't there...",,0,,https://www.consumercomplaints.in/myntra-com-b100293/page/13#get-cl3482253
8c06a70ff37f67682e0b76f4d818a2ca5d9d0ffc50d18a09920ed75e2c9b9604,consumer_complaints,IN,Manpreet Kaur Monga,,Myntra.com — Received empty cartons in order package and support refused to help and resolve,17pm and Myntra denied my claim...,,0,,https://www.consumercomplaints.in/myntra-com-b100293/page/13#get-cl3481998
33599a939e5c7f95d7e42c9c9d61e4800b717b6921c08b736508d9c357222a24,consumer_complaints,IN,Rishitha koyyada,,Myntra.com — Product shows delivered but not received,coustmer service of Myntra but the issue is not sorted out...,,0,,https://www.consumercomplaints.in/myntra-com-b100293/page/13#get-cl3481889
415fa58d8b8c62c9de86c48518213dbcb0b46cf5c06fa5abec35e491073a2cf9,consumer_complaints,IN,Harshitah,,Myntra.com — Refund,I have ordered a pair of Addidas shoes and made payment through Airtel Bank. When I cancelled the order didn't get any r...,,0,,https://www.consumercomplaints.in/myntra-com-b100293/page/13#get-cl3481839
e2f0e3f95496506cde2170eaf3ee6d058bcd687c65bbc9372d2ab2fdaeb19f66,consumer_complaints,IN,S Abhishek,,Myntra.com — Delivery boy rejecting product on purpose,"my recent order from Myntra.  I purchased a pair of jeans, but they didn't fit me.  I promptly initiated a return request within 15 minutes of receiving the product.  However, the delivery person refused to accept the return, claiming that the color didn't match.  He instructed me to contact customer service and report that the product was different, which I did, even though, in my opinion, the product was as described...",,0,,https://www.consumercomplaints.in/myntra-com-b100293/page/13#get-cl3481528
af10ad4e7eb99799a6a2a94f223763d73101a06a0d65355ddbd7a39b7c600b83,consumer_complaints,IN,Ashvidha Sadhasivam,,Myntra.com — Product not delivered partly,Already raised a issue,,0,,https://www.consumercomplaints.in/myntra-com-b100293/page/14#get-cl3481462
aa8a17fd088b4b0c74c3e862cda743a4426e3c5945a21c24bc4521f3ee2e5e92,consumer_complaints,IN,Ashvidha Sadhasivam,,"Myntra.com — Order is delivered partly, no response, they cut the call during query and in order to prevent their wording they tell me not to","I raised complaint in myntra, they in turn seem like respond but not and they placed return, without my concern.  I've cancelled the return two times.  Also no response, they cut the call while I'm in call.  The Delhivery had delivered, I raised the complaint to the Delhivery TL, he took call and asked me to WhatsApp the bill, remain ignoring and not responding...",,0,,https://www.consumercomplaints.in/myntra-com-b100293/page/14#get-cl3481194
90651c5dfb0cb9685246272ced229c1d4198cb8162a6b5e4499363c63ac453fb,consumer_complaints,IN,Runi Begum,,Myntra.com — Trouser,"order I placed with Myntra. 

On 02. 09. 23 I ordered a trouser through your platform, and upon its arrival, I was sent the wrong size.  Naturally, I initiated an exchange process immediately.  Little did I know that this would be the start of an extremely frustrating ordeal. 

It took an entire month for Myntra to process the exchange, during which I had to call your customer service a total of 15 times to inquire about the status...",,0,,https://www.consumercomplaints.in/myntra-com-b100293/page/14#get-cl3480774
fbc176564365d5e8672cee1d7eec516406a6cd211eb610f457366b42237ad1ca,consumer_complaints,IN,Parib,,Myntra.com — Sofa cover not picked since more then a month,"charcoal grey colour from Myntra together but I was delivered light grey items.  I have recieved wrong product and I had been requesting for the pickup since 27th September. 
After one month of constantly complaining, they picked up one of the sofa covers.  The second one is yet not picked...",,0,,https://www.consumercomplaints.in/myntra-com-b100293/page/14#get-cl3480637
5e2e25299fb822c4cdf81d22c72faf7ed35a63ae266e024fd3bc2d8a03d12735,consumer_complaints,IN,Sanyam94,,Myntra.com — Requested for return because received wrong product,Myntra is only giving time and time wait for 2-3 more days they say everytime…is there any limit or what their pickup agent is abusing over call. this is not the way to treat a customer. when i called then 3-4 times myntra has also deactivated my account so that i can’t be able to contact them...,,0,,https://www.consumercomplaints.in/myntra-com-b100293/page/14#get-cl3480605
56a989b0111cc8509f5678ce299c050597e9d417f72c6f4540ceee36cb91a3c6,consumer_complaints,IN,vieja,,Myntra.com — Did not received my parcel,"deliver, not only that Myntra had forgot to deliver the parcel on said timing.  And this for the third time I'm facing this within a month.  This is just unexpected from the brand like Myntra.  Everyone use to order the thing according to their budget.  Today, again I's suppose to receive my parcel, but didn't receive...",,0,,https://www.consumercomplaints.in/myntra-com-did-not-received-my-parcel-c3480370
890dd9efee750b3e9357df6a73f404757f29ef3a912e3238f89db0753e81de3d,consumer_complaints,IN,VEN_KATESH,,Myntra.com — Defective/ Damaged Product Delivered,have got same issue as Myntra Exchange process won't work.  Even after sharing the images your customer service team is blindly replying stating that Item has passed all quality checks.  Is this was the QC performed by QC team.  Really worst experience for the first time with Myntra.  I have received more than 10 orders in this month from My tra and this is the only defective item received but no proper resolution could be provided by your team...,,0,,https://www.consumercomplaints.in/myntra-com-b100293/page/14#get-cl3480036
0b745e35e8dbf152878d12dc00c5c4518cdd215d60fb1289687ab3246c7a5a94,consumer_complaints,IN,Mustafa Neemuchwala,,Myntra.com — Not picking up my Return order,"I'm facing persistent delays from Myntra in pickup of my 2 orders despite numerous attempts to coordinate via customer service.  

Order ID # 1247334 [protected]

Everytime i reach out to CS they push my pickup to nxt week and keep giving me false reassurances and ask me to wait for 24-48hrs every time I call...",,0,,https://www.consumercomplaints.in/myntra-com-b100293/page/14#get-cl3479959
202f9112284972f16f6fe4867efa7ed3129d08a86d23b6503fae761b7dbf6b9e,consumer_complaints,IN,Pooja Bisen,,Myntra.com — Delivery is not working for pin code 412307,"I am trying to buy things on Myntra, but it is saying delivery is not possible for pin code 412307.  Kindly help...",,0,,https://www.consumercomplaints.in/myntra-com-b100293/page/14#get-cl3479762
dcc0f76faeeeb12b23f75f5fea5cecbfff78b7efd2f1fab8b1a775273112648a,consumer_complaints,IN,mehakbhardwaj,,Myntra.com — No update on tracking,"in most of my recent Myntra orders.  Talking about my most recent one - I placed an order this Monday (23rd October) which was 5 days ago.  I had an estimated delivery date given as next Tuesday ie.  31st October - which is ok.  Most times, they tend to deliver way before the ETA.  However, this time, I’m closing towards the end of the 5th day and I still have no update on even where my order is! Can you believe that the order has not even been shipped yet...",,0,,https://www.consumercomplaints.in/myntra-com-no-update-on-tracking-c3479714
6fc35ec25b01c28df004a64f2ae0c4cca94062987c59a683672de7e08b355895,consumer_complaints,IN,[email protected],,"Myntra.com — Cancelled: Due to an internal issue, we had to cancel your exchange request for 1 ADIDAS Sports Shoes.","request got cancelled by Myntra and there is no option shown to return the product, i have also raised the issue multiple time with there customer care executive and she said that she is filing complaint about it and working on it, but its been almost two weeks i didn't get any response from myntra...",,0,,https://www.consumercomplaints.in/myntra-com-b100293/page/14#get-cl3479562
7f1fe9344626a41193973917287954bf79d97e9da0c8451f0dd49077e74d0b4a,consumer_complaints,IN,Vinay Najkani,,Myntra.com — Shipment Delayed and No Response on complaint,"I Ordered Two Items from Myntra for which the delivery partner was EKart Logistics.  I Ordered it on 13th October which was promised to be delivered by 20th October.  In Track Order Status the Order has been received in the Nearest Warehouse in My City on 20th October Only, However it still has not been delivered and the product has been in Local Warehouse Only since 5 Days...",,0,,https://www.consumercomplaints.in/myntra-com-b100293/page/14#get-cl3479162
0725c68c012f3154a245a60e46b776fae78a3302846e3510d0f4a4a6c7a3ff8c,consumer_complaints,IN,Priyanshi Jangid,,Myntra.com — Price tag not attached with product and now they're not accepting return,"I want to return the product but Myntra is not accepting as it doesn't have the tag. 

How can I provide the tag when it was not attached to it?

Why should I suffer and bear the loss when it's Myntra who haven't attached the tag...",,0,,https://www.consumercomplaints.in/myntra-com-price-tag-not-attached-with-product-and-now-theyre-not-accepting-return-c3478666
483796845452a221a7eed7b020223fbadb4fef18f66645cbb0c5c199cc3e48ed,consumer_complaints,IN,[email protected],,Myntra.com — Regarding Order Number ->[protected]-5333603,"when i checked the orders page on myntra .  it is showing as delivered.  raise the complaint also .  they said to wait 3 days till 23 rd october.  when i asked to them they said the product is delivered to you. 
I want my refund or product. Please assist. 
HSN :[protected]...",,0,,https://www.consumercomplaints.in/myntra-com-b100293/page/14#get-cl3478565
2874061ee239a80869437a9c035d92130f04e36b055000fed7c1eb2e5e1d6451,consumer_complaints,IN,mayur22897,,Myntra.com — Myntra marked our order delivered but not actually delivered the product,"We ordered one kurta from Myntra and they marked it as delivered on 10th Oct but it was never received by us. 

The delivery attempt was made but we could not pick up the call.  No conversation happened between the Myntra delivery executive and us about that product.  That doesn't mean that it was delivered...",,0,,https://www.consumercomplaints.in/myntra-com-b100293/page/14#get-cl3478483
5d37712936260cd017d3bcce58bb9bcdedd2e35b142fc601def83206d7f67646,consumer_complaints,IN,3367 heena,,Myntra.com — Delayed in product delivery,I have ordered a blue denim skirt and the order id is 1249086 [protected] and tracking no is MYSP[protected] delivery da...,,0,,https://www.consumercomplaints.in/myntra-com-b100293/page/14#get-cl3478456
b5bc305adcd10cb5f9f79600614516105650aa537d6b9a0bda77f3104a203cdc,consumer_complaints,IN,Lalit_Mahara,,Myntra.com — Myntra not deliver my order.,"I placed a order on myntra that tracking number is : MYSC[protected]
When I am trying to track it saying delivery failed on 12 October and 13 October.  Delivery guy never call me for delivery.  And when I receive the message for out for delivery on that message i got delivery guy phone number that is [protected] PIn 175...",,0,,https://www.consumercomplaints.in/myntra-com-b100293/page/14#get-cl3478391
4fde51247ff9597353eb3947ca7c7e9d3ffff4851efce49adbaf75b88be2cbaf,consumer_complaints,IN,Armaan.Ansari.7086,,Myntra.com — Order cancelled automatically which was on sale,I ordered a t shirt from Myntra week ago it was on sale and my total bill was 229/- and I saved 800/- I was happy to see how Myntra was selling anything this cheap and expected delivery date was 19th October and unfortunately the delivery delayed and today when I checked the delivery info I found that it was cancelled they were saying that...,,0,,https://www.consumercomplaints.in/myntra-com-b100293/page/14#get-cl3478345
a50deb935ea12ad16300cd435b07bc5cd46f1c879f95a5bea023fa3dba246785,consumer_complaints,IN,Nayak123/,,Myntra.com — Regarding didn't respond to my complaint,I raised an issue in Myntra that the delivery boy assigned for the pickup of my return product didn't check and mentioned product mismatch but I asked to reschedule as I'm not available at my place and didn't do this.  The product I ordered is very cheap in quality and I want to return this.  What to do now...,,0,,https://www.consumercomplaints.in/myntra-com-b100293/page/15#get-cl3478310
6f14049fff1bf6c1e272cd63e1dd2855947939657b06c2eae2c726826fbcf8e1,consumer_complaints,IN,varunraoh,,Myntra.com — Wrong Tsirt and Jean's were not delivered but were marked as delivered.,Raised the issue with myntra customer care.  And they acknowledge the issue and let me know that they would resolve it by 17th Oct with in 5 -6 days.  And had also mentioned to them the package may have been tampered as I see the package was glued from bottom which was slightly open.  And it didn't had bill as well in package...,,0,,https://www.consumercomplaints.in/myntra-com-b100293/page/15#get-cl3478177
589ff0a96e905c4bf5d9e75a17b4b843e332e9c581897f361d5eff285d38ae4b,consumer_complaints,IN,Abhishek garh,,Myntra.com — - Got used and wrong product delivered in original package and myntra is denying return,I ordered a Philipps trimmer but got used nova trimmer in Philips box. They are not returning or exchanging this order d...,,0,,https://www.consumercomplaints.in/myntra-com-b100293/page/15#get-cl3478163
2774bfcb2cedb5f09b74f85a7bf703b04dd4ee38106497dae0f3cbf05dd746cd,consumer_complaints,IN,PRERANA BISWAL,,Myntra.com — The delivery boy is misbehaving when asked to deliver at a different time schedule,We order the three products from Myntra and it was supposed to be delivered by 26th of October but it came early that is 20th of October at this moment at the time of 4:00 p. m.  we have actually not present at home so we asked the delivery boy is he could deliver the product 23 hours later which he refused but later we also asked if he would be able to deliver it to a different location still he denied and then we ask again if he could deliver it the next day and then he refused and he started miss behaving he said that you can do what ever you want I will not deliver please...,,0,,https://www.consumercomplaints.in/myntra-com-b100293/page/15#get-cl3478043
9c90e4ae729cecac043ec491eeedbf214ae8ed4e9ac6761418fbd98425db75ac,consumer_complaints,IN,PrachiDa,,Myntra.com — Refund not received in my Credit Card,I have shared my bank statement with Myntra as a proof that the refund is not credited but no resolution...,,0,,https://www.consumercomplaints.in/myntra-com-b100293/page/15#get-cl3477957
e6b2035ce72977e1fa4585df921807ca2362b9808eea1bb6d929305592d7efd7,consumer_complaints,IN,Chithira Mohan,,Myntra.com — Refused to pick up the damaged product delivered,"Received a damaged product from Myntra, But while trying to return it is showing that pick up is not available in my location.  I tried with almost all locations in India, but nothing is working.  If they are able to deliver the damaged product, why they are not picking up.  Or else I have uploaded the image of the damaged item, But they refused to give the refund...",,0,,https://www.consumercomplaints.in/myntra-com-b100293/page/15#get-cl3477687
7cfe159e52c04833d03d030baf6343678c67948d56c03b0edcd9c9d6cd2411b1,consumer_complaints,IN,RuchiSharma2501,,Myntra.com — Empty package received - Jewellery box,"I have been a loyal customer of Myntra. com for a considerable period of time, and I regret to inform you that this latest incident has severely strained my trust and confidence in your brand. 
On 5th October 2023, I placed an order (order ID 1248401 [protected]) for a necklace valued at Rs...",,0,,https://www.consumercomplaints.in/myntra-com-empty-package-received-jewellery-box-c3477459
d2383cb4dc3d30f22a3fe6c1e848af00db7c2513e40bd244c4983a62b97d4d17,consumer_complaints,IN,kgf@123,,Myntra.com — Product refund not provided,such a problem from Myntra please.  Myntra team refund all my amount back and in the app its showing like quality check not passed but everything was well good the guy checked it and confirmed please resolve this query as soon as possible...,,0,,https://www.consumercomplaints.in/myntra-com-b100293/page/15#get-cl3477344
25886fcd7a886dcdd20ecb509c6da737dfeda105a241a42ae759c2122b91245a,consumer_complaints,IN,avip003,,Myntra.com — Money got debited and order is not placed,"not reflected in my myntra account and it has been over 72 hours niether the amount nor the order is credited to my account

i want a immediated solution over this query...",,0,,https://www.consumercomplaints.in/myntra-com-b100293/page/15#get-cl3477291
a30d7afe4d90c64917bc0de5850265629147a9abe1abadae3ad3a889411a9f62,consumer_complaints,IN,[email protected],,Myntra.com — Van heusen purse,"recently ordered from Myntra.  I trust that you will be able to assist me in resolving this matter promptly. 

i wanted to retrn the product as i did not like the material. On the scheduled pickup date, the delivery person informed me that there was another tag inside the bag of the product...",,0,,https://www.consumercomplaints.in/myntra-com-b100293/page/15#get-cl3477144
7bfcbda48834d0435d5f847695944d0bf6f9b6b317a14f89807eed8a697d79e3,consumer_complaints,IN,Pragya Singh0552,,Myntra.com — Fast delivery,"Order ID # 1249342 [protected]
expected delivery date 23 oct but need the product urgently 
want the fast de...",,0,,https://www.consumercomplaints.in/myntra-com-b100293/page/15#get-cl3476908
6c79a4f04d5c0a718453784985018f8e2e76d8d68657885dbb9ae80ce2a79910,consumer_complaints,IN,Ahana07,,Myntra.com — Refund pending for 15 days,"Opting for Myntra credits to expedite the refund process upon quality verification, I expected the resolution by today, October 14th.  However, Myntra has been consistently postponing the refund process, frustratingly extending it to at least October 17th upon my latest inquiry.  This ongoing ordeal has spanned one and a half months without any sign of resolution...",,0,,https://www.consumercomplaints.in/myntra-com-b100293/page/15#get-cl3476311
93f1a272f6672a07db8a667529c3d756cf7ed8e4169344ae17f999eabfe74e14,consumer_complaints,IN,isayyidfaiz,,Myntra.com — Delayed my exchanged product original product picked up earlier,I had ordered a product from Myntra on 5 of September 2023 after few days I received the product.  The product was adidas shoes with Order ID # 1245798 [protected] that was tight I exchanged it on 14 of sep pick up boy came and picked up my shoes but now it’s 13 of oct I still not received my product...,,0,,https://www.consumercomplaints.in/myntra-com-b100293/page/15#get-cl3476191
15061edb7e70d96ab50ef79a496d1080682070a3675b901208f6f8e97d4c95d9,consumer_complaints,IN,Cimran,,Myntra.com — They are cancelling all my orders,I have paid through snapmint app to buy Myntra my for a reason I didn't order that product and they give me Myntra credit and with those credit I bought other products on Myntra and thary are cancelling all my orders...,,0,,https://www.consumercomplaints.in/myntra-com-b100293/page/15#get-cl3475511
5a79b7bbca9ad184698b16f481efb47edc7053cd60bc512f84eca861d305843f,consumer_complaints,IN,DivyaMaurya18,,Myntra.com — Payment/return issues,"Issue #1
I purchased products in a bunch which was around 5K. After discount it was around 4600. They mentioned ab...",,0,,https://www.consumercomplaints.in/myntra-com-paymentreturn-issues-c3475455
8492fee4149bf589d16e0d7e8076b1892934e55fc72ec59790e0dfa97ead3827,consumer_complaints,IN,naina308,,Myntra.com — Cancelled order and increased the price of the product,"I had ordered a product on Myntra on Oct 8th, 2023 and the cost of the product was Rs.  2376, with the coupon FESTIVESAVINGS, the price of the product was Rs.  2019.  I also have the Myntra Kotak credita card, so I got an additional discount, and the final price I paid was the on-going sale and cost of the product was Rs...",,0,,https://www.consumercomplaints.in/myntra-com-b100293/page/15#get-cl3475427
43d794315160fce2fcdcee4acabe830d1ec3595c4b5e18b22a085f7a2790245a,consumer_complaints,IN,BB๛OmniKing,,Myntra.com — Displeasure and Concern Regarding Myntra Credit Expiry,"the expiration of my Myntra credits, which amounted to INR 563.  The credits were set to expire on October 5, 2023, and were associated with the gift card numbered [protected]. 

Myntra had duly notified me about the impending credit expiration on the specified date.  However, during that time, my schedule was exceptionally busy, and I inadvertently overlooked the notification...",,0,,https://www.consumercomplaints.in/myntra-com-b100293/page/15#get-cl3475408
db0d42028884401b97e1bec21b43ffc08ede0e8674461f8ba9c65ab9a192ce7d,consumer_complaints,IN,Parib,,Myntra.com — Pick up not done since 2 weeks,"charcoal grey colour from Myntra but I recieved the wrong product.  I was delivered light grey item.  I had been requesting for the pickup since 27th September but till now the pick up is not done.  
Everyday I get a message in the morning that my product will be picked today and in the evening I get a bunch of messages and mail saying the pickup failed because the customer cancelled the pickup, which is a false update...",,0,,https://www.consumercomplaints.in/myntra-com-b100293/page/15#get-cl3475406
697e7533fb070af0cfbfec95130f5e66246dc28a34533e376be11ee02d1b9094,consumer_complaints,IN,PKundu87,,Myntra.com — Waiting for my refund from last 16 days,"disappointing that entire Myntra team is not able to find out that delivery boy who pick up my Sketcher Shoes which was picked up on 24th Sep 23 from my address registered with Myntra. 

Senior associates of Myntra also not able to update about my refund.  I have called almost 10-15 times...",,0,,https://www.consumercomplaints.in/myntra-com-b100293/page/15#get-cl3475374
3da713a1b3a0d62bcc96a4d6b7f40c101a83a24c13b32c175076f2174da31baa,consumer_complaints,IN,[email protected],,Myntra.com — Amount deducted twice,"amount 1495/- from myntra. my transaction failed. so i tried again. my order placed. then i checked my mpassbook and it shows my amount deducted twice. what to do. ???

My order ID-
[protected]-2653503...",,0,,https://www.consumercomplaints.in/myntra-com-b100293/page/16#get-cl3475367
7a4c27fd6cf6560a21f576d19c15c66562be28f479c0e9b16ee8016887dc0c98,consumer_complaints,IN,Ubumi,,Myntra.com — Refusal to Refund,"Have raised incident with Myntra customer care - IN[protected]

The responses, which I ma getting is that price tag is missing, which is not the case here.  The photographs are being overlooked.  Even the support agent ( voice call), said that she is understands the problem but not able to arrange for the pickup & refund...",,0,,https://www.consumercomplaints.in/myntra-com-b100293/page/16#get-cl3475273
e03fcf8e33169c6026277f4207cf781f40d58326b38dcff5641066f2619a30d9,consumer_complaints,IN,gunjans@,,Myntra.com — Myntra suddenly stopped delivering at my pincode 491881,"Myntra suddenly stopped delivering at my pincode 491881.  Till Sunday everything was fine. I even got parcel from Myntra. but from Monday not able to order anything from Myntra, it says it cannot be shipped at my pincode. why so sudden.  Myntra Even not providing proper answer or explanation.  please fix this issue asap...",,0,,https://www.consumercomplaints.in/myntra-com-b100293/page/16#get-cl3475223
c0eabaa0eb634b6bbadf154e1c76482950da58fb43f010eb15a572a7cf37d524,consumer_complaints,IN,Kawalpreet Kaur Purba,,Myntra.com — Refund not visible in myntra credit,"refund was processed as Myntra credits.  However, upon checking my Myntra account, I noticed that the credited amount is not visible...",,0,,https://www.consumercomplaints.in/myntra-com-b100293/page/16#get-cl3475115
cab98f8a87e6ea3c41523d4940a7a4fc979ecca1c715bb1d4e994a5b23209a6d,consumer_complaints,IN,Diba12,,Myntra.com — Return/Exchange cancelled,"I recently ordered a Roadster Navy Blue Polo collar T-shirt. Unfortunately, the size of the T-shirt is not suitable, pro...",,0,,https://www.consumercomplaints.in/myntra-com-b100293/page/16#get-cl3475056
6e56e53a137b90863e90d6792c3e63007b3d00d3565cefc986d99efd2e9a687e,consumer_complaints,IN,swastikprasher,,Myntra.com — Product not DELIVERABLE,"Men Black Chronograph Watch CH2600_SOR
This watch is not deliverable to Dehradun 248003 even though before it used...",,0,,https://www.consumercomplaints.in/myntra-com-b100293/page/16#get-cl3473734
32c63e222960033c8f933635e789b35ca0deaf58ca0535e08ed42c0e12e30f8f,consumer_complaints,IN,Hema Chaudhary,,Myntra.com — An ONLY branded pink cotton tee shirt,of ONLY brand from Myntra and it was delivered to me on time.  However I had to replace it due to some manufacturing defect .  The Myntra delivery guy took the defective tee shirt but did not give me the replacement.  The app shows delivered on the 11th September.  I have been making repeated calls to Myntra and have spoken to their supervisor two times in a row...,,0,,https://www.consumercomplaints.in/myntra-com-b100293/page/16#get-cl3473468
269229f78f85e6e3549e5adc781057eb9e87ad4557035aee7be6030166f00c90,consumer_complaints,IN,AKSHAY_tyagii,,Myntra.com — Refund not processed even after 22 days of Cancellation and Calling customer care 7-8 times,On Myntra i ordered a liberty black shoe size 8 I get that product on 11/9/23 but size was to large so I applied exchange request on Myntra app same (liberty black shoe size7)after few days old product was picked up on 15/sep/23 by delivery boy . on nxt day I sawed in Myntra app the resized ordered was delivered on same date 15/sep/23 but as a true I did not geted any delivered message opt on myntra side still now I get not get product of (size7) then I compliant mytra customer care...,,0,,https://www.consumercomplaints.in/myntra-com-b100293/page/16#get-cl3473286
ee0eecd17fbc78949f07d99220b0a026ee789c0f4a5611ee6020bbbe4139ccb4,consumer_complaints,IN,anu299,,Myntra.com — Delayed and incorrect product delivery,"I ordered a saree wth Myntra which had only 2 days of exchange period.  Initially The timeline of delivery was to be delivered on or before 7th September.  But Myntra delivered on 8th Sept that too a wrong product (original product was of worth 7000), and i have already left for another city by that day...",,0,,https://www.consumercomplaints.in/myntra-com-b100293/page/16#get-cl3473215
71d8bb01971b9cc0247cdb804ead21e2b12f973e05882440aeb04af1935feddc,consumer_complaints,IN,Arumita Das,,Myntra.com — Roadster women off-white Ribbed knitted top,"Ordered id #1246836 [protected]
Item sold by SHIVA INTERNATINAL APPARELS-SJIT
Ordered on:17th September, Can...",,0,,https://www.consumercomplaints.in/myntra-com-b100293/page/16#get-cl3472687
4b6ff84d0273f245252e00d6661abb17b8b75acf423fa7a74feb445421d63548,consumer_complaints,IN,Abhineet C,,Myntra.com — Myntra-Order history not visible,"Since the order got delivered, the order history is not visible. I can't raise a return request. Service-wise, this seem...",,0,,https://www.consumercomplaints.in/myntra-com-b100293/page/16#get-cl3472474
668886933200ae1e29ba561373177c082f539720494867b355a0a52769ceb905,consumer_complaints,IN,Sheethal Christopher,,Myntra.com — My order not visible in myntra orders,I paid for this order yesterday and it was visible till yesterday..today in orders nothing is shown says its empty,,0,,https://www.consumercomplaints.in/myntra-com-b100293/page/16#get-cl3472462
141c0df954e308a3b24b914c83c8052d8511564952a24f3a85675a0b8a1092dd,consumer_complaints,IN,Chanchalrani Sanjrambam,,Myntra.com — My order is not showing,I have placed order in Myntra but my order is not showing . And it always says that I have not place my order...,,0,,https://www.consumercomplaints.in/myntra-com-b100293/page/16#get-cl3472437
d501e701726cda6cf93e675027b1bbdd0ce8cd2cca8ac3f1d14bbb5256056a84,consumer_complaints,IN,Dharmendra Bundela,,Myntra.com — My product is not delivered yet but they marked product as delivered on app,delivery partner or myntra regarding delivery I reopen my issue but they are not taking complaints now they are saying it's been longtime since you have ordered infact they are the one who takes almost month to resolving my query and it's still not resolved...,,0,,https://www.consumercomplaints.in/myntra-com-b100293/page/16#get-cl3472223
012f08e00b7e6a1e0457691ba77f6496f4aa9198b29faa1a09920ea8a584a8cf,consumer_complaints,IN,Karthick raj1123,,Myntra.com — Where my product was?,On Myntra i ordered a liberty black shoe size 8 I get that product on 11/9/23 but size was to large so I applied exchange request on Myntra app same (liberty black shoe size7)after few days old product was picked up on 15/sep/23 by delivery boy . on nxt day I sawed in Myntra app the resized ordered was delivered on same date 15/sep/23 but as a true I did not geted any delivered message opt on myntra side still now I get not get product of (size7) then I compliant mytra customer care...,,0,,https://www.consumercomplaints.in/myntra-com-b100293/page/16#get-cl3471968
6c8f449b0147e2760a76fb6a8332e5ce117a2e0d71655664bd883dda30b8d592,consumer_complaints,IN,Shriyadav21,,Myntra.com — Product not delivered and status is not updating,I need the answer from myntra...,,0,,https://www.consumercomplaints.in/myntra-com-b100293/page/16#get-cl3471819
0e7d84bb4a45a9134668aded6f93e186473febc0c27c2a33e8dfc3d8eed59429,consumer_complaints,IN,Srai@1213,,Myntra.com — Refund in my upi id,account or upi but myntra fool us by credting it to myntra credits.  I wanna redem those money from myntra credits to my upi or bank account...,,0,,https://www.consumercomplaints.in/myntra-com-b100293/page/16#get-cl3471651
d3c6f4f0c661aaa0b0dfb9c6b60ad6fd5a7b0539d5893c390cef7f4ff6b2fa5f,consumer_complaints,IN,Jackie297,,Myntra.com — Not received the product,"I ordered a dress from Myntra named KALINI SHARARA two weeks ago.  I had put the order for replacement due to fit issues.  Usually, a Myntra delivery executive collects and delivers the orders.  But this time, they sent an e-kart delivery executive.  I gave him my parcel and asked about my replacement...",,0,,https://www.consumercomplaints.in/myntra-com-b100293/page/16#get-cl3471352
75062dbd2a1c4d3b345d9a24b2be7bdfd9e77d4a3bc3a82b23b78047d8f1be54,consumer_complaints,IN,Divyarav,,Myntra.com — Don't trust Myntra,"was not updated in Myntra app and again on 13th of September there was another delivery boy who came and asked for same product but I had already returned it on 11th itself, I informed him the same but he had mentioned as product quality issue and updated In Myntra app. even after that I didn't even receive my product nor my refund ...",,0,,https://www.consumercomplaints.in/myntra-com-dont-trust-myntra-c3471235
5a10ce1d022a82305e44f41ee118cbd85d41d27f24c541fc9ac8bde0fbe37ce7,consumer_complaints,IN,[email protected],,Myntra.com — Product was missing not giving refund,"boat earphone from Myntra, order date is 29 August 2023 and order ID is[protected]-1575503 I found this product missing I told this to Myntra but Myntra did not help me and asked me to share the video o[censored]nboxing Please help me, I hope you will definitely help me.  My Myntra registration number is [protected]...",,0,,https://www.consumercomplaints.in/myntra-com-b100293/page/16#get-cl3471115
479df1f094dffa3bb51c1212c1d1ef1da87aaad2f05db404dafa204c1abd04ba,consumer_complaints,IN,Aniketku029,,Myntra.com — Noise Maroon Color Fit Icon 2 Calling Smartwatch,I talked with Myntra customer care they told me it was a glitch and they will solve the problem but atleas 4-5 times I talked with them they always give another date and today half of the month completed but my problem is not solved yet!...,,0,,https://www.consumercomplaints.in/myntra-com-b100293/page/17#get-cl3471107
9bf6c6fd2477f2e6216a50fb56b9eadbbba9ab3aa468211640322d9974c420c5,consumer_complaints,IN,sumit143143,,Myntra.com — Delay in pickup,"delay pick up, nonsense Myntra management will denie to accept that return and customer will suffer it with lose.  Useless management nonsense service centre advisor .  Worst service...",,0,,https://www.consumercomplaints.in/myntra-com-b100293/page/17#get-cl3471078
bd32e81edfd58d1c1c6d11a69b084a169d43cf9e896efca2a5e4c1b7a59739e4,consumer_complaints,IN,ji824,,Myntra.com — Extremely Disappointed with Myntra's Deceptive Practices and Poor Customer Service,"disappointment with Myntra, a company that has managed to ruin what was supposed to be a special occasion for my family.  As a common man who finds happiness in few occasions, my daughter's birthday on September 22nd was one such cherished event.  We decided to make it memorable by ordering a dress for her from Myntra, a decision we now regret profoundly...",,0,,https://www.consumercomplaints.in/myntra-com-b100293/page/17#get-cl3470991
738fc7c0298c790290ebe428a3637eed7a4b26e9e6c84f62f7bc26f9ced2c9eb,consumer_complaints,IN,Saloni_M,,Myntra.com — Not refunding the money,I ordered a trouser from Myntra.  Opted for a refund later.  The product was picked up and I got a proper msg of product pickup.  After that still the refund has not been done and still they are asking for pickup.  I even shared the pickup msg with them which I got from delivery partner.  Still it has been 6 days...,,0,,https://www.consumercomplaints.in/myntra-com-b100293/page/17#get-cl3470363
54abbfadb4c950ab9bad4eeb39fd5b55150249ba0eb7d863335518149d8f919e,consumer_complaints,IN,chan2302,,Myntra.com — Incomplete product was delivered and they refuse to pick up and refund,"A product without tags was delivered to me. When I tried to return, the delivery person did not take it saying that it d...",,0,,https://www.consumercomplaints.in/myntra-com-b100293/page/17#get-cl3470103
c2ebac61f6d353a032c0a30daae45481b4fb7f3210a53e2cea01d770c920dd83,consumer_complaints,IN,Bhavanan,,Myntra.com — Product received wrong,I received wrong product from Myntra for which i applied for return and they even took the product for return but they re shipped to my address saying that the product was rejected to be returned when I contacted at the help centre those people were only giving me dates and none solved my problem I want my money back...,,0,,https://www.consumercomplaints.in/myntra-com-b100293/page/17#get-cl3469984
562f9c80da0ea43fd824151bbabc363012fb12fa5356767ada835d974279eb82,consumer_complaints,IN,[email protected],,Myntra.com — Urgent Complaint Against Myntra.com - Deceptive Practices and Non-Delivery of Paid Product,"service provided by Myntra. com, an online retail platform that I, unfortunately, trusted with my hard-earned money.  My experience with Myntra. com has been nothing short of a nightmare, characterized by deceitful practices, non-delivery of paid products, and an absolute disregard for the trust and loyalty of its customers...",,0,,https://www.consumercomplaints.in/myntra-com-b100293/page/17#get-cl3469687
43c8fcd562aed5005303fb64cf1db5bc52183b9462e817dc6a33cab83e78e8ae,consumer_complaints,IN,Rama Krishna  Reddy,,Myntra.com — Violation of POLICY and giving FAKE TIMELINES AND FAKE PROMISES,"I have purchased 6 products from myntra and due to fit issues I have kept return for that 6 products.  And from almost a month my return is not picked up and I am calling customer service and they are opening a complaints and giving me some timeline and once that time line is done when I call again, again they are giving me another timeline...",,0,,https://www.consumercomplaints.in/myntra-com-b100293/page/17#get-cl3469160
85ac45c99099e241515caa5affbd40715154a16977e77bcb21f4181e4e244f7e,consumer_complaints,IN,Tarun jain umesh,,Myntra.com — Order Number[protected]-6339501 Packet ID [protected],पहले एक्सेल साइज़ आया मेरे द्वारा बदले में लार�...,,0,,https://www.consumercomplaints.in/myntra-com-b100293/page/17#get-cl3469003
799658206e39ecf3e5e580b91f470b997ad691011e7c1f506a939ceb3245b7b5,consumer_complaints,IN,Sanjay Pawase,,Myntra.com — Delay Delivery of ordered items and not allowing to cancel it,"I have ordered 5 items on Myntra. com on 21st August.  Out of this they delivered one item and cancelled two items by saying ""unforeseen circumstances"" on 26th August.  Remaining two items are showing ""Shipping delayed"" which were expected to be delivered by 30th August.  They are also not allowing to cancel the delay delivery order neither providing reschedule delivery date...",,0,,https://www.consumercomplaints.in/myntra-com-delay-delivery-of-ordered-items-and-not-allowing-to-cancel-it-c3468999
5cc624288f9b77253ef49925c9bc5d2acc47be9baaacf9702f5423cc6f45ff64,consumer_complaints,IN,07Shweta,,Myntra.com — Wrong product RECEIVED and not taking it back,regarding this issue in myntra customer care but they dont resolve it they say we have delivered the fresh product.  I have raised complaint upto myntra escalation desk.  But no one has resolved the issue even the return pickup is failed for this product...,,0,,https://www.consumercomplaints.in/myntra-com-b100293/page/17#get-cl3468611
3d565504a4e5c7c83b7a2cf3191959d5e67c772e9e17c698168941d337c6a660,consumer_complaints,IN,monika2716,,Myntra.com — Complaining about customer service from myntra,"Rubbish myntra customer service.  Ms.  Kajal escalation supervisor is so unprofessional and doesn't treat the customer issues neither try to help the customer. 
I got the wrong product and delivery guy took the wrong product but never delivered my original primary product and without informing me the team has cancelled the product and initiated the refund without my knowledge...",,0,,https://www.consumercomplaints.in/myntra-com-b100293/page/17#get-cl3468233
6ff7067d41499feef5b56f2446b21c6694aa93eb27d0f0d88e60cf627b4ec890,consumer_complaints,IN,@ujjwalk,,Myntra.com — Material not delivered but marked as delivered,I had purchage material from myntra 21 august. On 25 august i have got message that material delivered on given location. But it had not received by me or my family. Without any otp or call confermation material handover unknown person. Already complaint raised on myntra customer care but not given any positive response...,,0,,https://www.consumercomplaints.in/myntra-com-b100293/page/17#get-cl3468103
9ece867f584c58b0e1f02d7660e09910f9516d3609482ee59fbfdbf157411b71,consumer_complaints,IN,ritspandey,,Myntra.com — Delivery of a product different then what I ordered and without price tag and refusal of return,"kurta set'
on Myntra, Order no.  ""1244002-. "".  Regrettably, the product l
received was not only different from what was displayed on your platform
but also defective.  This situation prompted me to immediately request a
replacement/refund on the very same day the product was received...",,0,,https://www.consumercomplaints.in/myntra-com-b100293/page/17#get-cl3468056
79744c44a1a6bcedeb2b268e296fa735418eae9d572935d8aaf76b7422722549,consumer_complaints,IN,Jaiswalsimran,,"Myntra.com — Fraud , took my money","I am getting harrassed by Myntra service.  Order ID # 1245270 [protected] I am repeatedly complaining to them however no resolution is provided.  I am a regular customer of Myntra and never faced any issue with them however that's not the case with my recent order.  I ordered this and received the same, the very next minute i opened the parcel and saw that instead of the Item I ordered they sent me an old newspaper i called the delivery agent but he didn't came back and said that's what I received, certainly the package was intact...",,0,,https://www.consumercomplaints.in/myntra-com-b100293/page/17#get-cl3467909
a297a903559e3214de85d90f8e6c63b1d296ac11eaa1dfa5804453d76efb6c12,consumer_complaints,IN,SAkku22,,Myntra.com — Deactivated my account without notice,"Hello, Myntra deactivated my account without any notice.  Well as per their policies i understand they can delete accounts anytime.  I had super coins in the account and they gulped it along with the account.  now when probed further that why my account got deleted I need My account urgent Please I would request you to active the account or i Shouldtake this issue To Indian Navy Commanding office and I think I Should Take This With INDIA TV media DO want were YOU people want TO do BUT i ned my account IM giving you 2 working day i need your feedback...",,0,,https://www.consumercomplaints.in/myntra-com-deactivated-my-account-without-notice-c3467682
df31a378f8c6486cd410a22eac71bc09da867742bc7766c0ee37f2ed9f1116fb,consumer_complaints,IN,Anu Shree Chaurasia,,Myntra.com — Pickup of product failed four times and payment not received,"quality check from Myntra end.  And he also said please raise again this request by choosing different issue of returning the product.  So, I placed the request again by choosing the issue of returning the product is that the product is completely different in design.  And then my request was approved and after two days I got the message that pickup is cancelled...",,0,,https://www.consumercomplaints.in/myntra-com-b100293/page/17#get-cl3467446
477758f1cc289e1e6ba97261a47d746192a80ebee1010b44978cefe45bec6e30,consumer_complaints,IN,Chaitali A,,"Myntra.com — All of a sudden, it says we don't deliver to your pincode while it's still delivering to areas close to me","I've been a Myntra customer for 8 years or more.  I use it on my account, my siblings account and my friends delivered gifts to my homes too via Myntra and we never faced any issues regarding delivery just over a month ago I ordered some stuff on my pincode and yesterday when I spent hours choosing items for my upcoming birthday and finally decided to place an order, it showed we don't ship to your pincode...",,0,,https://www.consumercomplaints.in/myntra-com-all-of-a-sudden-it-says-we-dont-deliver-to-your-pincode-while-its-still-delivering-to-areas-close-to-me-c3467437
4a6841b61011ea47d2414eea2a260c233b1cc5955e4e8c9794f8c7107d47e584,consumer_complaints,IN,Lusy_44,,Myntra.com — Account deactivation since 6 months.,My account is showing deactivated for security reasons when ever I tried to log in. Customer care also had no informatio...,,0,,https://www.consumercomplaints.in/myntra-com-b100293/page/17#get-cl3467384
9ae982fa348fc439ab62fffcf8777d4c57b9f4c9443b60fb3834495ff27502f2,consumer_complaints,IN,HarithaGadiraju,,"Myntra.com — Delivered wrong product, no pickup attempt but lying that customer is not available","Ordered a 1seater sofa cover, the delivered product on 19th Aug was wrong in first place on, then I didnt find any price...",,0,,https://www.consumercomplaints.in/myntra-com-b100293/page/17#get-cl3466252
a6d1eef853c831bc5129eb87f526a1f09f4713c425d00485103c65c39ca8b5f5,consumer_complaints,IN,jiah_12345,,Myntra.com — Frauding returns,"The image shown on the Myntra app is of a Tshirt of an off white one.  The one that was delivered to me was a darker shade and hence I wanted to return it.  I placed my return request on the very same day the product was delivered to me. 

When the delivery agent came to pick it upm he rejected it on the claims that the color did not match...",,0,,https://www.consumercomplaints.in/myntra-com-b100293/page/18#get-cl3465320
f42d22baf9acc0d70af53a1dabf3f11f6edabb41216b8f6c8c54049dbf1bf9e3,consumer_complaints,IN,u2111,,Myntra.com — Product not deliverable at my pincode,"Why suddenly myntra stopped delivering at my pincode 411015?
I have received my last order from myntra a couple of weeks ago and nothing is deliverable at my pincode can someone please sort this out 
Thank you...",,0,,https://www.consumercomplaints.in/myntra-com-b100293/page/18#get-cl3464687
27e2df18a65afe5906cf5e74272717684eb2029d18a04fee1f0f7ac3a36c090c,consumer_complaints,IN,krish351,,Myntra.com — My Myntra Credits Expired,"My myntra credits of about Rs 2811 expired without any prior notice by myntra on mail.  Please extend my expire date so that I can redeem what's mine.  I will be thankful to myntra customer care team. 

Attched the snapshot of credits used and still remains to extend. 

Please kindly help me in this context...",,0,,https://www.consumercomplaints.in/myntra-com-b100293/page/18#get-cl3464382
98ac777c72f94e6838448cecc20b7033a16421d8a7ae36558bf7b4708420b491,consumer_complaints,IN,Suhasini Purushotham,,Myntra.com — Wrong product/ Delivery Issues,what kind a service Myntra is providing.  Secondly I didn't receive 3 products but it was shown as delivered.  For 2 products I got refund back but for the other one every time they tell it will take 3-4 business days.  Today when I asked the agent to pass the call to manager she told manger is not there on the floor...,,0,,https://www.consumercomplaints.in/myntra-com-b100293/page/18#get-cl3464004
4d474066ff14569d0287c37129665975950655659fd239f5cf9276ef1eed0309,consumer_complaints,IN,Ganesh Orsu,,"Myntra.com — I ordered a 46"" size shirt and they send 36"" shirt..They didn't send my refund after a month also","I ordered a 46"" size shirt and they send 36"" shirt..They didn't send my refund after a month also..And talking with unpa...",,0,,https://www.consumercomplaints.in/myntra-com-b100293/page/18#get-cl3463861
1591709a3a2c7033542fc404458d7b2d5d1f2f690fd7c6b3b12f491dcaa2e340,consumer_complaints,IN,Varsha77,,Myntra.com — Myntra delivery boy took the product but after sometime I received a message saying pickup rejected,"Hilfiger flip flops from Myntra.  Due to size issue I returned the product.  Last Wednesday that is on Aug 23, 2023, I got a call from delivery boy around 1:27 pm.  The delivery boy came and took the product.  But around 7:27 pm, I got a message from Myntra saying the pickup rejected due to product mismatched...",,0,,https://www.consumercomplaints.in/myntra-com-b100293/page/18#get-cl3463744
76ecd92ebc852099888cb005cf025afdf491d777f932a140f1667ecaf7ff4a15,consumer_complaints,IN,Shilpa Walia,,Myntra.com — Payment deducted twice,"deducted from gpay but myntra showed payment failed.  I did payment again for same order and amount deducted again. 
Now the amount has been deducted twice of failed payment also...",,0,,https://www.consumercomplaints.in/myntra-com-b100293/page/18#get-cl3463651
5d33a593ccaeae51a654f06fab6074b74446d9bd2903743116475f613a980721,consumer_complaints,IN,Akshita_19,,Myntra.com — Cancellation of order without any information/Notice,"I order 7 items from Myntra.  The order was supposed to deliver after 4 days.  15 days later, Myntra orders updated as delivery delayed.  After the order reached to the nearest hub in hyderabad.  Order never got out for delivery.  No delivery agent contacted me.  

I connected to the customer care executive, they said that they have raised the query at there end and will try to deliver the product ASAP...",,0,,https://www.consumercomplaints.in/myntra-com-b100293/page/18#get-cl3463573
c44d069c4d504907d5ae8dac405ef8094604455b595800f4e4288579020b0b29,consumer_complaints,IN,Santa Treasa,,Myntra.com — Refused exchange,"I ordered a sweatshirt from Myntra and it was delivered today.  As soon as I opened, I found stains near its neck.  Therefore I tried to request for exchange.  However, Myntra says they do not provide exchange services at my address.  In fact, any of my addresses.  I do not understand! If it is possible for them to deliver, why not exchange? Also, this was never mentioned when the actual order was placed...",,0,,https://www.consumercomplaints.in/myntra-com-b100293/page/18#get-cl3463268
f399a947ffe6fc86e84d8eaa68575505944faa529ae5a1e03c865f8a5a04882a,consumer_complaints,IN,Sambangi Arundathi,,Myntra.com — My return rejected and without informing me they have delivered the product.,"I have ordered women off-white cigarette Trouser. The size was not fit. So, I have returned the product. But later I got...",,0,,https://www.consumercomplaints.in/myntra-com-b100293/page/18#get-cl3463106
b374c5322f696742c5ebed1de99deefd26b590277f447fff3bfb7d43b306938c,consumer_complaints,IN,namrata14,,Myntra.com — Product returned and no refund by Myntra.,"Simultaneously received a message from Myntra at 5:20 pm stating ""they were unable to pick up the Shezone shoes due to operational constraints and that it will be picked up later. "" They also sent a message that return request has been cancelled as product could not be picked up.  
Please note the contradiction in the statements by Myntra and Ekart...",,0,,https://www.consumercomplaints.in/myntra-com-b100293/page/18#get-cl3462832
8da7c2bc9f889966042da18f8bbf4f38181f3f6c82f2f934c582046f3115b549,consumer_complaints,IN,priya rathod001,,Myntra.com — Wrong product delivered mysp[protected],"ordered shoes from myntra on july30th it got deliverd on aug2nd .  They deliverd a wrong product so immediate we raised a exchange request and posted the photos and waited till aug09.  Product was not delivered so made a call to customer support, they told to send photo of the wrong product again...",,0,,https://www.consumercomplaints.in/myntra-com-b100293/page/18#get-cl3462439
19248c61f4cb1f93699fee61886e5ca9ca2c3092d00bb8c7426ef51b89fbc12b,consumer_complaints,IN,chikuu12,,Myntra.com — Pay on delivery not available,"Hey, i have been shopping from myntra for past 5-6 years on same address. but now in aug 2023 . its showing that pay on delivery is not available for selected pin code(142038). i nedd to shop more. please solve this problem asap...",,0,,https://www.consumercomplaints.in/myntra-com-b100293/page/18#get-cl3462437
f29673c35c839a16226d7a03f2e5490e6c1b0d7dafdb1335e5e8a62574d2a75c,consumer_complaints,IN,Archie11111,,Myntra.com — Not exchanging product,"Myntra no exchanging period in the exchange window period
Bough item on 17 Aug
Exchange valid till 24 Aug 
When I clicked on exchange . it says item not exchangeable
No help from customer support...",,0,,https://www.consumercomplaints.in/myntra-com-b100293/page/18#get-cl3462396
71ed767ad842ec4d1d0ee38138c8d0d0ebaf8209741959e3fb34b1bc9c628d8d,consumer_complaints,IN,Tanu Chauhan08,,Myntra.com — Not picking my return for over 12 days,"I have been REQUESTING Myntra for almost 2 weeks now to pick up the return! IF YOU OFFER SOMETHING TO YOUR CUSTOMERS PLEASE MAKE SURE YOU CAN EXECUTE IT. 

I have been speaking to your executive almost every second day.  I talked to him on 7th Aug for first time and he assured me on I will be updated till 9 August...",,0,,https://www.consumercomplaints.in/myntra-com-b100293/page/18#get-cl3460649
796dfa2a8bf77b04d34142eeada5c5d52a7f85b3879d3fc08206d55471328334,consumer_complaints,IN,Sneha Usgaonkar,,Myntra.com — Inferior quality garment and refusal to initiate return - Order ID -1240321 [protected],"pair of trousers from myntra. com, thereafter within 20 days of purchase, barely 1 usage and 1 wash, the product has torn. 

When I escalated this issue to Myntra, they asked me to submit proofs like images from all sides along with description as on 30th July.  I did the needful subsequent to which my return claim was approved...",,0,,https://www.consumercomplaints.in/myntra-com-b100293/page/18#get-cl3460572
bd0324b7e2955155b0614c4824b44b013747abd23abd996a549a75a9a2dca486,consumer_complaints,IN,Aparna india 2023,,Myntra.com — Mimosa Saree and Tavas Saree,"and 1 tavas saree to Myntra on august 10. 
The customer service has not credited back my money for 1 mimosa saree and 1 tavas saree. 
Now they are sending messages that an agent will pick the sarees up. 

I called customer service and am getting no answers 
I persisted and chatted on the Myntra chats and Agent lied that return was approved
I escalated to supervisor and he did not resolve or credit back my money
Opened another ticket
I have screenshots for proof of the customer service lying...",,0,,https://www.consumercomplaints.in/myntra-com-b100293/page/18#get-cl3460423
04c806db559cceb074d46633a39ca16c072088421912208b6e633df636c831e6,consumer_complaints,IN,RashmiSwarnika,,Myntra.com — Refund Denied. Seller didnt send tag. Blaming on customer.,"I used to be a regular buyer of myntra.  Used to be very much satisfied.  Recommend to all my family, friends, relatives, colleagues. for not just the product quality but the hassle free process of shopping and returning refunding.  I trusted this platform blindly.  Loved the experience very much.  But I've learned the hard way how they don't value a customer's trust...",,0,,https://www.consumercomplaints.in/myntra-com-b100293/page/18#get-cl3460110
ae3d3d8d44028d043d7ad4387b3f68379756a17c97ffed38be6398d98b257031,consumer_complaints,IN,snehit kumar,,Myntra.com — Credit fraud,I bought a myntra product.  And then returned it and they refunded it in my credit.  And now they have vanished my credit...,,0,,https://www.consumercomplaints.in/myntra-com-b100293/page/18#get-cl3459638
23714886cdc88242475c04eeb85256d3174d314383caaa42cea9d089f69b8975,consumer_complaints,IN,geya,,Myntra.com — Clothing,"Product return was not approved saying that it has been used by me, but I was out of station and didn’t use it, to che...",,0,,https://www.consumercomplaints.in/myntra-com-b100293/page/18#get-cl3459572
30de65e407a8fd9df8fc2db55f1396b9ad41922df31e9a68d6379a15af1825c2,consumer_complaints,IN,geya,,Myntra.com — New game of Return rejections by Myntra,I was out of station so after coming on 1st august I opened all the parcels and tried the dresses I didn’t like the fi...,,0,,https://www.consumercomplaints.in/myntra-com-b100293/page/19#get-cl3459570
276052b9c231de2c4ad6524f7428ccb9c8848afab520df2222ef166e927beaf2,consumer_complaints,IN,Muskan_gnk,,Myntra.com — Expired Myntra Credits,"My Myntra credit of around Rs.  2100 expired recently. 

I had contacted the customer care some time back and asked them to transfer the amount in my bank account as I did not intend to shop in the near future but they refused.  So, I agreed to use thec credit only. 

But recently when I opened my app to shop, all my savings were gone...",,0,,https://www.consumercomplaints.in/myntra-com-b100293/page/19#get-cl3459493
fb9bfa8596b0fd34299ca94da6b4147fd1e77c0294bb71d2f6ec96830bf22a45,consumer_complaints,IN,Ayush274,,"Myntra.com — Nike Jumpman MVP, Size 10",Please restock asap on Myntra I need it urgently...,,0,,https://www.consumercomplaints.in/myntra-com-b100293/page/19#get-cl3459438
19ee22c8d40988347443049b1176cb7706934f1afaa638dea312de96506f8deb,consumer_complaints,IN,Parmar manish k,,Myntra.com — Order not get,"Order not delivered it's 5 days over but not received any massage,",,0,,https://www.consumercomplaints.in/myntra-com-b100293/page/19#get-cl3459336
53a1932b800b29b3f63f056e37ef7f3660bbd82ced9ea24e652b80c431ab8044,consumer_complaints,IN,Khan_ifra,,Myntra.com — Refund not received since 23 July 2023,"A refund of Rs. 1418/- had to be initiated on 23- July 2023 and in case of delay, it will take 7-10 days.
17 days ...",,0,,https://www.consumercomplaints.in/myntra-com-b100293/page/19#get-cl3459215
09f703f50e9e146db3e2983e79127d4c4236a542bbba632e8272adc53efcbedc,consumer_complaints,IN,sulabhraj8,,Myntra.com — The product has been canceled even after it has been delivered.,"[protected]
Hey Myntra, 
My name is Sulabh Chaudhary.  I had ordered Safari trolley from your system, which is showing as canceled even after I received it.  and the product is also wrong delivered.  It is my request to you that please take away your fake goods and give back my money...",,0,,https://www.consumercomplaints.in/myntra-com-b100293/page/19#get-cl3458959
0ea61e4bc85385de5fc11556f6dbcce686913f5192b8329173c6f81ebc7cd4ea,consumer_complaints,IN,[email protected],,Myntra.com — Not getting refund of returned order,"had been picked up by myntra executive on 31/08/23 after proper check up of the item but next day i got the message that ""item has been put on hold as it did not pass quality check process"".  This is very ingenuity because i returned the same product which i received and the same was checked by myntra executive during pick up...",,0,,https://www.consumercomplaints.in/myntra-com-b100293/page/19#get-cl3458914
de426f98bfc082aaeda1d43d6e61f85456f66b153943ea4fd5239fa18a42d5de,consumer_complaints,IN,Ajay809,,Myntra.com — Have not received a refund of Rs. 1232 since 30 days,Please note that this company is a fraud and request you to take strict action. I ordered a green jumpsuit from them. Th...,,0,,https://www.consumercomplaints.in/myntra-com-b100293/page/19#get-cl3458634
834ce2c4865c6e3f5c741dbf686cd217df06d132966226843ce364d1abaf0037,consumer_complaints,IN,divin2510,,Myntra.com — Amount Debited but order was not Successful,"I placed an order on 30th july on myntra of inr 1447, amount deducted from my canara bank account but myntra claims that they did not receive even though my bank - bank confirms that amount has been transferred to their account withUPI/DR/[protected]/MYNTRA
/HDFC/**. [protected]@HDFCBANK/U
PI
TRAN//HDF273FA67924134D99
AF745D225B61A860/30/07/2023 ...",,0,,https://www.consumercomplaints.in/myntra-com-b100293/page/19#get-cl3458574
55568ea945e80ad77b9594ed1431298362643f75c30c32d8398aff4c04c7558b,consumer_complaints,IN,Roshni Manghnani,,Myntra.com — Multiple orders delayed and random cancellation after confirming the order,"Myntra used to be so good earlier, and now it can’t even manage its order deliveries and it randomly cancels our orders after 3-4 days of confirming it, exactly when we are expecting to receive it.  

Firstly, I want to present my delayed order complaint.  I ordered an Italia Sleek V-Neck Jumpsuit on 27th July 2023 for my friend’s birthday on 5th August 2023...",,0,,https://www.consumercomplaints.in/myntra-com-multiple-orders-delayed-and-random-cancellation-after-confirming-the-order-c3458524
9de287a554a6ee67bbcbb371fca59962fec97b9ea1241e86e1732fb6ac9de9b0,consumer_complaints,IN,Anshul@30,,Myntra.com — Refund money withheld on cancellation and lack of information,"three outfits from Myntra.  One of these outfits - Appulse Mandarin collar shirt was of terrible quality and I initiated an exchange.  For that exchange to get completed the App made it mandatory for me to select another outfit.  On 6th August, 2023 I selected a new product which is when my refund of ₹ 439...",,0,,https://www.consumercomplaints.in/myntra-com-b100293/page/19#get-cl3458439
da99f67f43f86e47178a509f581c876df078410c94649b94221bbe57565aa2e7,consumer_complaints,IN,Varunhere,,Myntra.com — Delivered Wrong Product And Refusing to take Return,teal blue joggers from myntra.  I got it delivered on 31st July 2023.  When i opened my package the product was completely different.  The product was a third quality track pant the brand was local just like what street vendors sell it contains a fake nike logo here and their.  Colour of the product was similar slightly light in colour...,,0,,https://www.consumercomplaints.in/myntra-com-b100293/page/19#get-cl3458262
203361e79dd928938dab8d1d5a6014d9309fd82aca677f60e8fa582dc676976d,consumer_complaints,IN,Sanaa Niaz,,Myntra.com — Not allowing exchange of product,I ordered a pair of sandals from myntra for which I'm eligible for exchange by 7/08/2023.  Today is just 5/08/2023 and they are not processing my request.  In fact my number has even been barred from making calls to their customer care.  This is a real serious issue.  I don't know how many people are facing similar issues...,,0,,https://www.consumercomplaints.in/myntra-com-b100293/page/19#get-cl3458176
89cb2d0a1033253b533ae3c65efa01dea23f33f32c43672016bdd8d54417d7d4,consumer_complaints,IN,Brahma490,,Myntra.com — Myntra scammed me with ugly Blue Bird Statue,"Airwrap Multistyler from Myntra, item scheduled to be delivered on 26th July.  Prepaid Rs.  41, 664. 31
But shockingly on 26th July, instead of Dyson, a blue bird statue was delivered! Inside the box the invoice no.  & name on the blue bird statue is different.  It was to be sent to Panjim, Goa...",,0,,https://www.consumercomplaints.in/myntra-com-b100293/page/19#get-cl3458059
81e1db236da3cdb882e02ff7e4967ff4482f6bea451b0403d87a0bde8d01077f,consumer_complaints,IN,Ash_,,"Myntra.com — Online Transaction was completed, money was debited but the order was cancelled and no refund has been provided for 2 months",Myntra is refusing to refund the amount by stating that they never received the money.  I had to place the order again and had to make the payment by cash.  I have contacted both Myntra and HDFC bank regarding the same but nothing has been done yet.  Myntra keeps resolving my issue without any correspondence or solution...,,0,,https://www.consumercomplaints.in/myntra-com-b100293/page/19#get-cl3457719
c1e5a4bc612c2024821e12a5af5b49c157238ccbda44a91eac05a2a97adb5b5f,consumer_complaints,IN,ChalkeS,,Myntra.com — Goods are not being delivered on My Pin Code,"I have been a Myntra Customer for a few years now and have been ordering from the Ecommerce site regularly, I could place the order as recent as last week, however from last 4 days I have been checking continuously and for some reason my pin code 411015 is not serviceable any more and for the products in my card I am getting a message that they don't deliver to this pin code any more...",,0,,https://www.consumercomplaints.in/myntra-com-b100293/page/19#get-cl3457572
7522ba3d770a19b23b8fa4f35f328c3e14a83852373c6a87add92e23a42bb2ef,consumer_complaints,IN,Ashish_sha_rma,,Myntra.com — Wrong product shipped of fossil watch (fraud Scam),"ordered a Fossil watch on Myntra on 22 July .  But they sent me a different Invictus product .  I have raised complaints with Myntra customer care to help me by either pickup/ replacement/refund of the product but they have not at all helped me here. 

I have called them every day for one Week...",,0,,https://www.consumercomplaints.in/myntra-com-b100293/page/19#get-cl3456275
2f3e0820119b239ff0a111f17802d8e92b3b3d2738d75c7303c02a080c6575e2,consumer_complaints,IN,Shreeya Mahajan,,Myntra.com — Received different product for Order ID # 1241062 [protected],"I ordered an AND dress from Myntra for Rs 2254 on 13th July.  I received a different product.  When I raised the issue, the support team said that it is a tamperproof packaging, so we have sent the right item, but I have received a different dress but of the same color.  I reopened the case 3 times but still same result...",,0,,https://www.consumercomplaints.in/myntra-com-b100293/page/19#get-cl3455725
17ca67bd368770c27eb6ca3cfa45c6dcd724bde6a2d997f32ffff0c05eeee22b,consumer_complaints,IN,Komal yadav3008,,Myntra.com — Account blocked money blocked,"I ordered from Myntra' a product and as soon as my product got delivered they immediately logged out my session and when I tried to login again it showed up that due to security reasons my account has been deactivated for which I contacted customer support also but they are just asking me to wait for higher authorities mail, which will take around many days to resolve or even not resolved as I have read lot of complaints now against Myntra that they do this practice to defraud customer, but problem is their return period is only of 7 days and as I'm not able to access my account I won't be able to return the product and then my return period will get over, pls help me to get my money back pls pls...",,0,,https://www.consumercomplaints.in/myntra-com-b100293/page/19#get-cl3455334
ef0cba6510957322271198000f10a2e6d3678cf6fb508be7a595470dc4b83ca9,consumer_complaints,IN,Ashish_sha_rma,,Myntra.com — Wrong product shipped of fossil watch,I had placed order on myntra. Com on 23/07/2023for a Fossile Watch and tI had initiated returns and provided them with necessary things which was required to channelize return same days after i received the product.  In spite of sending images of the wrong products shipped; the person who came to collect the products (For return) refused to collect them as they were not the same as what was mentioned in the order...,,0,,https://www.consumercomplaints.in/myntra-com-b100293/page/20#get-cl3454730
1ea485f1f1469901f064b170b9b1f7f88b666565a180ceb39eea02e857cd4f22,consumer_complaints,IN,Sushil Somawanshi,,Myntra.com — Cancelled my return order without refunding my money,get my refund from Myntra...,,0,,https://www.consumercomplaints.in/myntra-com-b100293/page/20#get-cl3454588
1027fecb9a4e34939ad78aaca445b5fdd8179dcc6732a4b66c32b1e375700cb4,consumer_complaints,IN,Potterhead,,Myntra.com — I requested for pickup but they are not arranging the pickup,I ordered one dress Berry shirt from Myntra and they delivered the parcel successfully at given pin code.  but its not fitting me well its little bit tight for me I Raise exchange request 2 times but they cancelled the request from there end that's why I raised return request but they are not arranging the pickup request by saying that no one is available to come at my pin code I want to return the parcel as soon as possible and want my refund...,,0,,https://www.consumercomplaints.in/myntra-com-b100293/page/20#get-cl3454310
31efcaf77a6253a38bbc44e89ffbcc91777d2d4683a7836ffdfc81654d60261c,consumer_complaints,IN,Natella,,Myntra.com — Item dont was delivered,"I received a message that the goods were delivered, but this was not. 10 days have already passed, every 2 days I write ...",,0,,https://www.consumercomplaints.in/myntra-com-b100293/page/20#get-cl3453795
0b1de72f8ef7e736585fcb82cc96318611c1c6bcd0c515f7924465a2bed3ff3d,consumer_complaints,IN,dpmum23,,Myntra.com — Product not delivered but marked as delivered no resolution,"ID [protected]) from Myntra which was scheduled to deliver on 2nd July.  Myntra delivery executive called and asked to collect the product from 3 KM away from our home.  When we had refused, he had marked the product delivered.  I had not received any product. 
I had lodged a complaint.  It was closed without resolving the issue...",,0,,https://www.consumercomplaints.in/myntra-com-b100293/page/20#get-cl3453488
0c60aba36095191858050549dbbc8786178f2c2984841b5fe7e28d99431717d4,consumer_complaints,IN,bhavna03,,Myntra.com — Account Deactivated without any proper reason,"Myntra has deactivated my account and the reason mentioned is ""The account has been identified to be in violation of Myntra Fair Usage Policy and has been deactivated for any further transactions. ""

But, I didn't violated any policy and for this I have been following up with them to provide the details on the activities pertaining to which they have deactivated the account...",,0,,https://www.consumercomplaints.in/myntra-com-b100293/page/20#get-cl3453311
73962b9de9bfd301836a2bc52dcb348e502e6704c951f91f5d2026b4693e55ac,consumer_complaints,IN,amitkr1982,,Myntra.com — Myntra not exchanging product,"I have some questions to Myntra -

1.  When you deliver any product, have you adviced delivery agent to open and show the product to customer for quality check ? If not, they how you know that customer has damaged the product ? It is possible that it was delivered in that condition only...",,0,,https://www.consumercomplaints.in/myntra-com-b100293/page/20#get-cl3453204
b125874b447582192682be495de7eef4ebf0135921df1da8959762c98b6f6a28,consumer_complaints,IN,amitkr1982,,Myntra.com — Exchange request getting rejected.,"If at all Myntra cares so much of product quality check while exchange/return, why does he not do while delivering the product ?
Maybe what they are claiming damaged was always in the same condition when it was delivered.  
2.  I personally don't think there is any issue with product and my reason for exchange is not product damage but there is a size issue...",,0,,https://www.consumercomplaints.in/myntra-com-b100293/page/20#get-cl3453197
d1699f06c815ff97484c88a6b7d68694171dcab31217872b6bcce58d67fea9c0,consumer_complaints,IN,gschandana,,Myntra.com — No refund/Unable to provide bank reference no for refund,"It was first time Myntra was dealing the issue at hand very carelessly.  After repeated communication I was informed that the issue will be sorted and i will be given bank reference number by 06 July, but no, the customer care peoples only copy pasting random replies (bearing the same repeatitive lines & language)...",,0,,https://www.consumercomplaints.in/myntra-com-b100293/page/20#get-cl3453092
34c04d97ae88cb3429c944a55b97553be5ff3795d3a53ca613e30157699e235b,consumer_complaints,IN,Rajv1234,,Myntra.com — Wrong product received Myntra denied,"formal complaint against Myntra, an online retail platform, regarding an unsatisfactory purchase experience. 
On [15 July ], I placed an order for a Peter England suit (Order[protected]-6581003]) through Myntra's website.  However, upon receiving the package, I was disappointed to discover that the product delivered to me was of a different color than what I had ordered...",,0,,https://www.consumercomplaints.in/myntra-com-b100293/page/20#get-cl3453031
3c9a935e8b992658e31b56e312c8164cff8d3325d34b4c2318e9ca5ee832a96e,consumer_complaints,IN,Mukesh Choudhury,,Myntra.com — Return Policy-Cheating User,For Order ID # 1240771 [protected] placed on 09th July for baby clothes there was a coupon applied NORETURN5 for a disco...,,0,,https://www.consumercomplaints.in/myntra-com-b100293/page/20#get-cl3452869
bad0de7d0d6b780a9b89c5f6117efe384d33b4a8117c0ec2adf626bd38f9c0ad,consumer_complaints,IN,msd1234,,"Myntra.com — Package not delivered, but marked as delivered. no refund given","days of time sought by myntra, timeline passed, no resolution, no revert. 

delivery executive number in snapshot to help you investigate, and attached screenshot of ticket id. 

please resolve, I am ok to take the product if myntra cannot refund, just deliver the product...",,0,,https://www.consumercomplaints.in/myntra-com-b100293/page/20#get-cl3452589
9fa14c1ba3d33656a6314ce88add6c4500410c1c0ec01472957182ddec19213b,consumer_complaints,IN,swathi04,,Myntra.com — Return Item not picked up since a long time,"With Dupatta) from Myntra.  Due to fit issues, I placed an exchange request, but no one called or came to pick up the item and deliver a new item in exchange.  I followed up with customer care and spoke to supervisors as well multiple times.  But there was no resolution.  When I realized it isn't helping me, I asked the supervisor to place a return request on the product instead...",,0,,https://www.consumercomplaints.in/myntra-com-b100293/page/20#get-cl3451763
fc9422b25b39fe621975f77a4a34d1132095ab8cce68b232df8fa1af0f5e1c56,consumer_complaints,IN,ShraddhaAtreya,,Myntra.com — Delivered the wrong product and now cancelling my exchange request,I had placed an order for a tommy hilfiger pink analogue watch on the 19th of June but on the 3rd of July I received the...,,0,,https://www.consumercomplaints.in/myntra-com-b100293/page/20#get-cl3451044
f0897adefed558ce3e2854a8fe948bb5f66afb3b67325c77a6b548c6cf07323e,consumer_complaints,IN,jk_0001,,Myntra.com — Pickup person never comes,"receiving no update from myntra till 28 th june I again called to them then again they asked me to wait till 2 July and this time after 28th June the pickup person not even came to take the wrong product he just declined my return every single time till 4 July
Then again I call and they ask me to wait till 8 July but after 4 July to 10 th July no one came to take the pick-up even they didn't respond anything to me 
And after thousands of complains tomorrow they send me a mail and gave me an assurance that your pickup will be done within 24 hr but till now pickup is not done and they send me a notification that your return request is rejected
From 20th June to 10july I was just requesting them to take the pickup of wrong product and refund my money or they can also exchange it with the product I have placed
But since they are not doing anything ...",,0,,https://www.consumercomplaints.in/myntra-com-b100293/page/20#get-cl3451002
3010a4507799582d870eb054d68925142bebbaafa0dc5a42a9adcd0ff547d006,consumer_complaints,IN,Riya.deswal,,Myntra.com — I received defective/used item,I have ordered biba suit from myntra unfortunately it came defective or used and now they are not helping me in returning the suit .  I have phtoo and video to share...,,0,,https://www.consumercomplaints.in/myntra-com-b100293/page/20#get-cl3450689
6f03f97e9206b72ba8639a71cb622e74b737458e2ee8976b6a0c4f6c1d1d3d89,consumer_complaints,IN,Shraddha Pande,,Myntra.com — Money deducted but app shows no orders in the account,I placed an order today from myntra for a 3 jewelley articles worth INR 1498.  I have paid the money phone pay and even got a message from HDFC about the transaction.  but i havent received any confirmation message from myntra.  NO details of order is present on my myntra app also.  i either want the confirmation message and the product or i want my money back...,,0,,https://www.consumercomplaints.in/myntra-com-b100293/page/20#get-cl3450286
b66d7d6d15a745720060b78fde3345adb660f1791b6212f08b5363f007e794ac,consumer_complaints,IN,A***l,,Myntra.com — Refund not credited after multiple follow ups,"was credited back to Myntra wallet but i have not received the amount till now.  I have already raised a ticket but customer care is ignoring the issue.  Their services have become worse day by day and i shall be escalating this further in case i dont get refund in 24 hours.  In my case dated 3rd July, the redunf was supposed to by credited by 5th July - STILL NO UPDATE On 5th July, i get an update saying issue will be resolved by 7th July...",,0,,https://www.consumercomplaints.in/myntra-com-b100293/page/20#get-cl3450271
d16c07d46dc217c01e1a9c4f252e67340a599c9e57fef617f3292bcfde97d61e,consumer_complaints,IN,jk_0001,,Myntra.com — Pickup not done,want my refund because myntra is not returning it...,,0,,https://www.consumercomplaints.in/myntra-com-b100293/page/20#get-cl3450267
10b4008c725478ce846254ad7b4447d87fdf02d4bb851f25396383fcee8fbe2d,consumer_complaints,IN,[email protected],,Myntra.com — Product not returned and neither refund,"Purchased a jacket from myntra in april’23
- requested if the jacket can be exchanged for a different size.  I was advised that jacket can be picked up and team will check and confirm. 

Myntra team confirmed that jacket cannot be replaced thus they will send my original jacket back...",,0,,https://www.consumercomplaints.in/myntra-com-b100293/page/20#get-cl3449925
c7308e2cacfdbe2a47e4410d18553941541e8fc33c24c06139294135084260a9,consumer_complaints,IN,Honeysharma1703,,Myntra.com — Missing order no resolution no refund,I had placed my order on June 1st with various items out of which two items that is berrylush skirt and berrylush red to...,,0,,https://www.consumercomplaints.in/myntra-com-b100293/page/21#get-cl3449744
9e6e70308e08ce0df5ac7b27e0078ad58674beb78a63a51dddef54c10c046892,consumer_complaints,IN,ray2200,,Myntra.com — Two Go colors product return and refund issue,"Myntra agents always put the complaint on highest priority and generate a return within 7 days.  After 7 days, I just get a mail which clearly says your return cancelled from courier.  This happened multiple times till now.  And also, refund was not provided.  

2.  Order Id: 123820828615792996201
Go Colors Olive Green solid relaxed fit solid parallel Trousers
First return request placed on 17th June 2023, still the product has not been picked up...",,0,,https://www.consumercomplaints.in/myntra-com-b100293/page/21#get-cl3449701
95199cf27a6aa8caf1abb1071e4c9ea6e4390c2cc87bcf9de5d45f995ea5e377,consumer_complaints,IN,Rodimus,,Myntra.com — Exchange U.S Polo jeans,I am unable to exchange my jeans from myntra as the app is showing exchange delivery to this address is not supported.  My question is how were they able to deliver my product in the first place? I don't think that this thing comes under hassle free return/exchange program!...,,0,,https://www.consumercomplaints.in/myntra-com-b100293/page/21#get-cl3449621
74718dbc1357c8a494284b7f8500c01de839a8594d295c0401a12695dc85d7a3,consumer_complaints,IN,GIRIjananda,,Myntra.com — Item not delivered but showing delivered,"After that myntra app is showing the item was delivered.  
An issue was opened in the myntra site but they have solved the issue with item delivered.  
Again an issue was raised but till now no response from myntra side. 
My complain is eighther they refund my amount or delivered the item which was not physically delivered...",,0,,https://www.consumercomplaints.in/myntra-com-b100293/page/21#get-cl3449596
76388313effea58eadfa6fb7eec3420abd5e9f6d3cb5a1ff0831cd893fb99a38,consumer_complaints,IN,Ms Mahua Ghosh,,Myntra.com — No Refund received -IN[protected] - Myntra Case Number,"I had purchased three items from Myntra, All the 3 items were returned however I have received the refund for only 1 product.  Every time I call the myntra helpdesk, the support agents say the money has been refunded please check with the bank.  I have checked with the credit card division of HSBC but no payment has been received for the 2 items
I had purchased All about you women rust loose fit which was priced at Rs471/- for which I have not received the refund...",,0,,https://www.consumercomplaints.in/myntra-com-b100293/page/21#get-cl3449573
7467edba03bba7f5ebc143b5adf0865fb6b7c6adf2d3d7b6b549a1e32a890036,consumer_complaints,IN,Swarali khandagale,,Myntra.com — Delivery stopped in particular pincode,Few days ago i checked for cloths on myntra.  And it says we are stopped delivering on this pincode(410205).  But why any specific reason for that? I want to buy from. it so bad but i also dont have any alternate option so what can i do now? Please resume delivery on (410205) they are delivering on this pin for last 3years then why it stopped suddenly?...,,0,,https://www.consumercomplaints.in/myntra-com-b100293/page/21#get-cl3449539
6f244d725fca9323fd3ef52dc204d460c8586d6605e23ad59af3764444a7abc7,consumer_complaints,IN,Divya CG,,Myntra.com — Received a wrong product mythra didn't pick my return,L ordered a yellow kurtha with trousers and a coat . I received a coral colour kurtha only no trouser and coat. I return...,,0,,https://www.consumercomplaints.in/myntra-com-b100293/page/21#get-cl3448664
cd541b967ed3c53b2f79f21591aa03fc52b4b29c5f1c015ea91a056794c80973,consumer_complaints,IN,Reecha Kalyani,,Myntra.com — Neither issuing refund nor delivering the missing product,I have ordered four pair of jeans from myntra few days back under order id#123964981853619535001.  Four of the pair of jeans were from roadster brand two pairs of size 32 and two were of size 26.  I received the parcel on 28 june 2023.  I had already made the payment before receiving the parcel...,,0,,https://www.consumercomplaints.in/myntra-com-b100293/page/21#get-cl3448211
ea9955d374035b30b1437e06ac9f8a4a91cad67287a8613bf5e1bf7b8f9cac03,consumer_complaints,IN,ChetanP1,,Myntra.com — Myntra not picking up return citing missing seal tag which was never present,"Ordered Urban Armour shoes on June 12th, delivered on 22nd June have been trying to return since 28th June. They are say...",,0,,https://www.consumercomplaints.in/myntra-com-myntra-not-picking-up-return-citing-missing-seal-tag-which-was-never-present-c3447897
11bfbb03b22af8a0d92b5fc630436e926c8c62939858b0130cfbe1db5beaa5cd,consumer_complaints,IN,Prachi Karahe,,Myntra.com — Return pick up but not showing in the app and also refund not given.,I order one dress on Myntra and applied it for return but in app it’s still showing out for pickup and it’s already pickup up on 28 june 2023 but neither I have product nor I have my refund and I complaint a lot of time via chat every one register the complaint but not giving resolution pls keep into this issue pls find the attachment of my order and also I went to parcel office the said that we have send this product to Myntra and also pls find the images which are sent by parcel to Myntra...,,0,,https://www.consumercomplaints.in/myntra-com-b100293/page/21#get-cl3447743
e71970c1f237de1419b6b1607863d3e0d12530b03f8fa01d57686bcf1b06f184,consumer_complaints,IN,Sagarrai045,,Myntra.com — Campus shoes,The shoes colour are different different .plz refund my money .and your dilivery boy not pickup item why not pickup he.,,0,,https://www.consumercomplaints.in/myntra-com-campus-shoes-c3447455
3b28373d4c183466799fd61db613fbbf63ba6aa69509a52d6c946d4ef4a14bef,consumer_complaints,IN,[email protected],,"Myntra.com — Pathetic service, not refunded my money even after 20 days of completion of return pick-up process, possible fraudulent activity","on 6th June, using Myntra App . 
 Myntra had delivered a wrong sunglass of the same brand on 10th June and on the same day I had placed a request for return and refund .  Return pick-up completed on 11th June and I got an SMS as a refund of Rs. 779 has been initiated and it will reflect in my account in 1 to 3days ...",,0,,https://www.consumercomplaints.in/myntra-com-b100293/page/21#get-cl3447229
42e2bb2db26d5568d9b250f2506b99a0e22df8eeea10284340deec83b9523951,consumer_complaints,IN,Vineeta Mamar,,Myntra.com — Different design titan watch received,"received on 29 june from myntra when I opened the package what i see was the different design watch of the same titan brand.  Its a huge amount which I invested on watch plz help me. i requested Myntra to return and delivery agent refused to take the pick up and my order is now on hold. 
Register Mobile number is [protected]
And Order ID is 1239651 [protected]...",,0,,https://www.consumercomplaints.in/myntra-com-b100293/page/21#get-cl3447074
8594ae090017603cfd3b6e1271298e36cc366c64ddcb6d6be792c80720800eb8,consumer_complaints,IN,Garima121,,Myntra.com — Regarding refund of my order,"I have placed an order on myntra Order ID # 1237377 [protected], somehow they cancelled order from their side and haven't paid the refund yet, i complained for the same to their customer care executive (Shaista sawdager)who was ignorant enough to not initiate the refund that it's been more than a week i talked to their executive they haven't paid my refund back and showing on their website that refund is added but i haven't got my refund yet...",,0,,https://www.consumercomplaints.in/myntra-com-b100293/page/21#get-cl3447009
3ee925450658b67022a62c2eddf372978c1cad1206e71cb0807092d21eeff063,consumer_complaints,IN,Anusuya Baruah,,Myntra.com — Not showing the order on myntra,I have placed two orders on 28th june and 30 june. The money has been deducted from my account but the pitchases has not...,,0,,https://www.consumercomplaints.in/myntra-com-b100293/page/21#get-cl3446860
c626cbfc607da7644bedb1ef5324acc11476716bc3b6ba8fd9a83a25591ae4ff,consumer_complaints,IN,yogishiv,,Myntra.com — Complaint ID: IN[protected],"purchased via online from myntra a diesel wrist watch model DZ4566 on 09. 06. 2023.  The watch was returned on 11. 06. 2023 as the dial size was different from the picture that it was showing.  It has been 2 weeks and still we are not receiving a proper response.  As a standard practice if a refund is initiated a transaction ID(which amazon&ajio follows) would be provided to the customer however, when we ask the customer care there is no update...",,0,,https://www.consumercomplaints.in/myntra-com-b100293/page/21#get-cl3446419
882b000be1b80cdd546c0d682bd0fd96f70772c74a2d90283d4a63b0a2186476,consumer_complaints,IN,bhupi76,,Myntra.com — Refund not received from Myntra for almost 3 weeks,The RRN number that Myntra gave is for the amount that I transferred to Myntra and not for refund...,,0,,https://www.consumercomplaints.in/myntra-com-refund-not-received-from-myntra-for-almost-3-weeks-c3445740
deed64b5d8591c8aca439310d5530086010f90eb86f4bfd09e04ca7da81c5042,consumer_complaints,IN,jk_0001,,Myntra.com — Wrong product received pickup person says photo not updated,I have an account on myntra with the number [protected] i have ordered a jeans using this account but myntra sent me totally different product then i complain and send all required things they gave me a date of 23 june but the pickup person says photo is not updated he cannot take the return then again i complain they gave me a date of 25 but nothing happened then again they told me wait till 27 and now they are saying to wait till 29th but the pickup person is saying the something again and again and myntra help services are doing nothing i am fed up using myntra i do not want that product i don't know just refund my money whether you take it back or not...,,0,,https://www.consumercomplaints.in/myntra-com-b100293/page/22#get-cl3445692
f8972e9f65d15e3e133a98bba8165b583efb7a239c39db46def447bef0a72b81,consumer_complaints,IN,Quaser,,Myntra.com — Product marked delivered without delivery,pathetic seeing how Myntra is taking care of the grievances.  It’s not expected from top fashion brand...,,0,,https://www.consumercomplaints.in/myntra-com-b100293/page/22#get-cl3445681
c1a9fe2de7041095bc28bcaaf957d6b0c63a63814076a8a5c3b600a37fd2ec04,consumer_complaints,IN,Kapil Ghuge,,Myntra.com — Harassment due to return order of Puma shoe at myntra,"legal complaint against myntra in Bombay High court. 

Thanks & regards
Kapil G
kapilghuge12gmail. com...",,0,,https://www.consumercomplaints.in/myntra-com-b100293/page/22#get-cl3445632
edfb3aea48dc8a72c22aba7dce978abfc8608265ea99eda4ebd20745f8a78c8b,consumer_complaints,IN,Mayukh Bhattacharjee,,Myntra.com — My product return is not getting initiated and continuously rejected.,I have ordered 3 formal shirt from Myntra but when I received the product it was tottaly different design on top of that I ordered half shirt but full shirt was delivered.  Then immediately I placed the product for return but till now 3 to 4 times it got rejected and no agent came for quality check...,,0,,https://www.consumercomplaints.in/myntra-com-b100293/page/22#get-cl3445337
f24386a0c40b8a5767129e9ecb7df6f871c58a548d7875538c65266419996aff,consumer_complaints,IN,Chirag _Agarwal,,"Myntra.com — Skybags , Complaint about the product exchange and received the wrong product during exchange",which I ordered from myntra and when I received it I got defective product.  An when I have given for exchange then the product which the delivery man was given it was teared and very dirty and old bag .  An for this small product I Have to take soo much headache for which I am mentally harrised ...,,0,,https://www.consumercomplaints.in/myntra-com-b100293/page/22#get-cl3445287
f45027ebae07a3f4a54d2f95d0dc31ad6a1fff060d184173f4c660ac38410742,consumer_complaints,IN,Avni Mittal 0020,,Myntra.com — Regarding return of jumpsuit,"I have purchased kasuslly jumpsuit from myntra.  Quality is really poor.  They are not providing me return option.  Despite of it, I have called 4times to customer care.  I want to return my product.  It's quality is like road side clothes...",,0,,https://www.consumercomplaints.in/myntra-com-b100293/page/22#get-cl3445062
0312977130fc82d7b63b5e78cf3ea05a64536c5f179cc23d4184450fa8e5cfb0,consumer_complaints,IN,Gurdeep94,,Myntra.com — H&M leather Slides,"explain the situation to myntra executives but they said i have to deal with this. 
Myntra should work on this and should provide the customers their order at the same rate on which they have ordered.  Otherwise this could be a scam also.  Myntra from their end reducing the price and after payment processing they are not delivering the product...",,0,,https://www.consumercomplaints.in/myntra-com-b100293/page/22#get-cl3444810
604495155184341cf1fb7ffc6e448b84ab29dc804dbfc1a6abc407e869684ddf,consumer_complaints,IN,Harpinder Jakhar,,Myntra.com — Moda rapido women shorts,"I m not login to my previous account, I want to return moda rapido women shorts",,0,,https://www.consumercomplaints.in/myntra-com-b100293/page/22#get-cl3444619
53881ea59a48068780d1f9ee08619a2e1d0e16692197a7e2b44e653851b07d04,consumer_complaints,IN,Heman32,,Myntra.com — Selling fake products and not refunding the amount,"Myntra is allowing its sellers to sell fake product ( Here, seller name is Omnitech retail)
2.  Its selling 1st /2nd copy of shoes especially with PUMA on a price of original product by labelling it Original in Sale. 
3.  It is hiding from the customer about the correct product details...",,0,,https://www.consumercomplaints.in/myntra-com-selling-fake-products-and-not-refunding-the-amount-c3444580
ba889938c8390824b2a41bfcc0c30f37c4d7ce310c8538cc98f6598a775bd519,consumer_complaints,IN,anonymous_1969,,Myntra.com — Myntra.com return product quality check failed even though the product wasnt tampered with,Sharara & Dupatta) from myntra.  It arrived on (15th June 2022).  I had bought the same kurta set in another colour because I wanted to chose between one of the 2.  The other one got delivered on 21st June and I decided to keep the other one cause it looked better on me.  I requested for return on this product...,,0,,https://www.consumercomplaints.in/myntra-com-b100293/page/22#get-cl3444573
e6b96d179843a9ee0d8a0ff1809143c248d80d25533ebef43a0cd275389fe72d,consumer_complaints,IN,Pratiksha Kotian,,Myntra.com — Myntra is not allowing me to return a product which is causing me discomfort in my foot/heel,I had purchased an Inc 5 flats which I had placed a return request for the same. The company is continuously rejecting m...,,0,,https://www.consumercomplaints.in/myntra-com-b100293/page/22#get-cl3444214
04a23ef85460821cb73dafb25d7c393dd8d2401d62a968f892512f67831716ae,consumer_complaints,IN,Shivani.singh123,,Myntra.com — Never take product back,I made a purchase from myntra .  I raised the return request there delivery boy call me i asked them to take the product back they said no you have to return back today otherwise it will marked under used product serval request raised but no one help pathetic service my registered no is [protected]...,,0,,https://www.consumercomplaints.in/myntra-com-b100293/page/22#get-cl3444133
38a15fa362548e191818524d746e2e4ae34de29dfef7c86bf6ec3f7830d47e44,consumer_complaints,IN,devanshdubey,,Myntra.com — Wrong Product Deliver and after complaining on customer care block my account,"immortal 121 Airpods"" from myntra. com for Rs 1300.  First I recieve a broken item of "" boat immortal Airpods 121"".  when i exchange, i recieve a different item ""Airpods 131"" on dated 15 june 2023 of Rs 999 also this product is not the new, this is used one.  When i contact to customer care for replacement/ Refund they giving false hope of waiting 24 -48 hours and later did not support...",,0,,https://www.consumercomplaints.in/myntra-com-b100293/page/22#get-cl3444057
c3c7a53f09a252212e71778297802b9f97114b779607584cb996d7a39d1f9d8c,consumer_complaints,IN,aryann0044,,Myntra.com — I received a different product and now I am unable to return it.,I ordered a pair of olive cargos and i received them on 19 june 2023 but the product that i got was different than the o...,,0,,https://www.consumercomplaints.in/myntra-com-b100293/page/22#get-cl3444032
29ce650c99fc4d9ecc81bf4f6cacb7e3f36c0982bfc808a45329641a36ebdbf1,consumer_complaints,IN,[email protected],,Myntra.com — I want to return my product but the status is showing Delivery Delayed,I had ordered Reebok Shoes from Myntra on 17th June 2023 and received the product on 19th June 2023 at 2:30 pm.  I want to return the product as it’s not comfortable at all but I have no option on Myntra App as the status shown on the app says delivery delayed.  I have called customer care several times but they seem to be least bothered about the issue...,,0,,https://www.consumercomplaints.in/myntra-com-b100293/page/22#get-cl3443997
59eef50a4aca60edcde01a0b8a01ec2a9c4a74b1cdcdc35a09e65fc8d0fe4f36,consumer_complaints,IN,Teena Hassija,,Myntra.com — Exchange Rejected,"Order ID # 1237859 [protected] From Myntra and Delivered on 6 June, 2023.  I noticed that Strap of watch was not so comfortable in wearing and Personally I not feel it accurate calculate steps so I contact Myntra Chat Method on 7th June, 2023.  Executive said that product is Defective ( in Terms of Accuracy and uncomfortable in wear) & he assume that it is Damage...",,0,,https://www.consumercomplaints.in/myntra-com-b100293/page/22#get-cl3443992
87d15d8fc09852e6e30966843a3ab79c37323dcfe5f00bda60a5d3dd58838709,consumer_complaints,IN,Sreeramm,,Myntra.com — Urgent Attention Required: Escalation of Pathetic Customer Service Experience,"multiple messages from Myntra proclaiming imminent pick-up dates have turned out to be empty promises.  This lack of action is utterly unacceptable. 

To compound my dissatisfaction, today I was appalled to receive a message from Myntra stating that my product return request had been abruptly cancelled due to the address being deemed unserviceable for pick-up...",,0,,https://www.consumercomplaints.in/myntra-com-b100293/page/22#get-cl3443896
a68c9836c5ca6cae1f584f57eebb0b683199ac9d857de9dc681ef421254b5092,consumer_complaints,IN,[email protected],,Myntra.com — Order came without gift wrapping,"I've ordered Beardo men whisky smoke Eau de parfum-100ml with gift wrapping they have charged for it, but the oder came ...",,0,,https://www.consumercomplaints.in/myntra-com-b100293/page/22#get-cl3443816
fdfd8564517a854c95e04884c6ba52059ad98b7fe788b093be925612a95c8de4,consumer_complaints,IN,Bhavana132,,Myntra.com — Myntra Credit and account suspension,"using a gift card and myntra credit.  Because I assumed nothing will happen since I hadn't heard back from them.  I then log in and it says my account has been suspended! I have money left in the wallet/myntra credit.  I got no update email from them, nothing.  Rs.  1262 is now lost, and the company is profiting from it...",,0,,https://www.consumercomplaints.in/myntra-com-b100293/page/22#get-cl3443778
a84dfda91cac2537e2b2859945e23a3302bf3485dcb5473575b41edcbcc162f9,consumer_complaints,IN,Shashank Thigale,,Myntra.com — Refund calculation is incorrect and not fair,"I ordered 6 items from myntra on 14th June 2023.  I was expecting those to be received on 16th June but I got it on 19th June.  Hence, I was trying to return all the items as I didn't need it after 16th June.  I paid in total 3198 rupees as there was instant discount on the OneCard above 3500.  So, I got instant discount of 436 rupees...",,0,,https://www.consumercomplaints.in/myntra-com-b100293/page/22#get-cl3443722
7f4a6c7fa5b6690255e66c23b4730dbe1c34fe3b5357959c9bd46b8d0488a5f2,consumer_complaints,IN,Mehuljain2507,,Myntra.com — Return rejected on false reason,"Myntra rejected my return by stating that quality check does not passed. 

I ordered shoes for my mother-in-law Kumud Gupta on 15 June 2023 and it got delivered on 16June 2023 . 
In just matter of 30 minutes the return request was raised due to size issues . 
The shoes was picked up on 17June 2023 in original packaging conditions...",,0,,https://www.consumercomplaints.in/myntra-com-b100293/page/23#get-cl3443579
2092c10defd701664a2514a275beba128cb551c91bfc936573580a4dbbefcdda,consumer_complaints,IN,Kaurvrinda,,Myntra.com — Received different product from v-mart,"received this product from myntra 

1.  Order number:123794403828061411001 (ORDER ID)
2.  Product name: V-mart women blue cotton casual shirt

ATTACHING IMAGE ALSO. 

You are requested to please look into the matter.  I have already been exhausted waiting for the exchanged product & today while i got to replace it, another issue created...",,0,,https://www.consumercomplaints.in/myntra-com-b100293/page/23#get-cl3443497
42da5f303984b5980d8573bf90341580c1fec26efe607af6342c776085f78fb6,consumer_complaints,IN,Akash(Om),,Myntra.com — Defective Product & Cancelled Exchange,"Order ID # 1237859 [protected] From Myntra and Delivered on 6 June, 2023.  I noticed that Strap of watch was not so comfortable in wearing and Personally I not feel it accurate calculate steps so I contact Myntra Chat Method on 7th June, 2023.  Executive said that product is Defective ( in Terms of Accuracy and uncomfortable in wear) & he assume that it is Damage...",,0,,https://www.consumercomplaints.in/myntra-com-b100293/page/23#get-cl3443263
7291312134e48205cdb416ac824f4b8f44afda21729b7e5a0852b9d6ebc20b12,consumer_complaints,IN,usamanandolia,,Myntra.com — Compensation and Refund is not paid,"Hi

I have spoken mant a times to adviser and managers but all of them never helps despite of promising call...",,0,,https://www.consumercomplaints.in/myntra-com-b100293/page/23#get-cl3442518
9529346198d5d4466fb5c51c235bae6d1a9620dd5f7e74a8ed079e8d4aa1a1e9,consumer_complaints,IN,Nupur Banarjee,,Myntra.com — Refund has not been received,"I have placed a return request on myntra.  Tge delivery guy has received the parcel on 10 june 2023 but my order status didn't change and i didn't get my refund money.  I call the customer helpline and they asked me to wait for 48 hours. 
So on 12th june the status again change to pick up failed but i have already returned...",,0,,https://www.consumercomplaints.in/myntra-com-b100293/page/23#get-cl3442366
1226bb7a43e5b4415801fdc311473ea3537c7db5e9e446b7253d40592c45f30c,consumer_complaints,IN,Radhikavirmani,,Myntra.com — Express delivery,"I ordered my product on Monday 12 june, 23 on express delivery which they promised to get it delivered by 15june, 23 but...",,0,,https://www.consumercomplaints.in/myntra-com-b100293/page/23#get-cl3442317
aa60159a2af62f12dff61422d306d63e548bdd200a1cdf34d3a546ba89aaddf8,consumer_complaints,IN,Rajith@,,Myntra.com — Account not recovered and myntra credit money not provided,"My myntra app got crashed while using and when i tried to reopen, it asked me to relogin, when i relogged in my entire account is wiped out including my myntra credits of 1456.  This has happened at 15jun 12:20AM, and from that time onwards till 1:25AM i have been reaching out to myntra team continuously and my call is being disconnected...",,0,,https://www.consumercomplaints.in/myntra-com-b100293/page/23#get-cl3442165
27008546c7dd06aab5d744c739dd9446fde2ed756b31bb390a6c279574eac8cf,consumer_complaints,IN,raja bafna,,Myntra.com — Product missing from parcel,"I had ordered 13 pants from myntra, on 8 june i recieved a parcel which was supposed to have 10 pants, i paid for it.  When i was opening it i found it had been temepered with and had only 4 pants.  I have sent photographs of parcel to myntra, have shown it to the delivery guys who acknowledged that it was a temepered parcel but myntra refuses to listen to anything...",,0,,https://www.consumercomplaints.in/myntra-com-b100293/page/23#get-cl3441994
44eb5a3134fe905e01870c63f45fd326a7531db1ec5a6ccffeeac1b3d37ffb51,consumer_complaints,IN,uma2004,,Myntra.com — Myntra not recovering my account just refund me my payment,I have an account on myntra and using that account i placed an order of a cargo pant of 706 rupees .  now i do not have access to that number so i asked myntra to recover my account then thay send me an email to submit required documents and i fulfil all their requirements then again and again they were just requesting for a new detail about the account and i send all the details this process continues for 10 days then i received a mail that my account is recovered just click on the link and reset your password but the link is not working then again i request them to resolve but once again they send me the same link which is not working they are just making me fool from the half month i just want my payment back of the order which i did not even received bcz i have access to my account so many times i asked them to recover my account but they are just making me fool now whether they recover my account or not i just want my payment back...,,0,,https://www.consumercomplaints.in/myntra-com-b100293/page/23#get-cl3441956
73f8bba851db5060cbc1d334f1a7529a6ad21795e7c2e941d94818d052a8ea4e,consumer_complaints,IN,Ritikkk Soni,,Myntra.com — Cancelled order by myntra,I ordered 5 items from myntra and one by one every order is getting cancelled by myntra stating due to some internal issue.  But i didn’t receive a single call from delivery boy at the delivering time.  Now the prices have increased and if i will order again then i will have to pay extra for it...,,0,,https://www.consumercomplaints.in/myntra-com-b100293/page/23#get-cl3441948
54db2e617b94f2f7f88070c980f4ff20a6f83e6cb9ef2549d8db8300a31a1b2d,consumer_complaints,IN,agrmonika,,Myntra.com — No Pickup available at delivery location,I have order an allen solley trouser. They have delivered at the give address. Its misfit and i want to return it but it...,,0,,https://www.consumercomplaints.in/myntra-com-b100293/page/23#get-cl3441887
bd6e9bdb3a9b979976f8e35793bb1e0f8ceac0b0c02f1a3b556e66d00d34c88c,consumer_complaints,IN,Priya Sanghvi,,Myntra.com — Return pick up agent bad behavior,"I had two myntra returns that were scheduled.  When I asked him which item he has come to collect, he said he doesn't know and doesn't have a picture.  and refused to tell me any information about the item that he was to collect. 
Extremely bad behaviour by the myntra return pick up agent...",,0,,https://www.consumercomplaints.in/myntra-com-b100293/page/23#get-cl3441619
99035642da6104223a94e35531ec93f650dc3e2049c8fe616deeaa0b22cd458a,consumer_complaints,IN,Kairavi27,,Myntra.com — They deactivated my account,They deactivated my account and i want to return my order and the last date is passing by,,0,,https://www.consumercomplaints.in/myntra-com-b100293/page/23#get-cl3441542
27c9d4ba1142ad8a1937a2c00a64ef1b680cce7cc9cb2496dd3696104887b5ef,consumer_complaints,IN,Radhamadhav,,Myntra.com — Order not processed,I have not received any response from Myntra after several contacts about my order.  neither they are initiating my refund...,,0,,https://www.consumercomplaints.in/myntra-com-b100293/page/23#get-cl3441254
67cd60a8a737be26aaac96c599c3c4d54452c5f872bd05a146f228395c812f11,consumer_complaints,IN,CrisAshraf,,Myntra.com — Product got cancelled,"I have booked a fossil watche on 08th June 2023, worth of 3, 500 /-. Actual price is 12, 000/- where I have booked and p...",,0,,https://www.consumercomplaints.in/myntra-com-b100293/page/23#get-cl3441195
a9f331115507cf280de7abddc9fa42954bf4455cf3812a81eb356e958646b7bd,consumer_complaints,IN,Ankita1298,,Myntra.com — Not accepting return for missing product,"I ordered kurta set from Myntra on 3rd June but they delivered only trousers on 8th June, kurta was missing from the set.  I requested return for that product and return pickup is scheduled on 9th June, pickup agent checked the product but denied to accept the return saying he will talk to the customer care and will again come for pickup and 3 days have been past but no pickup is scheduled for the product...",,0,,https://www.consumercomplaints.in/myntra-com-b100293/page/23#get-cl3441064
5d12f4fbcf648c9e89ca8ec7a4961e5b23ff7315dc393c484a8249322ab71114,consumer_complaints,IN,PrasannaRam,,"Myntra.com — Cheating, product not delivered","Hi Team, This is prasanna ram 
Myntra not delivered my product (roadster white t- shirt) to me Actually my product was to delivered on sunday 14 may 2022 but my product was not delivered to me, Actually that day delivery agent called me at 12 pm but because of my work I am not lift the call and I got two missed calls after 10 min I called to deliver agent but now he didn't lift the call, and after few hours I got a notification from myntra as your product was delivered but me and my side persons was not took that product even we haven't meet the delivery agent/talk how can he delivered the product to us so same thing conved to myntra but they didn't respond properly and they didn't delivered a product to me please refer the attachments as proof 

Thanks & Regards
Prasanna Ram...",,0,,https://www.consumercomplaints.in/myntra-com-b100293/page/23#get-cl3441050
2950cf2d9127add2cafbe8601c0a6ccfa0fc0552f34b1305ecf933fe1b49e452,consumer_complaints,IN,sonooooooooooooo,,Myntra.com — Myntra delivered a product without price tag and invoice hard copy,"I had ordered many items from Myntra on the same day during EORS, out of that one was a black tank top which had no price tag, no hard copy of the invoice when it got delivered and the quality is tho pathetic.  Immediately I placed for return and I did mention about the issue clearly in the message box, next day pickup guy came and refused to collect as there was no price tag and he said without price tag he can not collect...",,0,,https://www.consumercomplaints.in/myntra-com-b100293/page/23#get-cl3440684
9e2c54d6c583428b3928b99da4ec4b040e298d85a0797dfba4db14b3cf89957b,consumer_complaints,IN,Shweta Shradha,,Myntra.com — Product not delivered,"12th May, 2023 from Myntra.  The app shows delivered on 14th May, 2023.  However, i did not receive any product at my end.  I raised a complaint on 15th May, 2023 raising the same concern to which they responded that the logistics team has marked this product as delivered and hence resolved the ticket...",,0,,https://www.consumercomplaints.in/myntra-com-b100293/page/23#get-cl3440517
ac8977274ab3074196108bb825e1611ba63f91e7bfee9a32eedb9782581a53e0,consumer_complaints,IN,Vikastomar,,Myntra.com — Delivered whole different package (1 Asics shoe instead of 10 products),call customer care of myntra (he knew it was light weight small box which can be shoe but not 10 products because it weight more then atleast a shoe box).  I talk to executive and then escalation supervisor (Shobhit) of myntra.  They raised my complain and asked for 3-4 days for investigation and solution...,,0,,https://www.consumercomplaints.in/myntra-com-b100293/page/23#get-cl3440514
a3d358444850739820595e18a2473badda4e757fafe73da0ee2b1a9826e6930a,consumer_complaints,IN,Ambika27,,Myntra.com — Account recovery issue,"I already have a Myntra account, but recently I lost my phone.  I do remember my registered email id and password associated with Myntra, but they are not letting me log in with it.  They are constantly asking for OTP (that is sent to my lost number) I have contacted them several times from past week...",,0,,https://www.consumercomplaints.in/myntra-com-b100293/page/24#get-cl3440354
7e494f54819c3e3eca5d696dd5e6159580bbe95ca54267442c6712f8d65df8a6,consumer_complaints,IN,malli677,,Myntra.com — Unethical Behaviour - Product marked as delivery without an attempt to delivery,"- I have ordered a product on Myntra. com on 20th May 2023. 
- The product has been simply marked as delivered on 24th May 2023. 
- The delivery executive did not call me on the delivery day.  He did not even try to enter our community.  
- I have raised a complaint immediately after thoroughly checking with my neighbours and security 
- I live in a gated community with tight security and the security personnel confirmed that no body from Myntra attempted for delivery on that day...",,0,,https://www.consumercomplaints.in/myntra-com-b100293/page/24#get-cl3440317
8f2b68a05b8018ad85f06949d45d7b25b3dc66bda76f03ff263f1660625950a8,consumer_complaints,IN,Aastha Aggrawal,,Myntra.com — Transfer of money to my bank account,"I did shopping on myntra using myntra credit and other payment method.  When I returned few of the products, it gave me two options of refund which were 1.  Back to source (meaning myntra credit and other payment method) and 2.  Myntra Credit.  I opted for option 1, which is back to source.  They purposely don’t provide an option of refunding the money to bank account in case a person has used myntra credit to do the shopping...",,0,,https://www.consumercomplaints.in/myntra-com-transfer-of-money-to-my-bank-account-c3440002
2c5e8858c622b054ba0fad67398b507ff22979367b0b5972cf02d1bc10bfd4f9,consumer_complaints,IN,Rim Sirali,,Myntra.com — Nike Men MD Runner 2 Sneakers got Cancelled without any reason,"As a loyal customer of Myntra, I have always trusted your brand and its services.  I hope that you will take the necessary steps to ensure that this does not happen again in the future. 

Thank you for your attention to this matter...",,0,,https://www.consumercomplaints.in/myntra-com-b100293/page/24#get-cl3439983
fa1b84da3ceed1fdfee4f6824811983a6059b09871cf03e2d1ec47ecc5f0fa96,consumer_complaints,IN,Sapna vaswani,,Myntra.com — Money deducted but payment failed,I ordered on myntra on 3rd june 2023 for which i paid from my wallet but my payment was deducted and order was converted to cod i called so many times customer care but they asked me to wait 72hrs .  After 72 hrs i dont get refund so i contacted myntra but they are not interested in helping they just asked me to wait again ...,,0,,https://www.consumercomplaints.in/myntra-com-b100293/page/24#get-cl3439620
8b3a3b573a84a0829df08a704d169f802a9df728978503fbb48c8f1959e434b5,consumer_complaints,IN,prerna avijit singh,,Myntra.com — Product received without tag raised return on the same day,"Taavi kurta sets from Myntra that I received on June 5 without price tag. On the same day I raised return request. Pickup agent on June 6 denied to pick up the product because the price tag was not present and asked us to contact customer support. 

when we spoke to customer support they registered a case stating wrong product delivered but the issue was "" price tag missing"", product delivered was right...",,0,,https://www.consumercomplaints.in/myntra-com-b100293/page/24#get-cl3439539
47c8b8a59d882848b813dca3c0031b9c13aa183cf0ea222cc3f131d1f72e44f1,consumer_complaints,IN,prerna avijit singh,,Myntra.com — Received product without price tag and return denied,"Agent name from myntra - sanjana and nikhilesh

My name is soni singh, i have purchased 2 salwar suit sets from myntra of brand taavi.  I have received both these products on june 5 without price tag and on the same day have raised return of both the products.  On june 6, the pickup guy has denied picking up the product because of missing price tag and asked us to get the approval from customer support...",,0,,https://www.consumercomplaints.in/myntra-com-b100293/page/24#get-cl3439507
81ac87a171d2b912b730304ac6b1dfba897e9b608e813fb33ce62f573ee9b8f9,consumer_complaints,IN,Disha199,,Myntra.com — Return Request,ordered clothes from Myntra one of them was totally different product from product I ordered I raised the complaint two delivery agents had come and they said we cannot take this as the product does not match the product shown that is the whole point of returning the product I received wrong product I raised the request twice today as I was logging in to Myntra app it asked for an OTP and now I am not able to view my orders wish list etc but I do have return ID received in email...,,0,,https://www.consumercomplaints.in/myntra-com-b100293/page/24#get-cl3439396
b5d06ec6b83738903fe309bde0a3df841b236c38a522d70a9c57ed5404eb6577,consumer_complaints,IN,Sweta Rao,,Myntra.com — Return Product - Delivery Person stole item,"I had left my 2 Myntra return products with the guard downstairs as I had to go to office.  The pickup guy took the 2 parcels and another courier that was lying there.  He did not check contents, he did not call me, he simply picked up everything he saw and left.  He must have later realised he picked up an extra product but he did not call or come to return it...",,0,,https://www.consumercomplaints.in/myntra-com-b100293/page/24#get-cl3439333
5f4d4865e6ba0710ab48fbed0d2f99d623a863c6f3a141286f4c1e8784115696,consumer_complaints,IN,],,Myntra.com — Defective product delivered TROUSERS ON 16052023,This is you inform you Order ID # 1236125 [protected] was delivered to me which was totally defective to the product whi...,,0,,https://www.consumercomplaints.in/myntra-com-b100293/page/24#get-cl3438718
858feabece0055921e8bc396f116b5179dfb7dde2c15e70482db01657d2015c5,consumer_complaints,IN,Sanjay9606,,Myntra.com — Cancellation of all orders,"I have ordered some clothes on Myntra couple of days ago, till yesterday it was showing shipped, today, it was arriving today, then suddenly today evening without any reason all of my orders were cancelled.  Please resolve this issue ASAP...",,0,,https://www.consumercomplaints.in/myntra-com-b100293/page/24#get-cl3438582
f8d93a72597b99c12439c146b6d413952ff12ed5c9fa595c547a2658ade030df,consumer_complaints,IN,[email protected],,Myntra.com — Delay in picking up the return item,"A few days ago I bought a product from Myntra and I did not like it so I applied for Return and now the message is that ""Return Approved, Pickup by Tue, 30th May.  We are sorry for the delay in picking up the item. ""
 How can I apply for Return again?
You give the same answer to this question every day of the week...",,0,,https://www.consumercomplaints.in/myntra-com-b100293/page/24#get-cl3438439
6acd5bd1dea88c86a85c43ce8d23715eda9db493b4f6cd8e31749c9919f3437b,consumer_complaints,IN,Madiha yaqeen,,Myntra.com — Problems with cash on delivery,I have been buying things from Myntra for a long time but recently my account was not showing cash on delivery is available Pin code 225001...,,0,,https://www.consumercomplaints.in/myntra-com-b100293/page/24#get-cl3438143
8ec07d729828dadce3c5701f71eda6dd7a2adccc9617c71cb9d29478a50b8f47,consumer_complaints,IN,Kpwkni,,Myntra.com — Not allowing cash on delivery for useless reasons,Myntra has become so useless and provide illogical reasons for their doings...,,0,,https://www.consumercomplaints.in/myntra-com-b100293/page/24#get-cl3438097
7b89bee50329027914ec827b26883644f15d4e2af42d9e2a70905004f8e76e9a,consumer_complaints,IN,Sharmanushka,,Myntra.com — Myntra account suspended,My complaint is not resolved yet,,0,,https://www.consumercomplaints.in/myntra-com-b100293/page/24#get-cl3437776
100bb58845c6a2351b2bb0acbd1a58b7ef34bb0422cdf7630618fa252ccc9171,consumer_complaints,IN,Sharmanushka,,Myntra.com — Myntra account suspended,"As mentioned in above subject my myntra account is suspended I ordered many products from my Myntra account.  some products have been delivered, some products are still in transit but myntra suspended my account without intimating due to which i am not able to return the products which are not fit or having lower quality and some products for which return was generated before suspension, no refund is initiated (due to suspension)...",,0,,https://www.consumercomplaints.in/myntra-com-b100293/page/24#get-cl3437332
51a07430b4d13d11e07bd694025e5cd7d9e34d8e23d2913f08f295efbf85a081,consumer_complaints,IN,Bharath7427,,"Myntra.com — By not delivering the product , Marking as delivered","Iam Bharath, I Have ordered a item in myntra .  Ekart Delivery Agent haven't contacted me or haven't delivered the item but he marked as that the item was delivered.  So kindly help me through this 
Ekart Update: Roadster Women White. +2 more with tracking ID MYNC[protected] from myntra. com, will be delivered today before 9pm (call [protected], PIN 126)...",,0,,https://www.consumercomplaints.in/myntra-com-b100293/page/24#get-cl3437130
7c77a987922e2646372c74a6cd2f47434d7825bf18dd1aa2c273def00616fea7,consumer_complaints,IN,tulika_tuli,,Myntra.com — Wrong order is received..other order has not been received but shows as delivered,very much frustated by Myntra...,,0,,https://www.consumercomplaints.in/myntra-com-b100293/page/24#get-cl3437051
5f303eff2be7e975b06e3f9fc31919ff0fab3b61f390f5fac56a8d768476511c,consumer_complaints,IN,SanghamitraChh,,Myntra.com — I am complaining about my cancelled orders,"From the past month onwards Myntra has been cancelling my orders and there has been no specific reason for that.  The products are not even sold out but within a couple of days of ordering the orders are cancelled from the company saying "" not able to deliver"". 
Now the problem is how do I use the Myntra credit amount if my orders are cancelled without my knowledge...",,0,,https://www.consumercomplaints.in/myntra-com-b100293/page/24#get-cl3436856
38b6f75b156661975ee0d43b18291824f6543e06079204d3b9a5acb9a2e95184,consumer_complaints,IN,SiddharthaBorooah,,Myntra.com — Payment refund not done. [Incident: IN[protected]],"Party Name: MYNTRA DESIGNS

Reference No: UPI[protected]...",,0,,https://www.consumercomplaints.in/myntra-com-b100293/page/24#get-cl3436792
44ebcbca23a00a0f197649a9249f72b067c3aaad225e2a65943a9c6011448146,consumer_complaints,IN,Gsethi,,Myntra.com — Unresolved Complaint: IN[protected],"Rs2946

Same day, Myntra pick up agent 1st came to pick up Item 1 for Rs559.  But instead he incorrectly picked Item 2 for Rs2946. 

But the refund I received was for Item 1 itself - Rs559.  I still have an unpicked Item 1 and pending refund for Rs2946 for Item 2 that was incorrectly picked up from me...",,0,,https://www.consumercomplaints.in/myntra-com-b100293/page/25#get-cl3436746
6cebc4a465742031839b1240e3e61a5b6becf6d0d54ed4630d5d7a859eb20986,consumer_complaints,IN,Gsethi,,Myntra.com — Unresolved Complaint ID: IN[protected],"Rs2946

Myntra pick up agent 1st came to pick up Item 1 for Rs559.  But instead he incorrectly picked Item 2 for Rs2946. 

But the refund I received was for Item 1 itself - Rs559.  I still have an unpicked Item 1 and pending refund for Rs2946 for Item 2 that was incorrectly picked up from me...",,0,,https://www.consumercomplaints.in/myntra-com-b100293/page/25#get-cl3436749
6f61dbf1aa5b2eeebddf08750d19541a5de9e979c97c157e699129f9eccbc02e,consumer_complaints,IN,[email protected],,Myntra.com — Return Product picked up and never received refund,Please do not ever buy from myntra ever again.  I faced this problem even after being myntra icon member.  Really disappointed...,,0,,https://www.consumercomplaints.in/myntra-com-b100293/page/25#get-cl3436064
4772ec59b1aca26611fc7e9226df214820aff8117055029ce450b263dc14b3c9,consumer_complaints,IN,Mitali d,,Myntra.com — I am complaining about my missing product and their negligence towards my problem,"I reached the customer care of Myntra, they asked me to wait for several days and with all my patience i did wait and finally they closed my case saying the product has been delivered, i called them back and they say they have re opened the case, they have been wasting my time and money both and troubling me for their error...",,0,,https://www.consumercomplaints.in/myntra-com-b100293/page/25#get-cl3435996
9d54be2c76565cd377ee6145d2e0ae704ab83098329269dcaf4586d395238a7e,consumer_complaints,IN,Mueez bhtt,,Myntra.com — Refund of my 750rs,"But I cancelled my myntra order.  Tracking id of the order is :- [protected]
I want 750rs back as I cancelled the order and the item in already registered as undelivered in myntra. 
Transaction id:-[protected]...",,0,,https://www.consumercomplaints.in/myntra-com-b100293/page/25#get-cl3435724
4d2d6ba71c71aa7015cbb1ce7c06a812436d64b7d79de6c48a037d9a060191b7,consumer_complaints,IN,Fintan aj,,Myntra.com — Order ID # 1235680 [protected],"experience I had with Myntra regarding an order that was not delivered despite being marked as delivered in your system.  Despite my efforts to seek resolution through your help center, I have received no valid response or resolution to my problem. 

On 11 may 2023, I placed an order with Myntra for order name Vishudh

Women Navy Blue Floral Printed Regular Pure Cotton Kurta with Palazzos

Size: XXI with an Order ID # 1235680 [protected]...",,0,,https://www.consumercomplaints.in/myntra-com-b100293/page/25#get-cl3435682
8c76c3f8f02e94deee4cfdc998e3f3532cefcd97ff5ae0569bf0b40326f57444,consumer_complaints,IN,Ritadash,,Myntra.com — One item was missing from Myntra product,"Myntra provided me only one product and refused to provide me delivery confirmation and not listing to my complaint.  

They do not have any delivery confirmation also but they are claiming that they have delivered the product. 

Myntra is such a big company but by cheating middle class people and totally unexpectable...",,0,,https://www.consumercomplaints.in/myntra-com-b100293/page/25#get-cl3435282
cbbbad42d63ff8778081c552c6ea001150dfb35511c47b5e98c9676dda4753b2,consumer_complaints,IN,Ritadash,,Myntra.com — Product is not delivered to me and they are not providing me refund,I have ordered two jeans and Myntra delivered me only one one jeans to me.  Myntra is not provding me refund for the same.  IN[protected]...,,0,,https://www.consumercomplaints.in/myntra-com-b100293/page/25#get-cl3435278
62a07408b1f073afdb98bbf1fd08698240c5200f88a46bbbd57c323ac6d904d0,consumer_complaints,IN,dsv1976,,Myntra.com — Sketcher shoes,"With reference to the above subject, we have ordered ""Skechers Women Grey Go Walk 4 Convertible Walking Shoes, Size US8 ...",,0,,https://www.consumercomplaints.in/myntra-com-b100293/page/25#get-cl3435242
14e45b005bb84ca7dd2cd1700e3f8d239149bb020e237f9d1c24c38d6c81e708,consumer_complaints,IN,gauravpawaarr,,Myntra.com — Wrong Product Delivered by Myntra Order ID #1236475 [protected],"I placed an order for a watch on Myntra on 20/5/2023.  My order was delivered on 21/05/2023, but the watch I received was different from the one I had order.  The watch I received also did not have any price tags or barcodes attached to it.  I immediately created a return request on the Myntra app and also uploaded the pictures of the item that was delivered...",,0,,https://www.consumercomplaints.in/myntra-com-b100293/page/25#get-cl3435083
9566b84899d66a16b242b945557dbf7b2501eccc2b230bc42efe6048bed266f5,consumer_complaints,IN,Vidhi Desai,,Myntra.com — Item not received in Order ID # 1235151 [protected],"I ordered 4 items in Order ID # 1235151 [protected], out of which I did not receive 1 item. I called so many times their...",,0,,https://www.consumercomplaints.in/myntra-com-b100293/page/25#get-cl3434890
f2e677cd772c7353c3d264b7c8bbbe25f032ff1c401f22aebad070bd262f3739,consumer_complaints,IN,aleena_1018,,Myntra.com — Return Approval,"should contact the Myntra and get an approval for the return so that he can scan it and return the dress.  So I really hope I can get that approval for returning the dress as soon as possible. 
It's been a week since I'm facing this issue.  I'm really tired and please solve this issue as soon as possible...",,0,,https://www.consumercomplaints.in/myntra-com-b100293/page/25#get-cl3434364
56e6eb8d57ddb7eb0b678cc86dad558e34a15b44787eb00628a4eb824ec16fa4,consumer_complaints,IN,Etc hai,,Myntra.com — Unable to provide me a solution for the issue that I'm facing,"I have ₹1000 in my myntra wallet and due to some issue I'm unable to use them.  Whenever I try to place an order using my Myntra credits, it gets cancelled within seconds and I'm facing this issue since January 2023.  
Since then, I'm in contact with their customer service team, continuously asking them to provide me a solution regarding this issue...",,0,,https://www.consumercomplaints.in/myntra-com-b100293/page/25#get-cl3433925
c5b44fac6d86c7b0555d4d12473930f15dc2e447d48c89b36cac704c865f6258,consumer_complaints,IN,user_k,,Myntra.com — Delivery showing delayed and then getting cancelled,I recently order few items from myntra.  Its tracking details shows shipped status.  And after expected delivery date passes then be it shows delayed and then gets automatically cancelled sharing no concrete reason to cancel my order.  If they are facing any issue they should properly convey to us or cancel it before making us wait till delivery date...,,0,,https://www.consumercomplaints.in/myntra-com-b100293/page/25#get-cl3433886
45f2aee29a2801337675c0827ba479bf8706bf8c70a7d14def685002b2d25dad,consumer_complaints,IN,aleena_1018,,Myntra.com — Return dress rejected,"I ordered a berrylush dress from Myntra.  Order ID # 1235776 [protected]
 I returned the dress because it didnt fit me well, it was too short for me.  When I returned, it was in perfect quality, no stains, unused and with all tags.  And the delivery boy said the product was okay.  But some hours later Myntra messaged me that the return has been rejected because of quality issues...",,0,,https://www.consumercomplaints.in/myntra-com-b100293/page/25#get-cl3433882
3b4ff1671eec3048d6e2b610803c2ffdf466e623fca6cdac8cc7194330af0941,consumer_complaints,IN,sukhwindersingh12,3,High-quality and seamless experience,"Overall, my experience with this product has been positive. It functions well for frequent usage and is of a satisfactory quality. The stuff arrived in decent shape and the delivery went quite smoothly. Additionally, I thought the procedure was simple and practical overall. The customer service response time is one area that could be improved because a prompt response would enhance the experience. Other than that, I'm pleased with the product and would think about using it once more.",3 days ago,0,,https://www.mouthshut.com/review/myntra-review-rsrpoolruop
a130f23c1d8cc8954817b1e04805410c4c9b5763fe2b458a9f655158098c0202,consumer_complaints,IN,goldysinghraj1,1,Fake Delivery Attempts and No Way to Cancel,"I recently ordered a Louis Philippe belt from Myntra, and it turned into one of the worst online shopping experiences Ive had. The delivery partner made**three fake delivery attempts**, marking them as attempted without actually trying to deliver or contacting me properly. When I decided to cancel the order due to this, Myntras system would not allow me to cancel, their customer care calls were never picked up, and my cancellation requests were simply ignored. The complete lack of support, combined with misleading delivery updates and no way to resolve the issue, has left me extremely disappointed and frustrated with the company.",6 days ago,0,,https://www.mouthshut.com/review/myntra-review-mrlrqmqquop
86b247abe576881d4a38344ab4ad70975507389fff9e64ce4042b640a9f51baf,consumer_complaints,IN,ibento099,1,Useless Customer Service,"I am extremely disappointed with Myntra's service. The pickup has been delayed without any valid reason, and there has been absolutely no communication from the customer care team. There have been no updates regarding the pickup status, leaving customers completely in the dark. This level of service is unacceptable. Delayed pickups, poor customer support, and a lack of communication reflect very poorly on the company. I expected much better from a brand like Myntra, but this has been a frustrating experience. I hope Myntra improves its customer service and ensures timely updates and pickups in the future.",17 days ago,0,,https://www.mouthshut.com/review/myntra-review-pnnqqonpuop
09dff6c5f1d0e68d7e4acabed98de50321082a1891e73a2990794b716fd1168a,consumer_complaints,IN,fahimsd7,1,Fake draud scam dont buy,"First they will send wrong product and then refuse to take it back Order ID: # 1336196 87642081279003 also there customer service is AI, which does not provide a solution. flipkart and amazon is best","Jul 23, 2026 06:05 PM",0,,https://www.mouthshut.com/review/myntra-review-tqusnlqnuop
841a5d334979af6e785732648f5caf8cb3432861b0bf986d43474b2d757a8a3f,consumer_complaints,IN,anamika29,1,"Worst Products, Poor Service!","Many people may disagree with me because I’m sharing my worst shopping experience with the renowned site Myntra. I had very high expectations for the product ordered, due to its great reputation. But, unfortunately, the product's quality was too cheap. I got shocked that how the products are of so cheap quality. Not only the product's quality, but I also faced multiple issues in the platform. I ordered a few dresses to wear to my friend’s wedding. The issue began with the delivery. Although the estimated delivery date was just 4 days later, I placed the order. But due to packaging delays, it was repeatedly delayed without any clear explanation. The tracking updates were also inconsistent, and there was very little communication regarding the status of my order. As a customer, I expected timely updates rather than having to check the app for information repeatedly. As I said earlier, the dresses I ordered were not good, so I had to return them, which was another major disappointment. While Myntra claims to offer hassle-free returns, my experience was far from simple. The return request took longer than expected to be processed, and the guy came very late to receive the products. After the products were picked up by their delivery agent, ideally, the return amount should be credited after the quality check, but this also didn’t happen. The money was not credited, so after waiting for one week, I called the customer care again, discussed the issue, wasted my time, and then the money got credited to my account. Overall, my experience with Myntra was disappointing due to delayed delivery, poor product quality, an inconvenient return process, and unhelpful customer support. While other customers may have had better experiences, mine did not meet even the basic expectations. I would not recommend Myntra to anyone looking for a reliable shopping experience because other alternative platforms provide a more reliable and customer-friendly shopping experience, making them a better choice for online purchases.","Jul 20, 2026 03:40 PM",0,,https://www.mouthshut.com/review/myntra-review-nmqmptmnuop
046c6b3f0f4b78ed791270befec8dcbe35b028f1c27d5c64d0f5e2ff121ec494,consumer_complaints,IN,kasturir93,1,"Poor Platform, Cheap Quality Products!","Myntra is one of the worst shopping platforms. I don’t know how people praise it because of my experience with this platform. I bought one bag from its luxury segment and faced some issues with the product quality as the bag was tearing from the sides within very few uses, so I complained about it, but they did nothing. I have bought the same brand bag offline earlier as well, but I didn’t face any such issue, so I guess definitely the platform is selling fake or a copy product. Overall, I don’t know the issue exactly, but I will never recommend any of you to shop from such a poor platform.","Jul 11, 2026 05:00 PM",0,,https://www.mouthshut.com/review/myntra-review-omornupmuop
cdfa5e8a6a9f9879da81543b59e0f6ffcdf03801b305540e1635d4bae4686ad7,consumer_complaints,IN,vishalwzneh,1,Pathetic service by Myntra  Dear Indians Plesase,"Pathetic service by Myntra Dear Indians Plesase Protect Yourself From Extreme Unprofessional Behaviour By Myntra Product Undelivery with Fake Reasons and No refund providing with irritating replies over Call And Email On 12th June 2026 From Myntra I had ordered Kera Fine Shampoo Total Worth 1360. Order details Ordered On 12 Jun 2026 Order ID # 1333151 33402460896303 They attempted delivery on 16th June 2026 I accept first day I mistakenly left mobile at home. Message on Order was it will be reattempted tomorrow. Next Day 17th June 2026 I missed call since it was on silent Mode. First two attempts I accepted delivery person was not able to reach me. 1. since 18th June 2026 till 25th June 2026, every day status displayed as ""We tried reach you but you were unreachable"" I ask them number, name time when the delivery person tried to call me since I did not miss any call. No details were shared. 2. I tried calling number with pin as mentioned in mail only on 18th a person attend the call and told he don't have any order for my number. 3. Since 19th everytime I call on number and pin mentioned in mail I get invalid pin. 4. Their chat us option will not permit you to write it keeps on giving options to choose. I was given fake reasons that whitefield area of bangalore is not servicable same day my neighbour got myntra delivery. 5. Next time I was told product is mishandled and damaged is it their problem or customer's. 6. On 25th I called customer support 4 times regarding product delivery, I requested kindly do not cancel the order I need it I was promised it will be delivered any how by 26th June 2026. 7. On 26th morning they canceled the order. In Myntra App it shows by 1st July amount is credited. 7. Still the refund is not received. I was asked to share statement PDF, the purchase was made via credit card. Even though statement is confidential I had shared with password and for unbilled transactions all available screen shots were shared as proof because bank doesn't give any option to download unbilled transactions as PDF. 8. Inspite of their mistake even after getting all proof, still they are replying over email give statement from 11th june 2026 to till date. Why 11th june when I bought on 12th june 2026. the credit card statement of 12th june purchase is already visible and current transaction all proofs were given still these pathetic service is irritating via call and mail but not refunding the amount. A simple google pay also takes hardly 3 mins to credit the amount. For all those who want to waste their mood, time, energy and money and get irritating replies continue with myntra. I have big circle of friends and I am informing everyone how they are treating customers. With these pathetic service & worst support myntra will soon shut down!","Jul 10, 2026 06:38 PM",0,,https://www.mouthshut.com/review/myntra-review-lllqpmtluop
c44a0a12003381c2f72e3a59f7dccee83862bbfd59baecfb907f6db74852b8f2,consumer_complaints,IN,mrunalrohad96,5,Excellent service and good products,"This platform is best for all products, especially for watches and clothing. The delivery is too good and quality also","Jul 10, 2026 05:26 PM",0,,https://www.mouthshut.com/review/myntra-review-tlppqssluop
b16f4762256c9e83a95dda2fe226a7ca73adba43bf4ad1b81b9b086363f0a0e9,consumer_complaints,IN,priyankadas9466,5,NICE APP,"Myntra is my go-to app for online fashion shopping! It offers a wide variety of clothing, footwear, and accessories from top brands at great prices. The quality of the products is excellent, deliveries are always on time, and the packaging is neat. I also love how easy it is to exchange or return items if needed. Overall, it's a reliable shopping platform with a smooth user experience. Highly recommended!","Jul 09, 2026 11:33 AM",0,,https://www.mouthshut.com/review/myntra-review-ourppmqluop
69ae6a90358821dfa2e0f2196bb9e7fe8140ea742c90a967e4a0f4acd5eb9126,consumer_complaints,IN,mohammad_nedariya,2,Disappointed by Unexpected Delivery Delay,"I have always not so great experience with Myntra delivery. Last order which I have placed has been more than a week without any clear updates. Even contacting with support doesn't provide the actual reason for the delay of package. This repeated delay has been frustrating, specially since I was expecting the package on time, Customer communication should be much better with more transparent tracking. I hope Myntra improve it's delivery process and notify the customer if there is delay in delivering the package.","Jul 09, 2026 08:43 AM",0,,https://www.mouthshut.com/review/myntra-review-mtrumupluop
0290063170a60ef30d80c19741988fa46e11c7d7c8caff34b6a52f4dbb70d5d9,consumer_complaints,IN,nadeemfarooq1000,1,One more delay by Chattarpur Myntra Hub,"This isn't for the first time this has become a norm that if your parcel gies to chattarpurhub it will get delivered delayed by days or even weeks or eventually cancelled, myntra knows this well but never takes any action against these defaulters.","Jul 05, 2026 07:56 PM",0,,https://www.mouthshut.com/review/myntra-review-mnprrolluop
46a685108095d3e22ffdccc0d04dbcd7e073eb2eee166c27e39cd241f786da06,consumer_complaints,IN,margaretgangmei01,1,Myntra is fraud,Myntra logistics team marked my two orders as delivered without delivering the product. Customer service won't help me. The kept repeating that it was delivered but won't share the proof of delivery. I have cctv footage that clearly shows that no delivery person entering my building at the mentioned delivery time and date but they simply claimed that it was delivered. When I ask how did they deliver without entering the building they don't have an answer but repeating like a parrot that it was delivered!!!! This is simply a fraud and their email itself is listed wrongly.,"Jun 26, 2026 12:02 AM",0,,https://www.mouthshut.com/review/myntra-review-mustuqrttop
a22f50384ba04df4fcc6349cbefe3a4fbaed8291ca2c3941bfabcc1aa3e0cae0,consumer_complaints,IN,altafshaikh2409,4,Takes so much time for delivery,Whenever I tried to order in bulk I don't get order on the some day I know due to choosing different brands cannot get delivery at one time but please do something that we can get order at once,"Jun 25, 2026 10:21 PM",0,,https://www.mouthshut.com/review/myntra-review-ptntpprttop
0699f3df60168dd5652c924339be95ce8d6a7bf7ee3d45a3bf3eca1dc0b555e0,consumer_complaints,IN,aravindsamurai,1,Fake updates and lies,Myntras delivery date mean nothing. Products never get shipped and chatbots dont solve your problems. After multiple escalations called up customer service who cancelled my order without attempting to send it. Another order got stuck with fake updates of delivery attempt failure. Dont buy in Myntra if you want assured delivery timelines,"Jun 25, 2026 10:22 AM",0,,https://www.mouthshut.com/review/myntra-review-nlmsqlqttop
acced762f7e40f852aa08fa85deaa3b6dc8af5217d566c298a23738dea2a66c0,consumer_complaints,IN,aarti_patil,1,"Poor Product Quality, Difficult Return!","Myntra is a well-known online fashion platform, but my experience was somewhat disappointing. Although the platform is excellent, it offers products from multiple good brands. But due to the issue, I faced poor product quality and returns. Im cautious about trusting the site for future purchases. Product Quality I ordered three dresses from it with very high expectations, but unfortunately, the dress quality doesnt match my expectations. The fabric felt cheaper than described, and the stitching was also rough. Considering the price and brand name, I expected much better product quality. I have found that the product's quality is shown on the site. Exchange/ Return Experience The exchange and return are also not as smooth as advertised. Since the dress quality was not good, I decided to return it. I raised a return request, which was not accepted. When I called customer support, they initially refused the request, but after I explained it properly, they accepted and processed the return. But it was very frustrating. Final Verdict Overall, my experience with Myntra was not satisfactory. I faced multiple issues with the platform. Not only the product quality but the platform service was also extremely poor. While the platform offers a large range of products across various categories, the service and quality was really inconsistent. I would not recommend anyone to Myntra, rather than suggest you other excellent platforms available in the market.","Jun 24, 2026 10:14 AM",0,,https://www.mouthshut.com/review/myntra-review-mpltupottop
b7aa9e11bbee496c10cda9c10ecf471a65328ee1aba4ce450b347a33b51e9904,consumer_complaints,IN,Ridhisingh584,2,Focus on value for money,"I feel cheated by the pricing of the dresses, the material is basic and doesn't justify the premium costs","Jun 23, 2026 04:04 PM",0,,https://www.mouthshut.com/review/myntra-review-rlnrutnttop
8ecbe6b7badb4edd79b706cf8af1e47e69b911b973a7e1804ca3b6da77346438,consumer_complaints,IN,iqraqureshi,4,Good to use myntra app,Good experience with myntra as quality of product were always good and delivery also were on time happy with service,"Jun 21, 2026 11:57 AM",0,,https://www.mouthshut.com/review/myntra-review-rolorolttop
e1297ee7d65841c641fcb89d88903d9ac37485ca88b21d5cdf90b94c76804dea,consumer_complaints,IN,roshnisheikh7865,1,Wrong product received,Wrong product received n refused to exchange n not even refunded i requested to exchange they cancelled my request,"May 27, 2026 10:04 AM",0,,https://www.mouthshut.com/review/myntra-review-potsnrmptop
26c9f1ae6eb8aae3227d2e7691dafeda823866b5da860a39e3e51f2342750aa9,consumer_complaints,IN,SudeshRawat111,1,Myntra chattarpur hub is the worst,Worst delivery service provided by Myntra chattarpur hub. No responsibility taken by their employees. Never delivere productsnon time.,"May 21, 2026 02:45 PM",0,,https://www.mouthshut.com/review/myntra-review-puoulslotop
b1703b6200e984eb2825475e795cd2f545a850e68af1801c47ee899fe2a88927,consumer_complaints,IN,amyzac6,1,I lost 3000 INR. Fraud!,I had an account with some balance that I did not use for over a year. According to their TnC it should not expire. They locked me out & I couldnt login. They also closed the account completely. I lost 3000 INR. Fraud!,"May 15, 2026 02:12 PM",0,,https://www.mouthshut.com/review/myntra-review-qrsqrmumtop