id,source,country,author,rating,title,review,date,likes,version,url
4b996697-119b-4db5-a203-55f7a997b437,play_store,IN,Shivani Sonker,5,,good 👍 myntra,2026-08-22T16:09:56.412Z,0,4.2608.20,https://play.google.com/store/apps/details?id=com.myntra.android&reviewId=4b996697-119b-4db5-a203-55f7a997b437
4e9d49cf-3e51-4104-a0bd-ff4f5e864dd8,play_store,IN,Kavya Ari,5,,very good,2026-08-22T16:07:34.730Z,0,4.2608.20,https://play.google.com/store/apps/details?id=com.myntra.android&reviewId=4e9d49cf-3e51-4104-a0bd-ff4f5e864dd8
52f8dd22-6b21-42f8-bba1-6e5aca3533ac,play_store,IN,Ramkumer Raju,5,,Nice,2026-08-22T16:06:26.967Z,0,4.2608.20,https://play.google.com/store/apps/details?id=com.myntra.android&reviewId=52f8dd22-6b21-42f8-bba1-6e5aca3533ac
2bb1e9ec-67b2-4507-a7e5-d19805fa8c87,play_store,IN,Kiran Chand,5,,🔥,2026-08-22T16:04:31.504Z,0,4.2607.43,https://play.google.com/store/apps/details?id=com.myntra.android&reviewId=2bb1e9ec-67b2-4507-a7e5-d19805fa8c87
ec8c95e3-bece-4d7f-b43a-e25f7af6abf2,play_store,IN,Vishal Kushwaha,1,,very High platform Fee not refunded,2026-08-22T16:04:25.196Z,0,,https://play.google.com/store/apps/details?id=com.myntra.android&reviewId=ec8c95e3-bece-4d7f-b43a-e25f7af6abf2
b4c0571d-3adc-4fa9-80b4-41477039cb83,play_store,IN,Mohammad Rameez Wani,5,,Delivers exactly as is shown in the pictures,2026-08-22T15:59:53.252Z,0,,https://play.google.com/store/apps/details?id=com.myntra.android&reviewId=b4c0571d-3adc-4fa9-80b4-41477039cb83
b76b1e8e-39fd-4a99-aa30-38149b6f8412,play_store,IN,Tameem Iqbal,5,,nice app,2026-08-22T15:57:29.840Z,0,4.2608.20,https://play.google.com/store/apps/details?id=com.myntra.android&reviewId=b76b1e8e-39fd-4a99-aa30-38149b6f8412
21d055ac-e73a-49ca-a81e-cfb11f212d52,play_store,IN,vishwajeet solanki,5,,Great Discount and wide rage of product.,2026-08-22T15:57:18.260Z,0,4.2608.20,https://play.google.com/store/apps/details?id=com.myntra.android&reviewId=21d055ac-e73a-49ca-a81e-cfb11f212d52
b750a1f8-7c57-4a55-ad3c-7d5f88875ce1,play_store,IN,Shubham malik,5,,genuine quality genuine products,2026-08-22T15:57:14.520Z,0,4.2607.43,https://play.google.com/store/apps/details?id=com.myntra.android&reviewId=b750a1f8-7c57-4a55-ad3c-7d5f88875ce1
2852d4cc-511a-4b42-973b-ac4b4ae2cfed,play_store,IN,Pidichutti madhu,5,,best quality and best Shopping App Myntra,2026-08-22T15:52:38.610Z,0,4.2607.43,https://play.google.com/store/apps/details?id=com.myntra.android&reviewId=2852d4cc-511a-4b42-973b-ac4b4ae2cfed
d6b0de9a-273f-4db4-8560-9d8fcf85ef89,play_store,IN,Dileep kumar Singh,5,,good,2026-08-22T15:47:38.153Z,0,4.2608.20,https://play.google.com/store/apps/details?id=com.myntra.android&reviewId=d6b0de9a-273f-4db4-8560-9d8fcf85ef89
1e3f743e-8a51-43f9-a36d-dfe41727f8bf,play_store,IN,Madhuri Nemani,5,,Good quality,2026-08-22T15:47:03.210Z,0,,https://play.google.com/store/apps/details?id=com.myntra.android&reviewId=1e3f743e-8a51-43f9-a36d-dfe41727f8bf
66b3344b-83db-4171-ab22-546d4641c57d,play_store,IN,Vaishnavi Giri,1,,"we have to continuously report a single issue multiple times but still they do not care about your concern. without resolving the issue they just show that the issue has been resolved. the products were missing. and also when you get refund for a return item the money is shown that it has been transferred but actually it has not been transferred. the customer care service is too slow, and very rigid.",2026-08-22T15:46:00.842Z,0,4.2608.20,https://play.google.com/store/apps/details?id=com.myntra.android&reviewId=66b3344b-83db-4171-ab22-546d4641c57d
5b32c917-d6c5-46fa-850f-973540777b24,play_store,IN,bharti sharma,1,,one of the worst app I have ever experienced I ordered from there of 1100 words which was not of good quality return the product later on I got the message that I cancelled the request to return the product I don't even get the product and not even my refund show customers be aware about Myntra adjust cause fraud scams whatever you can call it,2026-08-22T15:44:38.368Z,0,4.2608.20,https://play.google.com/store/apps/details?id=com.myntra.android&reviewId=5b32c917-d6c5-46fa-850f-973540777b24
0792a1d1-47cd-417d-8a08-b8e27b2e86aa,play_store,IN,gowthami Vignesh,5,,very good discount,2026-08-22T15:40:35.625Z,0,4.2608.20,https://play.google.com/store/apps/details?id=com.myntra.android&reviewId=0792a1d1-47cd-417d-8a08-b8e27b2e86aa
5960d17d-f75d-4c30-ba66-67d2532e1fe6,play_store,IN,Shilpi Verma,5,,super,2026-08-22T15:39:19.320Z,0,4.2606.31,https://play.google.com/store/apps/details?id=com.myntra.android&reviewId=5960d17d-f75d-4c30-ba66-67d2532e1fe6
59534dc1-d76f-46b9-9983-5f289a0030a7,play_store,IN,prasad mahadik,5,,best experience on this app,2026-08-22T15:38:17.282Z,0,,https://play.google.com/store/apps/details?id=com.myntra.android&reviewId=59534dc1-d76f-46b9-9983-5f289a0030a7
b60801f5-e86b-4d8d-b792-2515e9865a45,play_store,IN,BOBY KUMARI,5,,it's good,2026-08-22T15:36:19.635Z,0,,https://play.google.com/store/apps/details?id=com.myntra.android&reviewId=b60801f5-e86b-4d8d-b792-2515e9865a45
3aca25a3-e480-43ae-bf40-02050b730158,play_store,IN,Preet Katara,5,,nice,2026-08-22T15:33:51.807Z,0,4.2607.43,https://play.google.com/store/apps/details?id=com.myntra.android&reviewId=3aca25a3-e480-43ae-bf40-02050b730158
f70724ee-cb39-49df-b590-303a8c93715d,play_store,IN,Anamika Verma,5,,awesome 🌸,2026-08-22T15:33:39.855Z,0,4.2606.31,https://play.google.com/store/apps/details?id=com.myntra.android&reviewId=f70724ee-cb39-49df-b590-303a8c93715d
d7b8cebc-49ba-4244-a4cd-ff1816a4005a,play_store,IN,Navdeep Kaur,5,,this app is so good! like I've been using this app for a long time. never got scammed or anything...,2026-08-22T15:32:08.637Z,0,4.2608.20,https://play.google.com/store/apps/details?id=com.myntra.android&reviewId=d7b8cebc-49ba-4244-a4cd-ff1816a4005a
a1855e4f-69e4-4ce2-be02-eb77041215d9,play_store,IN,Shivpujan Kushwaha,5,,Product quality is good at a low range price 🙌,2026-08-22T15:30:57.420Z,0,,https://play.google.com/store/apps/details?id=com.myntra.android&reviewId=a1855e4f-69e4-4ce2-be02-eb77041215d9
9d753ef4-519e-45f1-8f4d-3de5f6f91198,play_store,IN,Priya,4,,love this but platform fee 23 is a bit high.. please reduce it,2026-08-22T15:26:20.368Z,0,,https://play.google.com/store/apps/details?id=com.myntra.android&reviewId=9d753ef4-519e-45f1-8f4d-3de5f6f91198
0df2b7cc-5778-46ac-b378-8304df7b3bc5,play_store,IN,Pratibha Pathak,4,,nice app,2026-08-22T15:20:19.800Z,0,4.2608.20,https://play.google.com/store/apps/details?id=com.myntra.android&reviewId=0df2b7cc-5778-46ac-b378-8304df7b3bc5
9f5692f9-d84f-4996-9ac8-c9b566e79472,play_store,IN,Chinmaya Roul,1,,very bad experience... they don't exchange a hrx product,2026-08-22T15:12:26.741Z,0,4.2202.2,https://play.google.com/store/apps/details?id=com.myntra.android&reviewId=9f5692f9-d84f-4996-9ac8-c9b566e79472
88e2a23a-49a7-4147-bb7c-3a505cfe2732,play_store,IN,kishor kumar,5,,nice,2026-08-22T15:11:02.477Z,0,4.2502.11,https://play.google.com/store/apps/details?id=com.myntra.android&reviewId=88e2a23a-49a7-4147-bb7c-3a505cfe2732
50e495ce-ede9-47fb-af20-ef399d7efc85,play_store,IN,Nitesh kumar patel,5,,Best shopping platform 👍.I love it.,2026-08-22T15:10:46.404Z,0,4.2608.20,https://play.google.com/store/apps/details?id=com.myntra.android&reviewId=50e495ce-ede9-47fb-af20-ef399d7efc85
fd0d2927-6abe-4fe2-8a45-5742147e2934,play_store,IN,Marcob,5,,Best,2026-08-22T15:08:29.190Z,0,4.2608.20,https://play.google.com/store/apps/details?id=com.myntra.android&reviewId=fd0d2927-6abe-4fe2-8a45-5742147e2934
05ca6e1b-9150-4911-b296-4aba31e1d51b,play_store,IN,Nikesh Padrath,5,,♥️,2026-08-22T15:07:33.657Z,0,4.2608.20,https://play.google.com/store/apps/details?id=com.myntra.android&reviewId=05ca6e1b-9150-4911-b296-4aba31e1d51b
83b39656-4c22-422e-8aee-0749213e1b49,play_store,IN,Tamanna Begum,4,,shoping was extremely good and smooth and easy also 🙌,2026-08-22T15:07:07.352Z,0,4.2607.32,https://play.google.com/store/apps/details?id=com.myntra.android&reviewId=83b39656-4c22-422e-8aee-0749213e1b49
46da2191-fbfb-4f49-bda3-00fc308550d8,play_store,IN,Styling Hubb,5,,"i have been using Myntra for last 5 years, I am so happy and completely satisfied with the services",2026-08-22T15:06:08.280Z,0,4.2608.20,https://play.google.com/store/apps/details?id=com.myntra.android&reviewId=46da2191-fbfb-4f49-bda3-00fc308550d8
abe3a69b-7665-4cec-ac76-15c241e94658,play_store,IN,Ashutosh Tiwari,5,,best shopping apps for clothes,2026-08-22T15:03:36.565Z,0,4.2603.20,https://play.google.com/store/apps/details?id=com.myntra.android&reviewId=abe3a69b-7665-4cec-ac76-15c241e94658
52a3a60b-e83a-4fd8-8009-53ef873456cf,play_store,IN,VIJAY P,1,,not deliver to my item for the date,2026-08-22T15:02:13.932Z,0,4.2608.20,https://play.google.com/store/apps/details?id=com.myntra.android&reviewId=52a3a60b-e83a-4fd8-8009-53ef873456cf
2126a033-e359-421b-a793-98412ec866c9,play_store,IN,Dev Oberoi,5,,nice,2026-08-22T14:58:33.801Z,0,4.2608.20,https://play.google.com/store/apps/details?id=com.myntra.android&reviewId=2126a033-e359-421b-a793-98412ec866c9
8574c5c7-43e7-429a-b89a-f2be7fca3b89,play_store,IN,ricky prashanth,5,,nice,2026-08-22T14:58:24.925Z,0,4.2608.20,https://play.google.com/store/apps/details?id=com.myntra.android&reviewId=8574c5c7-43e7-429a-b89a-f2be7fca3b89
4de559ff-720b-4b10-bea0-00048d4ed881,play_store,IN,Praveen Sriwastava,4,,"Good App, easy interface.",2026-08-22T14:56:56.587Z,0,4.2608.20,https://play.google.com/store/apps/details?id=com.myntra.android&reviewId=4de559ff-720b-4b10-bea0-00048d4ed881
7ad0ad7b-c545-430e-9d27-3c5f1eb32e8f,play_store,IN,Umair Khan,5,,good quality stuff,2026-08-22T14:56:50.651Z,0,4.2608.20,https://play.google.com/store/apps/details?id=com.myntra.android&reviewId=7ad0ad7b-c545-430e-9d27-3c5f1eb32e8f
349c07df-96c5-42d4-a616-8c8068c2a27d,play_store,IN,shyam bahadur,5,,shopping choice no1 myntra ❣️,2026-08-22T14:56:16.231Z,0,4.2512.21,https://play.google.com/store/apps/details?id=com.myntra.android&reviewId=349c07df-96c5-42d4-a616-8c8068c2a27d
85fc1d08-a19d-4d2a-83ad-7451c03c8ad2,play_store,IN,Sehajpal Singh,3,,good aap for shopping,2026-08-22T14:52:44.330Z,0,4.2608.20,https://play.google.com/store/apps/details?id=com.myntra.android&reviewId=85fc1d08-a19d-4d2a-83ad-7451c03c8ad2
1edda840-5ca0-41ac-aa18-a02271289025,play_store,IN,Samar Sharma,1,,after taken by flipkart app experience and service is pathetic.,2026-08-22T14:51:19.655Z,4,4.2606.31,https://play.google.com/store/apps/details?id=com.myntra.android&reviewId=1edda840-5ca0-41ac-aa18-a02271289025
c874f674-db33-4b2c-8592-21505bee621a,play_store,IN,Mayur Gujar,5,,good,2026-08-22T14:48:29.840Z,0,4.2608.20,https://play.google.com/store/apps/details?id=com.myntra.android&reviewId=c874f674-db33-4b2c-8592-21505bee621a
e79fc6cb-d8c3-4050-a137-1b1e25a02143,play_store,IN,Aashish Dubey,5,,nice,2026-08-22T14:47:59.828Z,0,4.2606.31,https://play.google.com/store/apps/details?id=com.myntra.android&reviewId=e79fc6cb-d8c3-4050-a137-1b1e25a02143
dcf8f967-0c94-4b90-a47d-d17fdc7e97d8,play_store,IN,Aanchal Kasera,3,,app is good as well as user friendly and all the aspects are great except that they have made it very basic n generic ... doesn't feel good to scroll on it .. makers should enhance its quality and make it more chic and elegant it's giving very cheap vibes,2026-08-22T14:47:49.850Z,0,4.2607.43,https://play.google.com/store/apps/details?id=com.myntra.android&reviewId=dcf8f967-0c94-4b90-a47d-d17fdc7e97d8
ca92f7cd-1f7e-4237-a873-35a4b986cef9,play_store,IN,Bhuwnesh singh,5,,very nice app,2026-08-22T14:44:06.698Z,0,4.2608.20,https://play.google.com/store/apps/details?id=com.myntra.android&reviewId=ca92f7cd-1f7e-4237-a873-35a4b986cef9
9c43169b-f0f9-410b-bce1-1df53847079b,play_store,IN,Sai Sandeep C,5,,amazing experience,2026-08-22T14:40:38.188Z,0,4.2608.20,https://play.google.com/store/apps/details?id=com.myntra.android&reviewId=9c43169b-f0f9-410b-bce1-1df53847079b
3383a979-0fcd-4bb1-9c35-c5aa439d7f6e,play_store,IN,rekha arya,4,,good,2026-08-22T14:39:25.514Z,0,4.2608.20,https://play.google.com/store/apps/details?id=com.myntra.android&reviewId=3383a979-0fcd-4bb1-9c35-c5aa439d7f6e
86168572-3767-4623-8f2f-3e4c12bad094,play_store,IN,deepak rebal,4,,Good service 👍👍,2026-08-22T14:38:30.409Z,0,4.2608.20,https://play.google.com/store/apps/details?id=com.myntra.android&reviewId=86168572-3767-4623-8f2f-3e4c12bad094
6c2ae4c0-07b8-4751-9aa4-39fc9a461ee7,play_store,IN,Aashu Dahiya,5,,best shopping app,2026-08-22T14:38:18.715Z,0,4.2608.20,https://play.google.com/store/apps/details?id=com.myntra.android&reviewId=6c2ae4c0-07b8-4751-9aa4-39fc9a461ee7
797f8640-f775-4e94-96e5-c6bd3b3bb5af,play_store,IN,Babita Kumari,5,,very nice,2026-08-22T14:35:28.960Z,0,4.2608.20,https://play.google.com/store/apps/details?id=com.myntra.android&reviewId=797f8640-f775-4e94-96e5-c6bd3b3bb5af
8c4afd28-cfa8-4ea7-bd64-35fdbf6b98bd,play_store,IN,Gautam Diwan,5,,Every thing is fine.,2026-08-22T14:34:35.395Z,0,4.2608.20,https://play.google.com/store/apps/details?id=com.myntra.android&reviewId=8c4afd28-cfa8-4ea7-bd64-35fdbf6b98bd
69fb4a44-1b6c-4c2d-8002-bb9a455fa9a4,play_store,IN,Prachi Sharma,5,,very good app deliver very good products,2026-08-22T14:32:36.769Z,0,,https://play.google.com/store/apps/details?id=com.myntra.android&reviewId=69fb4a44-1b6c-4c2d-8002-bb9a455fa9a4
45941265-0c30-4b7b-8cae-de48ed8c88be,play_store,IN,Vivek 30,1,,I recently ordered one water bottle from myntra bit it didn't show i tried to cancel it. Now it's been a week and I still hasn't received any messages or my money back.,2026-08-22T14:32:22.819Z,0,4.2606.31,https://play.google.com/store/apps/details?id=com.myntra.android&reviewId=45941265-0c30-4b7b-8cae-de48ed8c88be
0faf704d-47ab-40a7-b84c-ad8f986f347b,play_store,IN,Ayush Sharma,5,,thus platform is very much better than other ones I have oder many times from myntra and I geinuely love with this love u soo much myntra ♥️🌷,2026-08-22T14:29:11.184Z,0,4.2608.20,https://play.google.com/store/apps/details?id=com.myntra.android&reviewId=0faf704d-47ab-40a7-b84c-ad8f986f347b
bfea143f-9b56-425b-9602-6955392371dd,play_store,IN,Rakhi Singh,1,,worst service ever..,2026-08-22T14:22:26.476Z,0,4.2608.20,https://play.google.com/store/apps/details?id=com.myntra.android&reviewId=bfea143f-9b56-425b-9602-6955392371dd
ee899b09-f3e4-4a74-8603-9b5b70e423cc,play_store,IN,Jiya Ranjan,5,,it's preety good,2026-08-22T14:19:44.153Z,0,4.2606.31,https://play.google.com/store/apps/details?id=com.myntra.android&reviewId=ee899b09-f3e4-4a74-8603-9b5b70e423cc
23b0bd39-b0bc-4ede-ae4f-ef30ed01939d,play_store,IN,Crazy Khan,5,,noice,2026-08-22T14:16:15.847Z,0,4.2608.20,https://play.google.com/store/apps/details?id=com.myntra.android&reviewId=23b0bd39-b0bc-4ede-ae4f-ef30ed01939d
09d75535-9986-4384-b946-a9d093d0f730,play_store,IN,Priyanka Chaudhary,5,,very nice products and services,2026-08-22T14:15:49.610Z,0,4.2608.20,https://play.google.com/store/apps/details?id=com.myntra.android&reviewId=09d75535-9986-4384-b946-a9d093d0f730
ffe79fd7-7db4-430d-b124-8ca0092dd790,play_store,IN,Arjun Arjun,5,,nice,2026-08-22T14:15:46.290Z,0,4.2608.20,https://play.google.com/store/apps/details?id=com.myntra.android&reviewId=ffe79fd7-7db4-430d-b124-8ca0092dd790
5f584e8a-5a17-4c6d-a171-b73fa7e8c41e,play_store,IN,Amit Kumar,5,,all product best rahta hai,2026-08-22T14:10:34.457Z,0,4.2608.20,https://play.google.com/store/apps/details?id=com.myntra.android&reviewId=5f584e8a-5a17-4c6d-a171-b73fa7e8c41e
26a74278-1415-41bf-9c7e-04f6736a545a,play_store,IN,Satender Dhariwal,5,,good app,2026-08-22T14:06:34.477Z,0,4.2608.20,https://play.google.com/store/apps/details?id=com.myntra.android&reviewId=26a74278-1415-41bf-9c7e-04f6736a545a
4bfa7e3b-8993-4993-a87e-f930383664cd,play_store,IN,SK CrickData,5,,always trusted platform,2026-08-22T14:04:59.900Z,0,,https://play.google.com/store/apps/details?id=com.myntra.android&reviewId=4bfa7e3b-8993-4993-a87e-f930383664cd
bcee66b5-72e6-411e-8dc0-36dd5f060107,play_store,IN,Shailesh Borana,5,,best app,2026-08-22T14:04:23.280Z,0,4.2607.11,https://play.google.com/store/apps/details?id=com.myntra.android&reviewId=bcee66b5-72e6-411e-8dc0-36dd5f060107
26c82a47-75bd-43a6-8c77-a79e4185fda9,play_store,IN,Vikram Singh,5,,best service 😃 And product is as same as shown in image 😃,2026-08-22T14:04:19.695Z,0,4.2604.20,https://play.google.com/store/apps/details?id=com.myntra.android&reviewId=26c82a47-75bd-43a6-8c77-a79e4185fda9
c167860b-e821-4107-b75e-713aecbed044,play_store,IN,Nusrat Ali,5,,good,2026-08-22T14:03:59.187Z,0,4.2605.21,https://play.google.com/store/apps/details?id=com.myntra.android&reviewId=c167860b-e821-4107-b75e-713aecbed044
fba7c452-0902-4f20-b86f-6307a49fdc87,play_store,IN,Anita Devi,5,,The best app ever 🫶🏻❤️‍🩹,2026-08-22T14:02:56.220Z,0,4.2608.20,https://play.google.com/store/apps/details?id=com.myntra.android&reviewId=fba7c452-0902-4f20-b86f-6307a49fdc87
65cb44c3-e0c7-4efd-a408-c5789572a4e2,play_store,IN,Pragya Mishra,5,,Mind blowing ❤️,2026-08-22T14:00:25.892Z,0,4.2607.11,https://play.google.com/store/apps/details?id=com.myntra.android&reviewId=65cb44c3-e0c7-4efd-a408-c5789572a4e2
e2b89862-d9b8-4f0e-a81e-b02b3ed011ea,play_store,IN,Agastian R,5,,nice,2026-08-22T14:00:09.885Z,0,4.2608.20,https://play.google.com/store/apps/details?id=com.myntra.android&reviewId=e2b89862-d9b8-4f0e-a81e-b02b3ed011ea
559d20fa-bc5e-4819-8530-449e88f9fa1e,play_store,IN,Tabasum Arif,5,,wonderful,2026-08-22T13:52:13.533Z,0,4.2608.20,https://play.google.com/store/apps/details?id=com.myntra.android&reviewId=559d20fa-bc5e-4819-8530-449e88f9fa1e
9cfe998b-f8ca-44d8-bb81-c5273d98c594,play_store,IN,Abhimanyu Yadav,5,,good product I love it,2026-08-22T13:52:09.766Z,0,4.2607.20,https://play.google.com/store/apps/details?id=com.myntra.android&reviewId=9cfe998b-f8ca-44d8-bb81-c5273d98c594
ee99380f-c8cd-4599-b5ec-f109bd1d7604,play_store,IN,Swati Jaiswal,5,,nice,2026-08-22T13:51:25.724Z,0,4.2608.20,https://play.google.com/store/apps/details?id=com.myntra.android&reviewId=ee99380f-c8cd-4599-b5ec-f109bd1d7604
2508d249-352f-4f5b-926a-9710f5afd77e,play_store,IN,Nasir Shaikh,5,,good,2026-08-22T13:50:18.229Z,0,4.2608.20,https://play.google.com/store/apps/details?id=com.myntra.android&reviewId=2508d249-352f-4f5b-926a-9710f5afd77e
c8eeedf6-4993-4e14-9e3e-005293f8da49,play_store,IN,Sarfaraz Ahmad,5,,good,2026-08-22T13:49:56.312Z,0,4.2608.20,https://play.google.com/store/apps/details?id=com.myntra.android&reviewId=c8eeedf6-4993-4e14-9e3e-005293f8da49
f41d065b-08be-401d-b396-acd3fa79c6be,play_store,IN,Akk,4,,awesome,2026-08-22T13:49:49.352Z,0,4.2608.20,https://play.google.com/store/apps/details?id=com.myntra.android&reviewId=f41d065b-08be-401d-b396-acd3fa79c6be
2bac4ac9-a6b9-43e6-9dbd-b9c9b3e97ebd,play_store,IN,Sonali K,5,,Myntra is Tag good quality Cloth we ordered 90% good quality Cloth.,2026-08-22T13:49:36.864Z,0,,https://play.google.com/store/apps/details?id=com.myntra.android&reviewId=2bac4ac9-a6b9-43e6-9dbd-b9c9b3e97ebd
dba2c708-fee9-45b1-afc7-ddee075c1916,play_store,IN,Shasna Murad,5,,good,2026-08-22T13:48:47.146Z,0,,https://play.google.com/store/apps/details?id=com.myntra.android&reviewId=dba2c708-fee9-45b1-afc7-ddee075c1916
3e0b04f8-1ed7-4545-94bd-0b8b56f9fbc1,play_store,IN,OM DILIP GOHANE,4,,Awesome👍🏻,2026-08-22T13:48:39.432Z,0,4.2607.43,https://play.google.com/store/apps/details?id=com.myntra.android&reviewId=3e0b04f8-1ed7-4545-94bd-0b8b56f9fbc1
d49ad94d-92e1-4c00-a11b-1f174a86775b,play_store,IN,Anil Kumar,5,,very good service,2026-08-22T13:47:20.125Z,0,4.2608.20,https://play.google.com/store/apps/details?id=com.myntra.android&reviewId=d49ad94d-92e1-4c00-a11b-1f174a86775b
ebd78e08-d56c-4e4a-8199-d7a10ce95f0e,play_store,IN,Mustfa,5,,best service,2026-08-22T13:41:57.193Z,0,,https://play.google.com/store/apps/details?id=com.myntra.android&reviewId=ebd78e08-d56c-4e4a-8199-d7a10ce95f0e
ca283773-27aa-436c-ad89-28df7a46d266,play_store,IN,Govind Bhardwaj,5,,best,2026-08-22T13:37:03.900Z,0,4.2608.20,https://play.google.com/store/apps/details?id=com.myntra.android&reviewId=ca283773-27aa-436c-ad89-28df7a46d266
2129d541-30fd-467c-91c2-d8d5425fb17a,play_store,IN,YOGA SRI,5,,super,2026-08-22T13:36:23.233Z,0,4.2608.20,https://play.google.com/store/apps/details?id=com.myntra.android&reviewId=2129d541-30fd-467c-91c2-d8d5425fb17a
63fccc7c-d92a-4331-b686-0faa38f43111,play_store,IN,Rina Ghosh,5,,very good,2026-08-22T13:35:12.890Z,0,4.2608.20,https://play.google.com/store/apps/details?id=com.myntra.android&reviewId=63fccc7c-d92a-4331-b686-0faa38f43111
7315f2eb-b637-47c0-8617-3a13814b16f9,play_store,IN,Vishnu Vishwakarma,5,,very good 💯,2026-08-22T13:30:57.358Z,0,4.2608.20,https://play.google.com/store/apps/details?id=com.myntra.android&reviewId=7315f2eb-b637-47c0-8617-3a13814b16f9
50f75300-270f-4ca5-962a-68b197ec964b,play_store,IN,Neema Yokma,5,,nice,2026-08-22T13:29:07.907Z,0,4.2608.20,https://play.google.com/store/apps/details?id=com.myntra.android&reviewId=50f75300-270f-4ca5-962a-68b197ec964b
f416cfdc-56d6-49e3-b49a-3fe7fec06b98,play_store,IN,riya r s,5,,every product have excellent.. superb quality...thanks myntra,2026-08-22T13:24:33.901Z,0,,https://play.google.com/store/apps/details?id=com.myntra.android&reviewId=f416cfdc-56d6-49e3-b49a-3fe7fec06b98
65235b82-5af0-49a6-8121-a91abe95de44,play_store,IN,Deepak Singh,5,,awesome Product Awesome Service,2026-08-22T13:23:59.763Z,0,,https://play.google.com/store/apps/details?id=com.myntra.android&reviewId=65235b82-5af0-49a6-8121-a91abe95de44
916758d4-78cb-4cff-b368-07bd4959ad10,play_store,IN,Vandana,5,,very good is my experience with this app nice 👍so good shopping app,2026-08-22T13:23:22.912Z,0,4.2608.20,https://play.google.com/store/apps/details?id=com.myntra.android&reviewId=916758d4-78cb-4cff-b368-07bd4959ad10
1664dd29-7046-434f-b089-ed74c9ebdadc,play_store,IN,yash bhujbal,5,,"The best thing I felt so far is the delivery service is smooth. altho a certain feature feels annoying cuz I am office working guy, I can't be available at my home in case of COD. maybe if we get a feature in future",2026-08-22T13:20:41.530Z,0,4.2608.20,https://play.google.com/store/apps/details?id=com.myntra.android&reviewId=1664dd29-7046-434f-b089-ed74c9ebdadc
33b051e3-2da7-41c2-97b9-b4986127ba52,play_store,IN,Aashi Khatri,5,,Nice experience,2026-08-22T13:17:53.314Z,0,4.2608.20,https://play.google.com/store/apps/details?id=com.myntra.android&reviewId=33b051e3-2da7-41c2-97b9-b4986127ba52
3baf5b63-208e-458a-8a03-c5f6adfe4da7,play_store,IN,Reeta Taroliya,5,,nice experience with myntra platform,2026-08-22T13:16:15.135Z,0,4.2608.20,https://play.google.com/store/apps/details?id=com.myntra.android&reviewId=3baf5b63-208e-458a-8a03-c5f6adfe4da7
88382b29-f8a2-4b0a-a091-58af9259c935,play_store,IN,SANDEEP YADAV,5,,this app is very good for original product quality of product is genuine,2026-08-22T13:10:10.867Z,0,4.2607.43,https://play.google.com/store/apps/details?id=com.myntra.android&reviewId=88382b29-f8a2-4b0a-a091-58af9259c935
aaea95ed-0dc4-408a-8dc9-65a9369015cc,play_store,IN,X RAY,5,,nice,2026-08-22T13:05:34.864Z,0,4.2606.31,https://play.google.com/store/apps/details?id=com.myntra.android&reviewId=aaea95ed-0dc4-408a-8dc9-65a9369015cc
cef14148-c6ce-48ac-942e-c4c6c6037ef0,play_store,IN,Guneet and Laveetra Kanwar,4,,👍🏻👍🏻,2026-08-22T13:04:15.497Z,0,4.2608.20,https://play.google.com/store/apps/details?id=com.myntra.android&reviewId=cef14148-c6ce-48ac-942e-c4c6c6037ef0
0b44e865-2a31-4790-828d-3069ed7ff15f,play_store,IN,JOKER51K GAMER,5,,nice,2026-08-22T13:03:23.300Z,0,4.2301.11,https://play.google.com/store/apps/details?id=com.myntra.android&reviewId=0b44e865-2a31-4790-828d-3069ed7ff15f
c98e512e-0ac6-4315-ba0c-7bec82913123,play_store,IN,Avni Narang,5,,"Myntra is one of my favorite shopping apps because it offers a fantastic combination of variety, quality, convenience, and a smooth shopping experience. The app has a huge collection of clothing, footwear, accessories, beauty products, and many other lifestyle items, making it easy to find something for every style and occasion. I especially love how simple and user-friendly the app is, with clear product pictures, detailed descriptions, size options, customer reviews.",2026-08-22T12:56:35.214Z,0,4.2608.20,https://play.google.com/store/apps/details?id=com.myntra.android&reviewId=c98e512e-0ac6-4315-ba0c-7bec82913123
e53f5b38-83a8-4bae-a6f0-78a5334a24de,play_store,IN,Ritu Yadav,4,,great,2026-08-22T12:55:07.884Z,0,4.2608.20,https://play.google.com/store/apps/details?id=com.myntra.android&reviewId=e53f5b38-83a8-4bae-a6f0-78a5334a24de
4a6be6f1-9c46-4ee2-bd67-d5f369003508,play_store,IN,Siddharth Kumar,1,,worst experience ever the delivery person delayed my order 2 times and no response from delivery person,2026-08-22T12:51:51.528Z,0,4.2608.20,https://play.google.com/store/apps/details?id=com.myntra.android&reviewId=4a6be6f1-9c46-4ee2-bd67-d5f369003508
67d5cd1f-a0df-498f-9091-8c955b962476,play_store,IN,Gunveer Singh,1,,No MORE PREMIUM APP.,2026-08-22T12:51:46.867Z,0,4.2608.20,https://play.google.com/store/apps/details?id=com.myntra.android&reviewId=67d5cd1f-a0df-498f-9091-8c955b962476
dbc0c27d-e8c0-46de-a315-376707390bf5,play_store,IN,tarun,1,,pathetic app Myntra credit itself taking 72 hours ... they stuck customer money like cheap apps. cancel order themselves even after receiving payment,2026-08-22T12:51:34.829Z,0,4.2608.20,https://play.google.com/store/apps/details?id=com.myntra.android&reviewId=dbc0c27d-e8c0-46de-a315-376707390bf5
c629c92e-b178-468d-8b68-9f6c87037bbb,play_store,IN,Shayam Babu,5,,nice 👍,2026-08-22T12:51:15.701Z,0,4.2606.31,https://play.google.com/store/apps/details?id=com.myntra.android&reviewId=c629c92e-b178-468d-8b68-9f6c87037bbb
b805ea39-3354-4116-96b7-17c3b190334a,play_store,IN,Subhi,4,,good app but they unfortunately stopped giving myncash after every purchase which was a good deal for me as a customer,2026-08-22T12:45:47.260Z,0,,https://play.google.com/store/apps/details?id=com.myntra.android&reviewId=b805ea39-3354-4116-96b7-17c3b190334a
164cb91b-44db-4157-a64f-9b01677803c8,play_store,IN,Vaibhav Pal,5,,best app,2026-08-22T12:45:37.579Z,0,4.2608.20,https://play.google.com/store/apps/details?id=com.myntra.android&reviewId=164cb91b-44db-4157-a64f-9b01677803c8
5d214a0d-eb88-4f44-b9db-f1f676ad0814,play_store,IN,Abdul Rawoof,5,,best,2026-08-22T12:44:36.222Z,0,4.2607.43,https://play.google.com/store/apps/details?id=com.myntra.android&reviewId=5d214a0d-eb88-4f44-b9db-f1f676ad0814
73e5fc10-c23b-4436-9f02-7305c1ae2219,play_store,IN,Mohd Arfat,5,,good experience,2026-08-22T12:39:59.509Z,0,4.2608.20,https://play.google.com/store/apps/details?id=com.myntra.android&reviewId=73e5fc10-c23b-4436-9f02-7305c1ae2219
a9686d70-76bd-4d73-b67d-77022f9cb659,play_store,IN,Happy Kumar,5,,good,2026-08-22T12:35:59.809Z,0,4.2608.20,https://play.google.com/store/apps/details?id=com.myntra.android&reviewId=a9686d70-76bd-4d73-b67d-77022f9cb659
3ba84d76-9672-4db6-9120-f92c37c766e3,play_store,IN,Sunita Sharma,5,,I am using mantra last 10 years .all products are very good and experience is excellent,2026-08-22T12:35:53.434Z,0,4.2608.20,https://play.google.com/store/apps/details?id=com.myntra.android&reviewId=3ba84d76-9672-4db6-9120-f92c37c766e3
8218ee1d-f48d-43da-9b48-56fc93d3e2cb,play_store,IN,SUMIT KUMAR 07,5,,good product overall and nice app,2026-08-22T12:35:02.940Z,0,4.2608.20,https://play.google.com/store/apps/details?id=com.myntra.android&reviewId=8218ee1d-f48d-43da-9b48-56fc93d3e2cb
d92d76c4-b60f-4716-ae17-6bc2de8cf56c,play_store,IN,Kalpana Chauhan,5,,very nice,2026-08-22T12:34:20.550Z,0,4.2607.43,https://play.google.com/store/apps/details?id=com.myntra.android&reviewId=d92d76c4-b60f-4716-ae17-6bc2de8cf56c
af3f461b-3583-4736-bcaa-66329e3a7d1c,play_store,IN,Pooja Rajput,5,,all product is good quality nd myntra is trusted side,2026-08-22T12:33:38.352Z,0,4.2607.43,https://play.google.com/store/apps/details?id=com.myntra.android&reviewId=af3f461b-3583-4736-bcaa-66329e3a7d1c
2afd1d83-403d-498e-91d8-c1f5dd311e4c,play_store,IN,Deepak Dipu,5,,nice shopping app,2026-08-22T12:23:25.489Z,0,4.2608.20,https://play.google.com/store/apps/details?id=com.myntra.android&reviewId=2afd1d83-403d-498e-91d8-c1f5dd311e4c
97cc9834-bb17-4327-b081-029811af5fd8,play_store,IN,neha khare,1,,very bad experience sem kapde ki quality ek bar acchi aati hai aur dusra mangaane per bahut hi bekar quality mein aata Hai return karne per rs 10 kat ke aate Hain,2026-08-22T12:22:51.170Z,0,4.2608.20,https://play.google.com/store/apps/details?id=com.myntra.android&reviewId=97cc9834-bb17-4327-b081-029811af5fd8
6add0060-993d-42e2-bb4a-4546648ec481,play_store,IN,Ratan Srivastava,5,,Exellent. High premium quality of products deliver every time at very reasonable price. Packing and delivery good. Thanks Myntra Team.,2026-08-22T12:22:13.691Z,0,4.2608.20,https://play.google.com/store/apps/details?id=com.myntra.android&reviewId=6add0060-993d-42e2-bb4a-4546648ec481
b4c2c0b4-b540-48d1-bc8f-c971bffa7fcc,play_store,IN,Arshil xpro8bp,5,,good experience,2026-08-22T12:20:52.130Z,0,4.2606.31,https://play.google.com/store/apps/details?id=com.myntra.android&reviewId=b4c2c0b4-b540-48d1-bc8f-c971bffa7fcc
006295ae-3e94-4b5c-b63a-6645f548d760,play_store,IN,Attia Mirza,5,,nice app,2026-08-22T12:20:12.989Z,0,4.2607.43,https://play.google.com/store/apps/details?id=com.myntra.android&reviewId=006295ae-3e94-4b5c-b63a-6645f548d760
a117eb75-2383-46ad-a8c8-18ac76c5482f,play_store,IN,vanita arya,5,,nice product,2026-08-22T12:19:57.520Z,0,4.2607.32,https://play.google.com/store/apps/details?id=com.myntra.android&reviewId=a117eb75-2383-46ad-a8c8-18ac76c5482f
6014860c-a961-4d1e-89ee-85c7d5000170,play_store,IN,Bharati Sahu,5,,wow,2026-08-22T12:17:43.255Z,0,4.2608.20,https://play.google.com/store/apps/details?id=com.myntra.android&reviewId=6014860c-a961-4d1e-89ee-85c7d5000170
e235f589-d7bf-43cc-aa93-62634304960b,play_store,IN,Raja Debnath,5,,"product quality is very good , and customer care also good",2026-08-22T12:16:22.868Z,0,4.2608.20,https://play.google.com/store/apps/details?id=com.myntra.android&reviewId=e235f589-d7bf-43cc-aa93-62634304960b
3d88e9fa-afc9-46ab-b336-4fe32022e366,play_store,IN,Jayamani Kp,3,,i love it,2026-08-22T12:14:30.657Z,0,4.2607.43,https://play.google.com/store/apps/details?id=com.myntra.android&reviewId=3d88e9fa-afc9-46ab-b336-4fe32022e366
10e30995-d4a2-4957-94f5-4f200095b70f,play_store,IN,Apoorva,5,,Received best product everytime,2026-08-22T12:13:32.825Z,0,4.2608.20,https://play.google.com/store/apps/details?id=com.myntra.android&reviewId=10e30995-d4a2-4957-94f5-4f200095b70f
03c388ea-978f-4f3b-943a-3de9da67682c,play_store,IN,Anjali Reddy,4,,Good Quality Good service thank you Myntra,2026-08-22T12:13:24.294Z,0,,https://play.google.com/store/apps/details?id=com.myntra.android&reviewId=03c388ea-978f-4f3b-943a-3de9da67682c
96b5685f-0362-4852-a17d-7636a0bca730,play_store,IN,Mdkamar Ansari,5,,best myntra,2026-08-22T12:11:11.179Z,0,4.2608.20,https://play.google.com/store/apps/details?id=com.myntra.android&reviewId=96b5685f-0362-4852-a17d-7636a0bca730
e9907f24-fd56-47e7-90a1-754cba85645b,play_store,IN,Vaika rajeev PR,5,,super 😊,2026-08-22T12:10:14.634Z,0,4.2608.20,https://play.google.com/store/apps/details?id=com.myntra.android&reviewId=e9907f24-fd56-47e7-90a1-754cba85645b
5353f1b1-a75c-4572-84cf-2217c4aa8801,play_store,IN,Golu Saini,5,,Good product,2026-08-22T12:06:46.269Z,0,4.2608.20,https://play.google.com/store/apps/details?id=com.myntra.android&reviewId=5353f1b1-a75c-4572-84cf-2217c4aa8801
a06c9a8b-4fe0-4a04-9205-15f354cd33a2,play_store,IN,Mohd Shafi Mir,5,,nice,2026-08-22T12:04:12.875Z,0,4.2608.20,https://play.google.com/store/apps/details?id=com.myntra.android&reviewId=a06c9a8b-4fe0-4a04-9205-15f354cd33a2
91a8e428-ec7b-4757-aa07-c676b06771a2,play_store,IN,vivek agarwal,5,,nice Saree,2026-08-22T12:04:08.649Z,0,4.2608.20,https://play.google.com/store/apps/details?id=com.myntra.android&reviewId=91a8e428-ec7b-4757-aa07-c676b06771a2
f74b8950-03c1-4ace-b96e-0da972a04622,play_store,IN,Ayeshatabassum,5,,it has very affordable prices and great quality and product and no problem while ordering any product i will recommend everyone to download and use this app it's very convenient and affordable thank you myntra,2026-08-22T12:00:33.736Z,0,4.2608.20,https://play.google.com/store/apps/details?id=com.myntra.android&reviewId=f74b8950-03c1-4ace-b96e-0da972a04622
7c8d9cf9-d86f-428a-9f4e-98fcfbaa76f3,play_store,IN,Hansraj Verma,5,,good product 👍,2026-08-22T12:00:26.834Z,0,4.2608.20,https://play.google.com/store/apps/details?id=com.myntra.android&reviewId=7c8d9cf9-d86f-428a-9f4e-98fcfbaa76f3
008a4f84-7f4a-4989-950f-7fa172553750,play_store,IN,Piyush Turi10,5,,🔥,2026-08-22T12:00:13.371Z,0,4.2607.43,https://play.google.com/store/apps/details?id=com.myntra.android&reviewId=008a4f84-7f4a-4989-950f-7fa172553750
cdeb30e1-1445-4af7-9ce2-90ff39452440,play_store,IN,Shankar Kumar,5,,good,2026-08-22T11:57:36.916Z,0,4.2607.43,https://play.google.com/store/apps/details?id=com.myntra.android&reviewId=cdeb30e1-1445-4af7-9ce2-90ff39452440
d43a4a24-32c4-4010-b014-4d6a59176537,play_store,IN,arsh merchant,5,,Great experience shoping here,2026-08-22T11:55:38.912Z,0,4.2608.20,https://play.google.com/store/apps/details?id=com.myntra.android&reviewId=d43a4a24-32c4-4010-b014-4d6a59176537
8c08563c-85e9-42d0-9971-6f0f0f406cb1,play_store,IN,Naina Ram Boosi,5,,good app and product,2026-08-22T11:55:24.397Z,0,4.2608.20,https://play.google.com/store/apps/details?id=com.myntra.android&reviewId=8c08563c-85e9-42d0-9971-6f0f0f406cb1
56e18abc-749b-44b5-bc68-69856a38d6ac,play_store,IN,SJ Mark,3,,earlier ordered a salwar kurta from myntra from another Id which was of much high price. But received product was with worst quality. same product was available at flipkart for just Rs. 250. It was seen as if flipkart product was delivered not myntras product. The received product was of very cheap quality,2026-08-22T11:52:59.168Z,0,4.2608.20,https://play.google.com/store/apps/details?id=com.myntra.android&reviewId=56e18abc-749b-44b5-bc68-69856a38d6ac
65bfd936-1677-4b61-8588-91639a5ea7d6,play_store,IN,Faiyaz shaikh_9000,1,,my order is being delayed from 14 days because price got increased after i ordered. and their customer support repeatedly requests to wait 48 hour😆,2026-08-22T11:51:23.191Z,0,,https://play.google.com/store/apps/details?id=com.myntra.android&reviewId=65bfd936-1677-4b61-8588-91639a5ea7d6
5b7daf78-2e5b-467c-932f-043957e01da1,play_store,IN,Janvi Gaud,5,,very nice,2026-08-22T11:50:29.932Z,0,,https://play.google.com/store/apps/details?id=com.myntra.android&reviewId=5b7daf78-2e5b-467c-932f-043957e01da1
d1c0b869-acc9-4704-9c31-ddbce42f81cb,play_store,IN,Muskan Chhillar,5,,one of the best shopping app,2026-08-22T11:49:36.974Z,0,,https://play.google.com/store/apps/details?id=com.myntra.android&reviewId=d1c0b869-acc9-4704-9c31-ddbce42f81cb
b45f82b7-f880-40bf-8245-9ffbb7903a07,play_store,IN,Dolly Singh,5,,"my best experience over myntra is bcz you have great return and refund policy, if i find any brand over there website even with little extra discount but still i choose to order it from myntra i feel safe , secure and not to be cheated. 🫠🫠",2026-08-22T11:48:44.410Z,0,4.2608.20,https://play.google.com/store/apps/details?id=com.myntra.android&reviewId=b45f82b7-f880-40bf-8245-9ffbb7903a07
477d11a1-c415-4644-add6-8fa3e502f468,play_store,IN,Rukmani Banjara,5,,best,2026-08-22T11:48:42.560Z,0,4.2607.43,https://play.google.com/store/apps/details?id=com.myntra.android&reviewId=477d11a1-c415-4644-add6-8fa3e502f468
67dceefd-5daf-4ec9-a525-7e56612dd365,play_store,IN,Ayush R M,1,,"very bad service centre and help center they are keep waiting you for 6 day and after that they say we have no reason to tell you why your order is let they make us full so do not order anythingWorst shopping app. They have no value for their customers. My order was delayed several times without any proper update, and then it was cancelled without my permission or even informing me beforehand. This is completely unacceptable. Customer service failed to resolve the issue and kept extending",2026-08-22T11:47:25.564Z,0,4.2606.31,https://play.google.com/store/apps/details?id=com.myntra.android&reviewId=67dceefd-5daf-4ec9-a525-7e56612dd365
3a1b771c-045a-4772-9520-ac4f0e2bffe9,play_store,IN,Promila Sharma,5,,best product,2026-08-22T11:46:44.603Z,0,4.2608.20,https://play.google.com/store/apps/details?id=com.myntra.android&reviewId=3a1b771c-045a-4772-9520-ac4f0e2bffe9
92fc3a11-9d9f-4943-a43a-da0e161a92f9,play_store,IN,Rajni Tomar,5,,very goodddd,2026-08-22T11:45:55.670Z,0,,https://play.google.com/store/apps/details?id=com.myntra.android&reviewId=92fc3a11-9d9f-4943-a43a-da0e161a92f9
f749be83-2df2-4a11-ad96-89b174a24787,play_store,IN,RAJASEKHAR REDDY GAYAM,5,,super,2026-08-22T11:45:43.193Z,0,4.2608.20,https://play.google.com/store/apps/details?id=com.myntra.android&reviewId=f749be83-2df2-4a11-ad96-89b174a24787
77e7518b-df4e-4b7b-ae1b-ef11079195ad,play_store,IN,Achsah Mohan,5,,Good one 🤍,2026-08-22T11:45:19.764Z,0,4.2605.21,https://play.google.com/store/apps/details?id=com.myntra.android&reviewId=77e7518b-df4e-4b7b-ae1b-ef11079195ad
e34fa858-a2f8-4ec3-af6a-95ee85e6a50e,play_store,IN,Rakesh Patel,4,,good,2026-08-22T11:45:19.204Z,0,4.2606.31,https://play.google.com/store/apps/details?id=com.myntra.android&reviewId=e34fa858-a2f8-4ec3-af6a-95ee85e6a50e
1736b633-0856-4d01-a762-6d309743fa1c,play_store,IN,sayeeda omer,4,,perfect app for shopping,2026-08-22T11:42:20.112Z,0,4.2606.30,https://play.google.com/store/apps/details?id=com.myntra.android&reviewId=1736b633-0856-4d01-a762-6d309743fa1c
8253da2b-c2df-4d34-9d3a-95c3d12ee01b,play_store,IN,Kaveri Gavale,5,,good experience🩷,2026-08-22T11:40:36.753Z,0,4.2605.21,https://play.google.com/store/apps/details?id=com.myntra.android&reviewId=8253da2b-c2df-4d34-9d3a-95c3d12ee01b
50e51a27-e00a-40c2-b112-e69d0e992653,play_store,IN,Sulekha Kumari,5,,good 👍,2026-08-22T11:39:53.480Z,0,4.2608.20,https://play.google.com/store/apps/details?id=com.myntra.android&reviewId=50e51a27-e00a-40c2-b112-e69d0e992653
cfa87155-708a-4274-9a14-102de38262da,play_store,IN,Nilofar Nilu,5,,this aap have appealing design,2026-08-22T11:39:26.243Z,0,4.2607.43,https://play.google.com/store/apps/details?id=com.myntra.android&reviewId=cfa87155-708a-4274-9a14-102de38262da
ab744f15-f2fe-4ed6-aeb5-d982758cfd36,play_store,IN,rupendra patle,5,,Very affordable prices,2026-08-22T11:37:29.956Z,0,4.2608.20,https://play.google.com/store/apps/details?id=com.myntra.android&reviewId=ab744f15-f2fe-4ed6-aeb5-d982758cfd36
3b6c7f98-0aeb-4c11-a85c-698229da5eeb,play_store,IN,Rahul Lk,5,,nice Rakhi,2026-08-22T11:32:06.370Z,0,4.2607.32,https://play.google.com/store/apps/details?id=com.myntra.android&reviewId=3b6c7f98-0aeb-4c11-a85c-698229da5eeb
ac164485-a3db-41dd-9f32-439c32da4be7,play_store,IN,MAHALAKSHMI DURGA HANUSVI PENNADA,1,,I have cancelled my order and it has been 11 days still I haven't received my refund,2026-08-22T11:30:46.530Z,0,4.2608.20,https://play.google.com/store/apps/details?id=com.myntra.android&reviewId=ac164485-a3db-41dd-9f32-439c32da4be7
f2f46afd-f34c-432b-ba5d-107f08dd3fa6,play_store,IN,Crazy Girl,1,,disgusting app poor service customer care...,2026-08-22T11:30:32.687Z,0,,https://play.google.com/store/apps/details?id=com.myntra.android&reviewId=f2f46afd-f34c-432b-ba5d-107f08dd3fa6
a8e33d32-f2a9-47a6-984c-7cc86b235efd,play_store,IN,Shree Ram,4,,best app I ever seen,2026-08-22T11:30:06.446Z,0,4.2604.20,https://play.google.com/store/apps/details?id=com.myntra.android&reviewId=a8e33d32-f2a9-47a6-984c-7cc86b235efd
35301c27-faa1-41b1-a000-fb88f815577b,play_store,IN,Jayanta Das,5,,good,2026-08-22T11:29:10.559Z,0,4.2607.43,https://play.google.com/store/apps/details?id=com.myntra.android&reviewId=35301c27-faa1-41b1-a000-fb88f815577b
60f109c7-a2b4-482b-b204-2a74f57e1b86,play_store,IN,Anamika Singh,5,,best shopping app,2026-08-22T11:28:08.713Z,0,4.2608.20,https://play.google.com/store/apps/details?id=com.myntra.android&reviewId=60f109c7-a2b4-482b-b204-2a74f57e1b86
458060ea-fe84-480f-946c-20d8ac6d3df8,play_store,IN,satveer singh,5,,everything are amazing and products quality is awesome👍,2026-08-22T11:26:54.483Z,0,4.2608.20,https://play.google.com/store/apps/details?id=com.myntra.android&reviewId=458060ea-fe84-480f-946c-20d8ac6d3df8
3be0cee3-6b96-4148-b4da-4ec461459222,play_store,IN,Shrawani Tumedwar,4,,best 👍,2026-08-22T11:26:51.942Z,0,4.2608.20,https://play.google.com/store/apps/details?id=com.myntra.android&reviewId=3be0cee3-6b96-4148-b4da-4ec461459222
9643705c-2abb-40dd-ad1f-b088ecc1f93b,play_store,IN,Kushal Sain,1,,delivery parter are very bad,2026-08-22T11:19:01.248Z,0,,https://play.google.com/store/apps/details?id=com.myntra.android&reviewId=9643705c-2abb-40dd-ad1f-b088ecc1f93b
3cf6986a-9ab3-4caa-88a6-11e762899ef5,play_store,IN,Priya Tamrakar,5,,"My experience with Myntra has been quite good. The express service, the quality everything is great.",2026-08-22T11:17:37.787Z,0,4.2607.43,https://play.google.com/store/apps/details?id=com.myntra.android&reviewId=3cf6986a-9ab3-4caa-88a6-11e762899ef5
8050afb4-7370-47c4-92ea-749b4643046d,play_store,IN,lovely karthi,5,,nice shoping,2026-08-22T11:14:30.988Z,0,4.2607.43,https://play.google.com/store/apps/details?id=com.myntra.android&reviewId=8050afb4-7370-47c4-92ea-749b4643046d
e30338a6-9621-4895-8e9c-ed8f612ed287,play_store,IN,Juhi Kumari,5,,mera experience myntra ke sath hmesha se best rha hai ❤️🥰,2026-08-22T11:10:30.400Z,0,,https://play.google.com/store/apps/details?id=com.myntra.android&reviewId=e30338a6-9621-4895-8e9c-ed8f612ed287
aecded0b-e52c-4bb7-94cc-76d10da18ce9,play_store,IN,Hero Gaming,5,,good,2026-08-22T11:09:19.128Z,0,4.2608.20,https://play.google.com/store/apps/details?id=com.myntra.android&reviewId=aecded0b-e52c-4bb7-94cc-76d10da18ce9
db78065c-3916-4d0b-9e5c-4a5861f49a86,play_store,IN,abhishek yadav,1,,worrest waste waste waste app,2026-08-22T11:09:11.896Z,1,4.2608.20,https://play.google.com/store/apps/details?id=com.myntra.android&reviewId=db78065c-3916-4d0b-9e5c-4a5861f49a86
e567f645-e161-4bc5-94dd-87044ea29b22,play_store,IN,Ipsita Sahu,5,,excellent,2026-08-22T11:08:48.190Z,0,4.2607.43,https://play.google.com/store/apps/details?id=com.myntra.android&reviewId=e567f645-e161-4bc5-94dd-87044ea29b22
a9c3765b-dfe7-43ce-be9a-170f0b31cf0d,play_store,IN,Shreya Pandey,5,,best app for shopping....having options help me choose my preferences,2026-08-22T11:08:27.909Z,0,4.2608.20,https://play.google.com/store/apps/details?id=com.myntra.android&reviewId=a9c3765b-dfe7-43ce-be9a-170f0b31cf0d
2aef708f-f81f-42b5-9c48-df38b276f822,play_store,IN,Nehachouhan,5,,good,2026-08-22T11:02:32.339Z,0,4.2608.20,https://play.google.com/store/apps/details?id=com.myntra.android&reviewId=2aef708f-f81f-42b5-9c48-df38b276f822
0f057c13-ba3b-44ed-a1c7-e306d1766802,play_store,IN,neeky saini,5,,"Great quality, fast delivery, and smooth shopping experience. Loved it! 🛍️✨",2026-08-22T11:02:17.299Z,0,4.2606.30,https://play.google.com/store/apps/details?id=com.myntra.android&reviewId=0f057c13-ba3b-44ed-a1c7-e306d1766802
a602e4ae-4d0c-4d9f-9a76-28ab9a5d9348,play_store,IN,Mistha #,5,,easy and good quality,2026-08-22T11:00:21.452Z,0,,https://play.google.com/store/apps/details?id=com.myntra.android&reviewId=a602e4ae-4d0c-4d9f-9a76-28ab9a5d9348
8626f98f-d03b-46a9-b31c-a076e77c492d,play_store,IN,Deepa Jaiswal,5,,it's good 😊 i m happy to Shop online,2026-08-22T10:59:38.366Z,0,,https://play.google.com/store/apps/details?id=com.myntra.android&reviewId=8626f98f-d03b-46a9-b31c-a076e77c492d
fc884174-1aa7-48aa-a1c6-e1185474378a,play_store,IN,srihari kulukuri,5,,excellent,2026-08-22T10:59:05.734Z,0,4.2606.31,https://play.google.com/store/apps/details?id=com.myntra.android&reviewId=fc884174-1aa7-48aa-a1c6-e1185474378a
06744991-be3c-4f23-a8cd-fe22b409bb26,play_store,IN,Priya Thakur,3,,"This app has no safety for customers' orders. I neither received my parcel nor was I contacted by the delivery person. But the status of my parcel shows 'Delivered'. I did not get any OTP and no one called me to get one, so how can this app show that the parcel was delivered? I have raised this query, and now they are going to resolve this issue in 5 days, which means it is going to be super late - after my relative's birthday, for whom this parcel was a gift.",2026-08-22T10:58:22.985Z,0,4.2608.20,https://play.google.com/store/apps/details?id=com.myntra.android&reviewId=06744991-be3c-4f23-a8cd-fe22b409bb26
07015f27-c191-486b-8759-30b46d07d8c3,play_store,IN,Abhay Sharma,2,,"I have never had such a bad experience buying a product. The product itself is good, but first of all, it was not delivered to my home or anywhere near my house, so I had to travel 4 km to collect it. Also, the T-shirt I received was much larger than a normal L size. I requested an exchange, and when I travelled 4 km again from my home for the exchange, the delivery person told me that the exchange could not be processed because the system was unable to scan the product. Now, I will have to trav",2026-08-22T10:58:08.950Z,0,4.2607.43,https://play.google.com/store/apps/details?id=com.myntra.android&reviewId=07015f27-c191-486b-8759-30b46d07d8c3
fb810dd0-2a61-4005-83c2-0e4b2cf14da1,play_store,IN,amrita kumari,5,,amazing experience with app hassle free shopping,2026-08-22T10:57:08.920Z,0,4.2608.20,https://play.google.com/store/apps/details?id=com.myntra.android&reviewId=fb810dd0-2a61-4005-83c2-0e4b2cf14da1
6d329008-c837-4955-bba3-efaa876a9408,play_store,IN,Shivani Mittal,5,,"nice aap sb bhi product mgva sakte ho real h , quality h",2026-08-22T10:49:09.858Z,0,,https://play.google.com/store/apps/details?id=com.myntra.android&reviewId=6d329008-c837-4955-bba3-efaa876a9408
5c292362-c511-49b8-b162-2392ec1e5346,play_store,IN,Jassprit B Singh,5,,hiii it was really surprising for me that I got my order.as it should be delivery on 18 aug 2026 but I deliver it on 21 aug.i was expecting it will not come to me and I was deciding that further I will not order from hére.but you made my day.that you myntra.,2026-08-22T10:48:11.203Z,0,4.2606.31,https://play.google.com/store/apps/details?id=com.myntra.android&reviewId=5c292362-c511-49b8-b162-2392ec1e5346
db960692-859f-4b9f-9488-862ee97bfc71,play_store,IN,Dibbo 345,1,,"very bad experience did not expect this, I wanted a size exchange the shoe comes to my door step the delivery person approves the item,that no damage has been made but the code on the tag doesn't match.Days have passed no assist from the apps side.Even the exchange day had passed no notice was made whether it will be sent or not.Then suddenly today it is showing cancelled no notifications of that either that the delivery would be done today and now the exchange has been cancelled by employee",2026-08-22T10:47:14.500Z,0,,https://play.google.com/store/apps/details?id=com.myntra.android&reviewId=db960692-859f-4b9f-9488-862ee97bfc71
6330a7a6-02ef-46b2-addf-dad642ceb6b0,play_store,IN,Bully Kutta shorts,5,,very good,2026-08-22T10:47:13.297Z,0,,https://play.google.com/store/apps/details?id=com.myntra.android&reviewId=6330a7a6-02ef-46b2-addf-dad642ceb6b0
54fd5747-4242-4c3c-8ee4-219cadca83db,play_store,IN,Rishika Rathore,5,,👍🏻👍🏻,2026-08-22T10:45:33.981Z,0,4.2607.43,https://play.google.com/store/apps/details?id=com.myntra.android&reviewId=54fd5747-4242-4c3c-8ee4-219cadca83db
0a63b73a-55c2-480c-8e16-6f3841e57a15,play_store,IN,Vineela Valeti,5,,amazing,2026-08-22T10:45:18.302Z,0,4.2606.31,https://play.google.com/store/apps/details?id=com.myntra.android&reviewId=0a63b73a-55c2-480c-8e16-6f3841e57a15
c2372088-e49e-4e60-bb91-0dd535cbe33f,play_store,IN,Narayana Naik,5,,best is myntra,2026-08-22T10:43:50.929Z,0,,https://play.google.com/store/apps/details?id=com.myntra.android&reviewId=c2372088-e49e-4e60-bb91-0dd535cbe33f
08145f9c-72d7-405c-9836-4b984a9cda70,play_store,IN,Aman Kasyap,5,,too much good yrrr,2026-08-22T10:43:33.708Z,0,4.2608.20,https://play.google.com/store/apps/details?id=com.myntra.android&reviewId=08145f9c-72d7-405c-9836-4b984a9cda70
e35461ab-6cc9-499b-848d-d26a7c7affd6,play_store,IN,LALAN KUMAR,5,,excellent,2026-08-22T10:42:30.580Z,0,4.2608.20,https://play.google.com/store/apps/details?id=com.myntra.android&reviewId=e35461ab-6cc9-499b-848d-d26a7c7affd6
e99bc08c-abbf-445b-b558-da4dafbcc71a,play_store,IN,Antara Khatun,5,,"⭐️⭐️⭐️⭐️⭐️ “Overall, Mamaearth Charcoal Black Long Stay Kajal mujhe kaafi achha laga. Iska black colour deep aur beautiful hai, jo eyes ko instantly define karta hai. Application smooth hai aur lagane mein zyada effort nahi lagta. Kajal comfortable feel hota hai aur everyday makeup ke saath-saath party looks ke liye bhi perfect hai. Pack of 2 hona bhi kaafi convenient hai aur value for money feel hota hai. Simple eye look ko enhance karne ke liye definitely a great choice! 🖤✨”amazing app 👍🏻",2026-08-22T10:40:55.112Z,0,,https://play.google.com/store/apps/details?id=com.myntra.android&reviewId=e99bc08c-abbf-445b-b558-da4dafbcc71a
18242b77-97d6-41a6-8a6e-f3b97503b8cc,play_store,IN,Tanvaiz Seth,1,,the worst app to buy products too much delayed delivery and still didn't got the product even after complaining 4 to 5 times,2026-08-22T10:37:41.107Z,0,4.2608.20,https://play.google.com/store/apps/details?id=com.myntra.android&reviewId=18242b77-97d6-41a6-8a6e-f3b97503b8cc
34b6706d-8f49-4842-851d-e6174e409d7d,play_store,IN,Prem Charan,5,,wow,2026-08-22T10:33:09.923Z,0,4.2608.20,https://play.google.com/store/apps/details?id=com.myntra.android&reviewId=34b6706d-8f49-4842-851d-e6174e409d7d
06347fe4-2c54-488e-a063-1090f6b39945,play_store,IN,Tika Lal Khanal,5,,Very Nice Product.,2026-08-22T10:31:55.222Z,0,4.2607.43,https://play.google.com/store/apps/details?id=com.myntra.android&reviewId=06347fe4-2c54-488e-a063-1090f6b39945
6432aa9b-ff00-4bed-93b2-17baba9efdce,play_store,IN,Geeta parihar,5,,very good,2026-08-22T10:30:39.658Z,0,4.2608.20,https://play.google.com/store/apps/details?id=com.myntra.android&reviewId=6432aa9b-ff00-4bed-93b2-17baba9efdce
793d4698-3ddc-42f1-a4d6-521418976bb5,play_store,IN,Himanshi Thakur,5,,wonderful staff,2026-08-22T10:28:46.615Z,0,4.2608.20,https://play.google.com/store/apps/details?id=com.myntra.android&reviewId=793d4698-3ddc-42f1-a4d6-521418976bb5
c15ae157-a756-4d2b-808c-f55a247ee551,play_store,IN,garima khatwani,1,,the service of myntra is declining by day do not take prepaid orders as they do not deliver it sometime and mark it as close ticket when the issue is raised. so you will lose money without getting product,2026-08-22T10:25:48.425Z,0,4.2608.20,https://play.google.com/store/apps/details?id=com.myntra.android&reviewId=c15ae157-a756-4d2b-808c-f55a247ee551
118c416d-90ab-4292-b389-5bc98d04a9a7,play_store,IN,pushpalatha2026,5,,user friendly app,2026-08-22T10:24:32.499Z,0,4.2608.20,https://play.google.com/store/apps/details?id=com.myntra.android&reviewId=118c416d-90ab-4292-b389-5bc98d04a9a7
e3881119-a121-4082-9584-773f6c8e8627,play_store,IN,Chandani sutar,5,,"Best Fashion Find Ever—Totally Worth It! ⭐⭐⭐⭐⭐""Myntra never disappoints with its clothing collection! This piece offers incredible value for money. The fabric didn't shrink or lose color after the first wash, which proves its top-notch quality. The entire shopping experience—from browsing to the lightning-fast delivery—was incredibly smooth. Check out my styling video to see how it moves!""",2026-08-22T10:23:51.960Z,0,4.2606.31,https://play.google.com/store/apps/details?id=com.myntra.android&reviewId=e3881119-a121-4082-9584-773f6c8e8627
3a061dc2-d942-49f0-ad3a-79f91f95c2e2,play_store,IN,harbans singh,5,,"amazing product, fitting as per the specifications.",2026-08-22T10:22:40.120Z,0,,https://play.google.com/store/apps/details?id=com.myntra.android&reviewId=3a061dc2-d942-49f0-ad3a-79f91f95c2e2
6fea96f4-48c9-473d-afca-6e0559a8cea7,play_store,IN,Dhara Vyas,1,,myntra is bogus and fraud platform. don't buy from here. if you return product you will not received your refund money even after multiple follow ups. cheater bogus company.,2026-08-22T10:20:42.326Z,0,,https://play.google.com/store/apps/details?id=com.myntra.android&reviewId=6fea96f4-48c9-473d-afca-6e0559a8cea7
b2117b62-0d0a-41f3-8e0d-58e8c935d907,play_store,IN,Mohammed Taher,4,,nice,2026-08-22T10:20:09.759Z,0,4.2607.43,https://play.google.com/store/apps/details?id=com.myntra.android&reviewId=b2117b62-0d0a-41f3-8e0d-58e8c935d907
ebaa1605-6cf2-4655-a09d-03638874297d,play_store,IN,manik sarkar,5,,better app than any other and unbeatable,2026-08-22T10:20:08.472Z,0,4.2608.20,https://play.google.com/store/apps/details?id=com.myntra.android&reviewId=ebaa1605-6cf2-4655-a09d-03638874297d
65a223d6-4494-440e-9d88-be0739dc644c,play_store,IN,Atendra Yadav,5,,nice,2026-08-22T10:19:48.985Z,0,,https://play.google.com/store/apps/details?id=com.myntra.android&reviewId=65a223d6-4494-440e-9d88-be0739dc644c
0354942c-8f8c-48fa-a955-1895e35caf07,play_store,IN,Nikita Garg,1,,very poor coustomer service,2026-08-22T10:16:53.664Z,0,4.2606.31,https://play.google.com/store/apps/details?id=com.myntra.android&reviewId=0354942c-8f8c-48fa-a955-1895e35caf07
2b33a51b-c010-4966-9b67-d1c0149c6383,play_store,IN,Indraja Bandaru,5,,"superb Application for online shopping, And providing very good quality products. Trustable App",2026-08-22T10:16:50.351Z,0,4.2608.20,https://play.google.com/store/apps/details?id=com.myntra.android&reviewId=2b33a51b-c010-4966-9b67-d1c0149c6383
8db789a9-7e5c-4802-b0c7-b236dffac8af,play_store,IN,SUNITA KHARE,5,,good,2026-08-22T10:14:21.743Z,0,4.2608.20,https://play.google.com/store/apps/details?id=com.myntra.android&reviewId=8db789a9-7e5c-4802-b0c7-b236dffac8af
363ae86c-158f-4638-8f38-e46a36809552,play_store,IN,Neetu Shukla,5,,best,2026-08-22T10:13:44.933Z,0,4.2608.20,https://play.google.com/store/apps/details?id=com.myntra.android&reviewId=363ae86c-158f-4638-8f38-e46a36809552
ecfc7f58-49fe-434f-926e-1be98ff08868,play_store,IN,AJAY KUMAR P,1,,not delivered customer no almost attend one time also not delivered that product,2026-08-22T10:12:16.638Z,0,4.2607.43,https://play.google.com/store/apps/details?id=com.myntra.android&reviewId=ecfc7f58-49fe-434f-926e-1be98ff08868
4c521019-cfb4-43eb-b691-a4cc8fb1924c,play_store,IN,Rakesh Ramteke,5,,nice kurata but not adjusteble,2026-08-22T10:10:59.270Z,0,4.2606.31,https://play.google.com/store/apps/details?id=com.myntra.android&reviewId=4c521019-cfb4-43eb-b691-a4cc8fb1924c
c6204ced-b919-4eda-8a12-a2064fc0014b,play_store,IN,Amruta Vhora,5,,very good aap,2026-08-22T10:06:52.646Z,0,4.2608.20,https://play.google.com/store/apps/details?id=com.myntra.android&reviewId=c6204ced-b919-4eda-8a12-a2064fc0014b
349a042c-5d41-4ae3-ae03-c378f156b464,play_store,IN,Riya Pareek,5,,Nice,2026-08-22T10:05:28.581Z,0,4.2608.20,https://play.google.com/store/apps/details?id=com.myntra.android&reviewId=349a042c-5d41-4ae3-ae03-c378f156b464
2be618f3-5cad-4286-abe8-11689037b8b8,play_store,IN,The Patel Official . 1.6M,4,,good,2026-08-22T10:02:43.379Z,0,4.2608.20,https://play.google.com/store/apps/details?id=com.myntra.android&reviewId=2be618f3-5cad-4286-abe8-11689037b8b8
b0f78814-2940-49f1-a842-0066533a34ff,play_store,IN,Yusuf Ali,5,,genuine product,2026-08-22T10:00:38.570Z,0,,https://play.google.com/store/apps/details?id=com.myntra.android&reviewId=b0f78814-2940-49f1-a842-0066533a34ff
723266e0-3764-4aa7-98b4-667966aa405c,play_store,IN,PRADEEP KUMAR,5,,excellent,2026-08-22T09:58:46.734Z,0,4.2608.20,https://play.google.com/store/apps/details?id=com.myntra.android&reviewId=723266e0-3764-4aa7-98b4-667966aa405c
c4216a07-2953-4f6b-8139-4e729df823ec,play_store,IN,Lokesh Loki,3,,good,2026-08-22T09:52:04.420Z,0,4.2606.31,https://play.google.com/store/apps/details?id=com.myntra.android&reviewId=c4216a07-2953-4f6b-8139-4e729df823ec
4d9b6d92-92a9-419d-9311-0a66620dad43,play_store,IN,Vaishali,5,,good,2026-08-22T09:51:58.261Z,0,4.2608.20,https://play.google.com/store/apps/details?id=com.myntra.android&reviewId=4d9b6d92-92a9-419d-9311-0a66620dad43
15040db2-dc46-4a92-99f0-974bafedb730,play_store,IN,nisha das,5,,all time favourite,2026-08-22T09:51:24.330Z,0,4.2508.20,https://play.google.com/store/apps/details?id=com.myntra.android&reviewId=15040db2-dc46-4a92-99f0-974bafedb730
92fabc49-daca-4cc9-a145-ce7b94f8e446,play_store,IN,Beant Kaur,5,,excilent very nice product feeling good i am happy with original product,2026-08-22T09:50:51.702Z,0,4.2608.20,https://play.google.com/store/apps/details?id=com.myntra.android&reviewId=92fabc49-daca-4cc9-a145-ce7b94f8e446
3876a7d3-5fcf-49ed-bd3c-c012b8de2f14,play_store,IN,Lucky Pratap,5,,so good,2026-08-22T09:50:12.473Z,0,4.2608.20,https://play.google.com/store/apps/details?id=com.myntra.android&reviewId=3876a7d3-5fcf-49ed-bd3c-c012b8de2f14
42388d31-c873-4be3-ae80-3386fb3c1558,play_store,IN,Naina Verma,5,,"My experience with Myntra was overall very good and learning-oriented. The work environment was professional, and I got opportunities to learn new skills and improve my knowledge. The team members were supportive, and working with them helped me develop better communication, teamwork, and problem-solving skills. Although some tasks were challenging and required meeting deadlines, the overall experience was valuable and beneficial for my personal and professional growth.",2026-08-22T09:50:03.863Z,0,4.2608.20,https://play.google.com/store/apps/details?id=com.myntra.android&reviewId=42388d31-c873-4be3-ae80-3386fb3c1558
21b6f0ec-73e9-41ac-80cf-55ace8493225,play_store,IN,Rock Gamer,4,,good 👍🏻😊,2026-08-22T09:49:43.945Z,0,4.2608.20,https://play.google.com/store/apps/details?id=com.myntra.android&reviewId=21b6f0ec-73e9-41ac-80cf-55ace8493225
540488a7-5a72-496b-ac26-1edfaa57133c,play_store,IN,Sai Vinay,5,,good,2026-08-22T09:49:20.796Z,0,4.2607.32,https://play.google.com/store/apps/details?id=com.myntra.android&reviewId=540488a7-5a72-496b-ac26-1edfaa57133c
d379a79e-c97b-4dee-898a-a97bc81f4d42,play_store,IN,Nauman Shaikh,5,,very good,2026-08-22T09:48:13.870Z,0,4.2608.20,https://play.google.com/store/apps/details?id=com.myntra.android&reviewId=d379a79e-c97b-4dee-898a-a97bc81f4d42
ab169216-6bd2-4998-b7d7-8c0f5287cddb,play_store,IN,arjun parth singh,5,,great app,2026-08-22T09:47:27.543Z,0,4.2608.20,https://play.google.com/store/apps/details?id=com.myntra.android&reviewId=ab169216-6bd2-4998-b7d7-8c0f5287cddb
f9c1c528-02ae-4934-b910-cb688de8f6ec,play_store,IN,imran shaikh,1,,worst delivery from Myntra partner Ekart giving Zero rating too much disappointed ☹️,2026-08-22T09:45:32.563Z,0,4.2606.31,https://play.google.com/store/apps/details?id=com.myntra.android&reviewId=f9c1c528-02ae-4934-b910-cb688de8f6ec
b33f9d00-1ba4-40ad-946b-46f84d42f3e3,play_store,IN,Shreya Verma,5,,I have been using myntra app from last 5 years and I loved the clothes collection,2026-08-22T09:44:24.815Z,0,4.2607.43,https://play.google.com/store/apps/details?id=com.myntra.android&reviewId=b33f9d00-1ba4-40ad-946b-46f84d42f3e3
1a2134e4-3abc-425b-8233-0d337ba265df,play_store,IN,Pooja Sahu,5,,this app to much good app i love it😍,2026-08-22T09:43:51.834Z,0,4.2608.20,https://play.google.com/store/apps/details?id=com.myntra.android&reviewId=1a2134e4-3abc-425b-8233-0d337ba265df
fc1be19a-7521-4cda-aa7e-7dcf27f72efb,play_store,IN,Nuzhat Perween,5,,very good experience,2026-08-22T09:41:47.272Z,0,4.2608.20,https://play.google.com/store/apps/details?id=com.myntra.android&reviewId=fc1be19a-7521-4cda-aa7e-7dcf27f72efb
eafc3d24-b897-4248-8cbb-77f1f438979b,play_store,IN,Banokumar Dalui,5,,very nice,2026-08-22T09:41:22.186Z,0,4.2606.31,https://play.google.com/store/apps/details?id=com.myntra.android&reviewId=eafc3d24-b897-4248-8cbb-77f1f438979b
5f2927b4-d7dd-4626-a5cf-183298eb0619,play_store,IN,ricky raza chauhan,5,,🔥,2026-08-22T09:40:45.560Z,0,4.2608.20,https://play.google.com/store/apps/details?id=com.myntra.android&reviewId=5f2927b4-d7dd-4626-a5cf-183298eb0619
6d486fd6-e814-4be7-9fc1-6db69dd7ef0e,play_store,IN,Surendra Kumar,1,,bad 👎,2026-08-22T09:36:42.889Z,1,,https://play.google.com/store/apps/details?id=com.myntra.android&reviewId=6d486fd6-e814-4be7-9fc1-6db69dd7ef0e
4906d791-edb8-4bce-b1bd-f1527f84ce35,play_store,IN,Smitha Rao,5,,reliable app for your purchase. thank u myntra,2026-08-22T09:36:16.155Z,0,4.2608.20,https://play.google.com/store/apps/details?id=com.myntra.android&reviewId=4906d791-edb8-4bce-b1bd-f1527f84ce35
dc0c5f62-25bc-481a-8743-faa565d2fe24,play_store,IN,Fatima,5,,best app and provide good products,2026-08-22T09:34:34.140Z,0,4.2608.20,https://play.google.com/store/apps/details?id=com.myntra.android&reviewId=dc0c5f62-25bc-481a-8743-faa565d2fe24
8602e009-6175-48b4-a7f3-c3434fd206ea,play_store,IN,Raghavendra Rathore,5,,Grt product,2026-08-22T09:33:27.324Z,0,4.2608.20,https://play.google.com/store/apps/details?id=com.myntra.android&reviewId=8602e009-6175-48b4-a7f3-c3434fd206ea
8ca14c75-077b-42ef-aa78-c0b2de956701,play_store,IN,Pankaj Wadhwani,5,,superb product and world class offers 🥰,2026-08-22T09:33:27.122Z,0,4.2608.20,https://play.google.com/store/apps/details?id=com.myntra.android&reviewId=8ca14c75-077b-42ef-aa78-c0b2de956701
10a68c8d-7ad6-4323-88fe-cbb098a0ca25,play_store,IN,Harathi Kondapalli,4,,good,2026-08-22T09:30:46.425Z,0,4.2510.13,https://play.google.com/store/apps/details?id=com.myntra.android&reviewId=10a68c8d-7ad6-4323-88fe-cbb098a0ca25
1f0de8f9-a667-4da9-ad57-c24038d9a6a0,play_store,IN,Ritika Bisht,5,,best quality and love all products 💝😍,2026-08-22T09:28:57.697Z,0,4.2608.20,https://play.google.com/store/apps/details?id=com.myntra.android&reviewId=1f0de8f9-a667-4da9-ad57-c24038d9a6a0
b11a83a6-6af6-4b0d-9e5c-58055ee44afc,play_store,IN,Vivek Sharma,5,,I had a good experience with Myntra.,2026-08-22T09:27:27.708Z,0,4.2606.31,https://play.google.com/store/apps/details?id=com.myntra.android&reviewId=b11a83a6-6af6-4b0d-9e5c-58055ee44afc
49b6bae3-fbf1-47bb-b04c-a4d698f0fc21,play_store,IN,Najirul Islam,5,,best app,2026-08-22T09:27:08.335Z,0,,https://play.google.com/store/apps/details?id=com.myntra.android&reviewId=49b6bae3-fbf1-47bb-b04c-a4d698f0fc21
1b2be6a0-f616-44f2-ad91-94eb0246fd91,play_store,IN,Singh Mohit,5,,i love to shop From. every time new style with good quality,2026-08-22T09:26:35.621Z,0,4.2608.20,https://play.google.com/store/apps/details?id=com.myntra.android&reviewId=1b2be6a0-f616-44f2-ad91-94eb0246fd91
0999b337-6972-484b-9389-181d00df1d4c,play_store,IN,Manish Shukla,5,,good and best,2026-08-22T09:23:41.660Z,0,4.2606.11,https://play.google.com/store/apps/details?id=com.myntra.android&reviewId=0999b337-6972-484b-9389-181d00df1d4c
27eb7580-e5c2-4ee4-aa85-26f9080a35df,play_store,IN,Avil Karkada,5,,wonderful app for korean beauty products with fastest delivery,2026-08-22T09:21:30.569Z,0,,https://play.google.com/store/apps/details?id=com.myntra.android&reviewId=27eb7580-e5c2-4ee4-aa85-26f9080a35df
449e1db3-f957-4825-a9c4-db140a6c25ac,play_store,IN,Dev Maradia,1,,"the service is very poor, the order was placed on 6th of August and till 21st of August they were keep saying, give us 48 hours and now they just cancelled that order and even can not communicate on call properly, no proper answers.",2026-08-22T09:19:52.621Z,0,4.2608.20,https://play.google.com/store/apps/details?id=com.myntra.android&reviewId=449e1db3-f957-4825-a9c4-db140a6c25ac
897bbf1e-793f-4927-8247-25b6a66be0fd,play_store,IN,Radhika Jandial,5,,"easy to place order, return and exchange sizes or any other item on behalf of it.... 😍👍",2026-08-22T09:18:32.545Z,0,4.2608.20,https://play.google.com/store/apps/details?id=com.myntra.android&reviewId=897bbf1e-793f-4927-8247-25b6a66be0fd
7c48fc9a-eb24-409c-8a9b-6db5419c380a,play_store,IN,Tanmay patil,5,,the quality of products ordered from myntra is really good,2026-08-22T09:18:29.941Z,0,4.2604.20,https://play.google.com/store/apps/details?id=com.myntra.android&reviewId=7c48fc9a-eb24-409c-8a9b-6db5419c380a
a133bff1-dd29-4d5e-a9dc-7951d8d0357d,play_store,IN,Satish Aduri,5,,Nice shirt everyone check it,2026-08-22T09:17:51.602Z,0,4.2608.20,https://play.google.com/store/apps/details?id=com.myntra.android&reviewId=a133bff1-dd29-4d5e-a9dc-7951d8d0357d
e28b5a51-9699-4c3a-90d5-1e5965b9fc58,play_store,IN,S H A R M A,5,,nice,2026-08-22T09:15:22.770Z,0,4.2606.31,https://play.google.com/store/apps/details?id=com.myntra.android&reviewId=e28b5a51-9699-4c3a-90d5-1e5965b9fc58
cc9f2637-3722-487c-a833-b564af1ff158,play_store,IN,Siddharth Joshi,5,,best expereience,2026-08-22T09:06:11.527Z,0,4.2607.43,https://play.google.com/store/apps/details?id=com.myntra.android&reviewId=cc9f2637-3722-487c-a833-b564af1ff158
82d647be-aee1-4e33-b2f7-7bc4efb65fab,play_store,IN,mayank dobariya,5,,nice portfolio of quality product,2026-08-22T09:05:38.578Z,0,4.2409.11,https://play.google.com/store/apps/details?id=com.myntra.android&reviewId=82d647be-aee1-4e33-b2f7-7bc4efb65fab
da6e772d-b9f8-4762-bcf8-513ccc6a716c,play_store,IN,Manom Wynji,5,,nice,2026-08-22T09:05:00.783Z,0,4.2601.20,https://play.google.com/store/apps/details?id=com.myntra.android&reviewId=da6e772d-b9f8-4762-bcf8-513ccc6a716c
c28d101a-dfa0-4089-a03f-e37cebfda0fc,play_store,IN,Sayali S. Roy,4,,love the app because it's so easy to navigate and shop on. love the product collection as well.,2026-08-22T09:04:12.221Z,0,,https://play.google.com/store/apps/details?id=com.myntra.android&reviewId=c28d101a-dfa0-4089-a03f-e37cebfda0fc
90f207ec-4871-48f1-a436-3cd78873eb43,play_store,IN,govind mohan sharma,5,,trusted app for style and fashion.,2026-08-22T09:02:58.849Z,0,4.2608.20,https://play.google.com/store/apps/details?id=com.myntra.android&reviewId=90f207ec-4871-48f1-a436-3cd78873eb43
dd216b02-6d2b-4586-8191-6c032e83a749,play_store,IN,Aashima Jain,5,,good app and experience❤️,2026-08-22T09:02:58.260Z,0,4.2606.31,https://play.google.com/store/apps/details?id=com.myntra.android&reviewId=dd216b02-6d2b-4586-8191-6c032e83a749
bad4dd2f-38db-4a39-9cb3-70aa77ccba88,play_store,IN,Ranjeet Rajput,5,,it's more affordable app,2026-08-22T09:02:50.352Z,0,4.2608.20,https://play.google.com/store/apps/details?id=com.myntra.android&reviewId=bad4dd2f-38db-4a39-9cb3-70aa77ccba88
97e4be9e-d055-49cc-abda-0a364ca4ad6e,play_store,IN,Paramita Das,5,,beautiful app 👌👌,2026-08-22T09:01:40.179Z,0,4.2608.20,https://play.google.com/store/apps/details?id=com.myntra.android&reviewId=97e4be9e-d055-49cc-abda-0a364ca4ad6e
ec97de7b-6aa0-42be-9152-6baacc1622eb,play_store,IN,Chanchal Aggarwal,5,,good experience,2026-08-22T09:01:36.446Z,0,,https://play.google.com/store/apps/details?id=com.myntra.android&reviewId=ec97de7b-6aa0-42be-9152-6baacc1622eb
30538c1e-71fb-4eea-9d54-6847021db927,play_store,IN,Ruma Khatun,4,,good,2026-08-22T09:00:58.723Z,0,4.2508.20,https://play.google.com/store/apps/details?id=com.myntra.android&reviewId=30538c1e-71fb-4eea-9d54-6847021db927
0605e6f3-db92-4b22-8b44-146ff6a228ab,play_store,IN,Bisu Biswal,5,,Very nice product and timely delivery,2026-08-22T09:00:21.337Z,0,4.2608.20,https://play.google.com/store/apps/details?id=com.myntra.android&reviewId=0605e6f3-db92-4b22-8b44-146ff6a228ab
91a303a3-bb08-47ff-83c5-817464f292ca,play_store,IN,ULTRA WIDE,5,,good 👍,2026-08-22T08:53:04.691Z,0,,https://play.google.com/store/apps/details?id=com.myntra.android&reviewId=91a303a3-bb08-47ff-83c5-817464f292ca
e57b2625-8cad-49a5-a498-c76ee3a7441a,play_store,IN,R.k. Yadav,5,,very nice app,2026-08-22T08:52:45.997Z,0,4.2608.20,https://play.google.com/store/apps/details?id=com.myntra.android&reviewId=e57b2625-8cad-49a5-a498-c76ee3a7441a
f61f803d-44bf-4d2f-aab6-7527b14a61a2,play_store,IN,Tejaswini Raghu,5,,superb quality products,2026-08-22T08:51:28.243Z,0,4.2606.31,https://play.google.com/store/apps/details?id=com.myntra.android&reviewId=f61f803d-44bf-4d2f-aab6-7527b14a61a2
ae9120a6-04df-422a-ac52-5a988952fb42,play_store,IN,Rohit Jana,5,,godddddd levell,2026-08-22T08:51:03.402Z,0,,https://play.google.com/store/apps/details?id=com.myntra.android&reviewId=ae9120a6-04df-422a-ac52-5a988952fb42
9131348e-cdd2-423d-a53e-2b39d9fb2bcb,play_store,IN,Sa Singh,5,,good 😊,2026-08-22T08:50:47.329Z,0,,https://play.google.com/store/apps/details?id=com.myntra.android&reviewId=9131348e-cdd2-423d-a53e-2b39d9fb2bcb
706a48b5-cb7e-49ae-b62c-89f5aa501769,play_store,IN,Nazar Official,5,,i love myntra,2026-08-22T08:48:15.540Z,0,4.2602.22,https://play.google.com/store/apps/details?id=com.myntra.android&reviewId=706a48b5-cb7e-49ae-b62c-89f5aa501769
1fb2e4e8-4076-4075-b10b-b6223714881d,play_store,IN,Rajender,5,,Best for branded item purchase,2026-08-22T08:48:11.173Z,0,4.2608.20,https://play.google.com/store/apps/details?id=com.myntra.android&reviewId=1fb2e4e8-4076-4075-b10b-b6223714881d
2da5d7e0-95c2-4583-9883-1e263a6f714f,play_store,IN,Shivam raizada,5,,very good app,2026-08-22T08:46:21.683Z,0,4.2607.43,https://play.google.com/store/apps/details?id=com.myntra.android&reviewId=2da5d7e0-95c2-4583-9883-1e263a6f714f
26a524a2-c4c0-4f1d-b0ea-ef0da5ed8739,play_store,IN,Biman Mandal,5,,very useful app.,2026-08-22T08:43:33.673Z,0,4.2608.20,https://play.google.com/store/apps/details?id=com.myntra.android&reviewId=26a524a2-c4c0-4f1d-b0ea-ef0da5ed8739
30bb6184-8c8e-406a-8277-a5e9db021d50,play_store,IN,Vijay Bhagyawani,5,,nice product app online service best cosmetic thank you...,2026-08-22T08:40:42.247Z,0,4.2606.11,https://play.google.com/store/apps/details?id=com.myntra.android&reviewId=30bb6184-8c8e-406a-8277-a5e9db021d50
15dc6936-3bda-40b7-894f-c53919ce2c48,play_store,IN,Hema varshini Kallam,5,,Excellent quality,2026-08-22T08:33:39.634Z,0,4.2607.43,https://play.google.com/store/apps/details?id=com.myntra.android&reviewId=15dc6936-3bda-40b7-894f-c53919ce2c48
dd2d82b8-7032-4ce5-a829-e0a2264c0396,play_store,IN,Ayushman Tiwary,1,,one of the worst delivery apps i have every user,2026-08-22T08:31:52.804Z,0,4.2608.20,https://play.google.com/store/apps/details?id=com.myntra.android&reviewId=dd2d82b8-7032-4ce5-a829-e0a2264c0396
e22fa5a2-9265-4761-bdfe-8025fe529096,play_store,IN,Ashish batta,5,,Osam App But 199 Rs minimum purchase not Good,2026-08-22T08:30:49.573Z,0,4.2608.20,https://play.google.com/store/apps/details?id=com.myntra.android&reviewId=e22fa5a2-9265-4761-bdfe-8025fe529096
07496b92-219d-4632-99bb-049aa21ba4ab,play_store,IN,Mohana Peddapuli,5,,👍🏻 nice,2026-08-22T08:30:13.130Z,0,4.2606.31,https://play.google.com/store/apps/details?id=com.myntra.android&reviewId=07496b92-219d-4632-99bb-049aa21ba4ab
f41ec775-099d-40a8-b1e8-14ed007fec31,play_store,IN,krishma rajput,5,,very good aap 😊 trusted you,2026-08-22T08:28:53.700Z,0,4.2607.43,https://play.google.com/store/apps/details?id=com.myntra.android&reviewId=f41ec775-099d-40a8-b1e8-14ed007fec31
ca0e827e-93f2-4941-ab25-85f29b2afd64,play_store,IN,Asmita Swain,5,,very helpful app Tqq myntra ❤️,2026-08-22T08:28:37.544Z,0,4.2608.20,https://play.google.com/store/apps/details?id=com.myntra.android&reviewId=ca0e827e-93f2-4941-ab25-85f29b2afd64
f4ec1970-07fc-45c4-aa96-a35a3f2539e1,play_store,IN,B.srihari goud Chinna,5,,good,2026-08-22T08:28:15.998Z,0,4.2608.20,https://play.google.com/store/apps/details?id=com.myntra.android&reviewId=f4ec1970-07fc-45c4-aa96-a35a3f2539e1
bffcd68d-c175-45e5-b554-16db01acbcc9,play_store,IN,Nandani Kumari,5,,experience of shop from myntra is very good,2026-08-22T08:27:07.401Z,0,,https://play.google.com/store/apps/details?id=com.myntra.android&reviewId=bffcd68d-c175-45e5-b554-16db01acbcc9
2000773e-a5b8-4b4b-980f-f516f43966af,play_store,IN,elish Khan,5,,very useful app,2026-08-22T08:25:58.340Z,0,,https://play.google.com/store/apps/details?id=com.myntra.android&reviewId=2000773e-a5b8-4b4b-980f-f516f43966af
a8146f55-b0a8-4c14-aec2-051098f7de3c,play_store,IN,SHILESHNEE SINGH,4,,good experience 😃 myntra is good quality provided i am very happy myntra app but sometime delivery delayed sometime and easily exchange and return and refund so esliye no problem quality is good all products 👍my experience saying myntra is best app so i am telling anyone use myntra 🙏,2026-08-22T08:25:26.377Z,0,4.2608.20,https://play.google.com/store/apps/details?id=com.myntra.android&reviewId=a8146f55-b0a8-4c14-aec2-051098f7de3c
a550bd98-7974-4509-94c7-ec1cceda4901,play_store,IN,Amit Gautam,5,,Good experience shoping in Myntra good quality products provided,2026-08-22T08:23:52.670Z,0,4.2608.20,https://play.google.com/store/apps/details?id=com.myntra.android&reviewId=a550bd98-7974-4509-94c7-ec1cceda4901
431adacc-21a9-4143-8028-4b026ab24da3,play_store,IN,Anamika Singh,5,,love it!,2026-08-22T08:23:04.526Z,0,,https://play.google.com/store/apps/details?id=com.myntra.android&reviewId=431adacc-21a9-4143-8028-4b026ab24da3
c0121213-e255-4848-a1c7-9691b0d07bd0,play_store,IN,Deependra Yadav,5,,one app for all fashion styles,2026-08-22T08:22:47.495Z,0,4.2608.20,https://play.google.com/store/apps/details?id=com.myntra.android&reviewId=c0121213-e255-4848-a1c7-9691b0d07bd0
113cc11e-a68f-4e1d-91a0-a27090ca5ff0,play_store,IN,Rajeshwari khichad,5,,good 😊,2026-08-22T08:21:51.359Z,0,4.2606.31,https://play.google.com/store/apps/details?id=com.myntra.android&reviewId=113cc11e-a68f-4e1d-91a0-a27090ca5ff0
34ad2f09-0d9e-4125-9d97-82d9c52d49d7,play_store,IN,Vaishnavi,5,,"I have tried many shopping apps before but Mantra is the best in terms of product quality and shipping, everything is on time.Myntra's customer care support is also very good.And if I have to buy any beauty products or clothes, I prefer Myntra only.",2026-08-22T08:14:26.900Z,0,4.2606.31,https://play.google.com/store/apps/details?id=com.myntra.android&reviewId=34ad2f09-0d9e-4125-9d97-82d9c52d49d7
f761d664-94b5-4e8b-a188-d16b52051858,play_store,IN,Neha Gautam,4,,I love ❤️ it,2026-08-22T08:13:57.400Z,0,4.2606.31,https://play.google.com/store/apps/details?id=com.myntra.android&reviewId=f761d664-94b5-4e8b-a188-d16b52051858
6cc94a7d-c5ba-4fde-bc0d-46baa6370214,play_store,IN,zack zetedo,5,,awesome shopping platform,2026-08-22T08:11:25.759Z,0,4.2608.20,https://play.google.com/store/apps/details?id=com.myntra.android&reviewId=6cc94a7d-c5ba-4fde-bc0d-46baa6370214
f02b7e60-ecf6-4e4c-be0a-169663e8d7d8,play_store,IN,Daksh Pal,5,,good,2026-08-22T08:09:16.652Z,0,,https://play.google.com/store/apps/details?id=com.myntra.android&reviewId=f02b7e60-ecf6-4e4c-be0a-169663e8d7d8
61c59ac7-c07c-4cf0-a7c0-886acc5168ae,play_store,IN,Suraj Patel,4,,good one platform,2026-08-22T08:04:54.335Z,0,4.2608.20,https://play.google.com/store/apps/details?id=com.myntra.android&reviewId=61c59ac7-c07c-4cf0-a7c0-886acc5168ae
2398ca51-f76f-4682-ad28-72d7a8e71b8f,play_store,IN,Kanchan Devi,5,,Wow this app is useful.😊,2026-08-22T08:00:11.909Z,0,,https://play.google.com/store/apps/details?id=com.myntra.android&reviewId=2398ca51-f76f-4682-ad28-72d7a8e71b8f
1b628d34-12b9-4393-94d5-a091a439b25f,play_store,IN,Firdous Ata,5,,too good,2026-08-22T07:58:29.985Z,0,4.2608.20,https://play.google.com/store/apps/details?id=com.myntra.android&reviewId=1b628d34-12b9-4393-94d5-a091a439b25f
b97362e8-173d-45a5-8e10-22e3bf72c839,play_store,IN,Tejas sm Tejas sm,5,,nice,2026-08-22T07:54:03.559Z,0,4.2608.20,https://play.google.com/store/apps/details?id=com.myntra.android&reviewId=b97362e8-173d-45a5-8e10-22e3bf72c839
22769052-3015-41c7-b456-57a4180374dd,play_store,IN,Ashwin Kashyap,5,,gudd,2026-08-22T07:53:02.854Z,0,4.2608.20,https://play.google.com/store/apps/details?id=com.myntra.android&reviewId=22769052-3015-41c7-b456-57a4180374dd
dc92c3af-da2b-407d-98a9-a4846df7cf80,play_store,IN,SHADAB POOJA,5,,nicee app,2026-08-22T07:52:55.400Z,0,,https://play.google.com/store/apps/details?id=com.myntra.android&reviewId=dc92c3af-da2b-407d-98a9-a4846df7cf80
b12d8c35-f1dd-43e4-94c2-8a5335fc7c42,play_store,IN,Vinay Shrivastava,5,,very good app,2026-08-22T07:51:38.129Z,0,4.2608.20,https://play.google.com/store/apps/details?id=com.myntra.android&reviewId=b12d8c35-f1dd-43e4-94c2-8a5335fc7c42
1521f0bd-ec3d-4fda-8f8c-961b9c9f32bd,play_store,IN,Samir Mukherjee,5,,well,2026-08-22T07:49:44.979Z,0,4.2606.31,https://play.google.com/store/apps/details?id=com.myntra.android&reviewId=1521f0bd-ec3d-4fda-8f8c-961b9c9f32bd
88759aee-8e1b-425e-a0ec-f9426bb9f06d,play_store,IN,Ashish Ranjan,5,,"such a amazing product, I am also using since 2 year",2026-08-22T07:49:43.147Z,0,,https://play.google.com/store/apps/details?id=com.myntra.android&reviewId=88759aee-8e1b-425e-a0ec-f9426bb9f06d
c86e4d1b-094c-499b-8f1f-fbf8bc595729,play_store,IN,Sujal Savaliya,5,,very nice and excellent,2026-08-22T07:49:19.654Z,0,4.2608.20,https://play.google.com/store/apps/details?id=com.myntra.android&reviewId=c86e4d1b-094c-499b-8f1f-fbf8bc595729
2ac7328e-ae32-42cd-b08c-1bceb3c8c7ec,play_store,IN,saddam husein shaikh,5,,best,2026-08-22T07:48:35.167Z,0,4.2607.43,https://play.google.com/store/apps/details?id=com.myntra.android&reviewId=2ac7328e-ae32-42cd-b08c-1bceb3c8c7ec
ad5ab391-83a9-4d79-ac73-14606d151ea8,play_store,IN,ravi inder,5,,very good product,2026-08-22T07:46:43.643Z,0,4.2608.20,https://play.google.com/store/apps/details?id=com.myntra.android&reviewId=ad5ab391-83a9-4d79-ac73-14606d151ea8
bce89aa1-1eea-4d3f-b559-bc6dfac55653,play_store,IN,Soumyadipta Biswas,1,,Customer care is not useful at all,2026-08-22T07:45:52.626Z,0,,https://play.google.com/store/apps/details?id=com.myntra.android&reviewId=bce89aa1-1eea-4d3f-b559-bc6dfac55653
1bbac379-45ec-4895-88c3-25daf3257c4e,play_store,IN,Gaurav Kumar,5,,expensive clothes in affordable price,2026-08-22T07:45:16.946Z,0,4.2606.31,https://play.google.com/store/apps/details?id=com.myntra.android&reviewId=1bbac379-45ec-4895-88c3-25daf3257c4e
68a8703c-5227-49be-9f61-9b385a3bb2ba,play_store,IN,Partho Protim Naskar,4,,good,2026-08-22T07:41:48.696Z,0,4.2608.20,https://play.google.com/store/apps/details?id=com.myntra.android&reviewId=68a8703c-5227-49be-9f61-9b385a3bb2ba
be0e6128-ed7c-4e92-94b6-badf168d8e69,play_store,IN,ashok singh,5,,einhave best experience,2026-08-22T07:37:34.375Z,0,4.2607.43,https://play.google.com/store/apps/details?id=com.myntra.android&reviewId=be0e6128-ed7c-4e92-94b6-badf168d8e69
bc6428eb-43e6-4f57-b4c2-682f879f991a,play_store,IN,Ash Seth,5,,very good experience 💯,2026-08-22T07:35:57.875Z,0,,https://play.google.com/store/apps/details?id=com.myntra.android&reviewId=bc6428eb-43e6-4f57-b4c2-682f879f991a
056e5fb4-9e9b-4b59-90fe-cf532bbd928b,play_store,IN,Sajidul Islam,5,,super fast,2026-08-22T07:33:32.623Z,0,4.2606.31,https://play.google.com/store/apps/details?id=com.myntra.android&reviewId=056e5fb4-9e9b-4b59-90fe-cf532bbd928b
f2fbe82a-1b80-4fb6-86bb-aa9dbbd8785b,play_store,IN,Dalveer Pareek,5,,very nice product 💯 and good 👍👍👍 price 💯,2026-08-22T07:33:22.182Z,0,4.2608.20,https://play.google.com/store/apps/details?id=com.myntra.android&reviewId=f2fbe82a-1b80-4fb6-86bb-aa9dbbd8785b
dfe1ce37-c018-4294-ac6f-d3fae2a51338,play_store,IN,Benzin Emwmedia,1,,no collections for men products. and now the developer responds asking for order ID to resolve the issue. such a nonsense. how can there be an order ID where there is nothing to order. LoL. junk site.,2026-08-22T07:32:30.545Z,0,4.2608.20,https://play.google.com/store/apps/details?id=com.myntra.android&reviewId=dfe1ce37-c018-4294-ac6f-d3fae2a51338
2345c8b0-dd1f-487b-992c-1ca6c21b3272,play_store,IN,Aman Preet,5,,very good products..,2026-08-22T07:21:32.555Z,0,4.2608.20,https://play.google.com/store/apps/details?id=com.myntra.android&reviewId=2345c8b0-dd1f-487b-992c-1ca6c21b3272
e84e93e3-7a3a-4f98-b09e-0896d6eb2ff6,play_store,IN,Sanjeet Singh,5,,good,2026-08-22T07:21:27.965Z,0,4.2608.20,https://play.google.com/store/apps/details?id=com.myntra.android&reviewId=e84e93e3-7a3a-4f98-b09e-0896d6eb2ff6
796d1a7c-bdd6-4be2-8c55-62fa6ed17120,play_store,IN,Debashreeta Maharana,5,,"very good quality product affordable price love myntra.Myntra is a great shopping app with a wide variety of products and brands. The app is easy to use, deliveries are usually quick, and the quality of products is good. The offers and discounts are also quite attractive. Overall, I’ve had a very good shopping experience with Myntra and would definitely recommend it.I’ve had a really good experience shopping on Myntra. The collection is trendy, the prices are reasonable, Myntra never disappoint",2026-08-22T07:20:36.615Z,0,4.2607.43,https://play.google.com/store/apps/details?id=com.myntra.android&reviewId=796d1a7c-bdd6-4be2-8c55-62fa6ed17120
5cc525dd-1174-4396-8533-949ef8ce9e67,play_store,IN,NAZIBA A,4,,nyc clothh♥️,2026-08-22T07:18:11.581Z,0,4.2608.20,https://play.google.com/store/apps/details?id=com.myntra.android&reviewId=5cc525dd-1174-4396-8533-949ef8ce9e67
4f728b42-fa51-401e-b072-54bc7ad14828,play_store,IN,Shiksha Tripathi,5,,it's so amazing,2026-08-22T07:17:31.134Z,0,4.2607.11,https://play.google.com/store/apps/details?id=com.myntra.android&reviewId=4f728b42-fa51-401e-b072-54bc7ad14828
e631e417-8f35-49ca-8db3-5d92d7965de3,play_store,IN,Rachita,1,,"Extremely poor experience with Myntra. My dress arrived without the loop tag, so I requested a return, but the pickup was refused because of a tag that was missing when I received it. I’ve spoken to 6–7 agents, wasted hours explaining the same issue, and still have to wait until 25th Aug. I need a replacement by 26th Aug, so I may now have to pay twice because of Myntra’s failure. Worst part: an agent rudely disconnected my call when I asked for a senior representative. Absolutely unacceptable.",2026-08-22T07:17:19.371Z,0,4.2608.20,https://play.google.com/store/apps/details?id=com.myntra.android&reviewId=e631e417-8f35-49ca-8db3-5d92d7965de3
1b8539ff-b45c-47e0-bbc6-24eca1603461,play_store,IN,ravi banghard,4,,good good not bad,2026-08-22T07:17:12.788Z,0,4.2607.43,https://play.google.com/store/apps/details?id=com.myntra.android&reviewId=1b8539ff-b45c-47e0-bbc6-24eca1603461
d7c62171-fa2f-43d0-9aa5-8116fb1e8bc0,play_store,IN,Shivam Gaur,5,,great,2026-08-22T07:15:06.366Z,0,,https://play.google.com/store/apps/details?id=com.myntra.android&reviewId=d7c62171-fa2f-43d0-9aa5-8116fb1e8bc0
85b7e73a-9d64-46b7-bea2-279a52a27b4c,play_store,IN,midhun vincent,1,,goin well till 5 days baxk unexpectedly deactivated my account with no reason dont know why,2026-08-22T07:14:30.696Z,0,4.2408.20,https://play.google.com/store/apps/details?id=com.myntra.android&reviewId=85b7e73a-9d64-46b7-bea2-279a52a27b4c
689919b2-8ceb-42e2-b2d4-8e4309ddd9e0,play_store,IN,Surya Prakash M,5,,super,2026-08-22T07:12:30.200Z,0,4.2608.20,https://play.google.com/store/apps/details?id=com.myntra.android&reviewId=689919b2-8ceb-42e2-b2d4-8e4309ddd9e0
b11e6280-2bb8-4b82-a47b-517ef9f50f7e,play_store,IN,A Google user,5,,"such a beautiful cup set ☕️☕️commendable Packaging ,design is so cute and as per my expectation.Thank so much myntra for this beautiful cup set.",2026-08-22T07:12:22.536Z,0,4.2606.11,https://play.google.com/store/apps/details?id=com.myntra.android&reviewId=b11e6280-2bb8-4b82-a47b-517ef9f50f7e
df87410a-e67b-422a-92db-f92129fed3c4,play_store,IN,Ravi Verma,5,,best clothe shopping app,2026-08-22T07:08:32.769Z,0,4.2608.20,https://play.google.com/store/apps/details?id=com.myntra.android&reviewId=df87410a-e67b-422a-92db-f92129fed3c4
4387c349-4737-4439-aa09-a03045a7475e,play_store,IN,Vishakha Choudhary,5,,good for meh every style available,2026-08-22T07:06:58.108Z,0,,https://play.google.com/store/apps/details?id=com.myntra.android&reviewId=4387c349-4737-4439-aa09-a03045a7475e
ff9334f7-b89f-4e74-be21-6404d3cdfbbd,play_store,IN,Jhalak Gohar,1,,"Extremely disappointing experience with Myntra. I ordered Plix Jamun Clarifying Fruity Toner, but the product arrived broken and leaking despite the packaging being unopened. This is clearly unacceptable, especially for a skincare product. What’s even more frustrating is that it has now been 5 days since I raised the issue, and there has been no proper resolution or meaningful action from Myntra. literally the worst shopping app they don't care about the customer at all.",2026-08-22T07:06:08.397Z,1,,https://play.google.com/store/apps/details?id=com.myntra.android&reviewId=ff9334f7-b89f-4e74-be21-6404d3cdfbbd
01f26ca0-0947-4c9b-a67a-f1f4fc2b4742,play_store,IN,Nishigandha Gawali,5,,Great,2026-08-22T07:06:01.997Z,0,4.2608.20,https://play.google.com/store/apps/details?id=com.myntra.android&reviewId=01f26ca0-0947-4c9b-a67a-f1f4fc2b4742
a0daa2fc-2b0a-4f74-80c4-19ef38743a51,play_store,IN,Mohit B,5,,fantastic app,2026-08-22T07:03:42.728Z,0,,https://play.google.com/store/apps/details?id=com.myntra.android&reviewId=a0daa2fc-2b0a-4f74-80c4-19ef38743a51
8fbd2065-e1ec-489d-9a38-e7e088ab2fed,play_store,IN,rohit kumar,5,,very nice easy returns and exchange,2026-08-22T07:03:01.589Z,0,4.2602.11,https://play.google.com/store/apps/details?id=com.myntra.android&reviewId=8fbd2065-e1ec-489d-9a38-e7e088ab2fed
f42f891e-c317-4099-9526-23bb927d3fab,play_store,IN,200Aditi Sharma,5,,good product love it,2026-08-22T07:02:34.171Z,0,4.2607.32,https://play.google.com/store/apps/details?id=com.myntra.android&reviewId=f42f891e-c317-4099-9526-23bb927d3fab
a41d5874-c7fe-4c58-9f06-e7385dc1f491,play_store,IN,Annesha Banerjee,5,,Good and effortless ordering experience and let's not say anything about the quality and affordability of the products. The range is vivid and thus making it accessible for all lovelies out there! 🌟🌟🌟❤️❤️,2026-08-22T07:01:48.458Z,0,4.2608.20,https://play.google.com/store/apps/details?id=com.myntra.android&reviewId=a41d5874-c7fe-4c58-9f06-e7385dc1f491
6eb938a4-14bf-441d-ab03-67f5ad363c9c,play_store,IN,SHAKUN SHARMA,1,,Its been years of using Myntra and it's my go to app for shopping but now repeatedly delivering wrong products. So disappointed with their service. Either change your sellers or improve your service.👎,2026-08-22T06:56:12.105Z,0,4.2606.31,https://play.google.com/store/apps/details?id=com.myntra.android&reviewId=6eb938a4-14bf-441d-ab03-67f5ad363c9c
613fcba2-9684-43e3-8079-7e7a82de03e0,play_store,IN,Rohan hs Sandimani,5,,best app,2026-08-22T06:56:03.301Z,0,4.2608.20,https://play.google.com/store/apps/details?id=com.myntra.android&reviewId=613fcba2-9684-43e3-8079-7e7a82de03e0
e75d74ad-c796-4248-9089-6847aac012ab,play_store,IN,Sagar Chavan,5,,good,2026-08-22T06:53:36.446Z,0,4.2608.20,https://play.google.com/store/apps/details?id=com.myntra.android&reviewId=e75d74ad-c796-4248-9089-6847aac012ab
6199a08d-89a1-4f44-839d-3da14106227c,play_store,IN,The Bhuvan,5,,extraordinary 🤩,2026-08-22T06:49:52.803Z,0,4.2608.20,https://play.google.com/store/apps/details?id=com.myntra.android&reviewId=6199a08d-89a1-4f44-839d-3da14106227c
4b90d5ff-e768-451a-a67f-4a32a7a1c450,play_store,IN,Hritik Sinha,5,,best app for shopping,2026-08-22T06:48:35.925Z,0,,https://play.google.com/store/apps/details?id=com.myntra.android&reviewId=4b90d5ff-e768-451a-a67f-4a32a7a1c450
ba4267a1-96f5-4b8b-afa4-a96fbd39d8ac,play_store,IN,Faesal Iqbal,4,,good 😊,2026-08-22T06:46:55.573Z,0,4.2608.20,https://play.google.com/store/apps/details?id=com.myntra.android&reviewId=ba4267a1-96f5-4b8b-afa4-a96fbd39d8ac
c91c0d55-1558-4730-b423-a649dc2dcc83,play_store,IN,Suchismita Mondal,5,,excellent,2026-08-22T06:43:05.880Z,0,4.2608.20,https://play.google.com/store/apps/details?id=com.myntra.android&reviewId=c91c0d55-1558-4730-b423-a649dc2dcc83
7c24fc04-7fa7-427d-be42-a2d9e55ee16a,play_store,IN,vivek jha,5,,nice,2026-08-22T06:41:26.659Z,0,4.2608.20,https://play.google.com/store/apps/details?id=com.myntra.android&reviewId=7c24fc04-7fa7-427d-be42-a2d9e55ee16a
ba3e814f-d5ff-478b-9294-cd89113f2ed2,play_store,IN,Abhigyan Pandey,5,,best product quality,2026-08-22T06:40:22.803Z,0,,https://play.google.com/store/apps/details?id=com.myntra.android&reviewId=ba3e814f-d5ff-478b-9294-cd89113f2ed2
de85043f-5209-4fad-83ff-b3737b92bf2f,play_store,IN,varun patil,5,,good,2026-08-22T06:39:09.650Z,0,4.2608.20,https://play.google.com/store/apps/details?id=com.myntra.android&reviewId=de85043f-5209-4fad-83ff-b3737b92bf2f
c6b9bfb7-b35e-4166-ab9a-d7f393f1c832,play_store,IN,Sonu Kumar,5,,nice shop app,2026-08-22T06:36:59.955Z,0,,https://play.google.com/store/apps/details?id=com.myntra.android&reviewId=c6b9bfb7-b35e-4166-ab9a-d7f393f1c832
b803656a-53bd-4b29-9339-d0e4e3691d0a,play_store,IN,Alsaif Khan,5,,excellent,2026-08-22T06:36:29.885Z,0,4.2606.31,https://play.google.com/store/apps/details?id=com.myntra.android&reviewId=b803656a-53bd-4b29-9339-d0e4e3691d0a
69496248-7943-41cb-ae1f-d5a420343fc5,play_store,IN,Anupam Singh,5,,very affordable shopping app,2026-08-22T06:35:13.862Z,0,4.2607.43,https://play.google.com/store/apps/details?id=com.myntra.android&reviewId=69496248-7943-41cb-ae1f-d5a420343fc5
7cfe5c09-491b-42dc-ad00-1bf21b400a2d,play_store,IN,Esther Esther,5,,good,2026-08-22T06:33:37.567Z,0,,https://play.google.com/store/apps/details?id=com.myntra.android&reviewId=7cfe5c09-491b-42dc-ad00-1bf21b400a2d
02a62d25-2b4f-4427-b660-95d3dbf5e756,play_store,IN,Kaur Jatti,5,,excellent 👌👌👌👌💗💗💗,2026-08-22T06:33:20.890Z,0,4.2608.20,https://play.google.com/store/apps/details?id=com.myntra.android&reviewId=02a62d25-2b4f-4427-b660-95d3dbf5e756
86fdd3f8-bfd5-497f-a8d3-025f6015634e,play_store,IN,Razia Akhter,4,,"The return process gets a little hectic at times, otherwise it's a nice app for quality shopping experience.",2026-08-22T06:29:22.903Z,0,4.2608.20,https://play.google.com/store/apps/details?id=com.myntra.android&reviewId=86fdd3f8-bfd5-497f-a8d3-025f6015634e
9a8b9da2-6adc-486e-90a6-107644633c43,play_store,IN,Geetha Kumary,1,,very bad service don't buy any kind of products totally waste,2026-08-22T06:28:36.813Z,0,,https://play.google.com/store/apps/details?id=com.myntra.android&reviewId=9a8b9da2-6adc-486e-90a6-107644633c43
732a1253-5dfc-4689-b5cb-13c6c6b0d42f,play_store,IN,Asha Ujjwal,1,,very bad costumer service,2026-08-22T06:28:13.650Z,0,4.2608.20,https://play.google.com/store/apps/details?id=com.myntra.android&reviewId=732a1253-5dfc-4689-b5cb-13c6c6b0d42f
a8b956d2-5005-4d01-bdd4-6f76af34ef1f,play_store,IN,M K Choubey,5,,amazing experience,2026-08-22T06:26:48.933Z,0,4.2607.11,https://play.google.com/store/apps/details?id=com.myntra.android&reviewId=a8b956d2-5005-4d01-bdd4-6f76af34ef1f
5dc58929-8ce9-4f29-b568-cdc2fc4ba25f,play_store,IN,R Charishma,5,,Great,2026-08-22T06:26:22.101Z,0,4.2608.20,https://play.google.com/store/apps/details?id=com.myntra.android&reviewId=5dc58929-8ce9-4f29-b568-cdc2fc4ba25f
83808d51-a9a5-436c-831a-839616df05fc,play_store,IN,Madhu Priya,5,,nice,2026-08-22T06:23:24.924Z,0,4.2306.21,https://play.google.com/store/apps/details?id=com.myntra.android&reviewId=83808d51-a9a5-436c-831a-839616df05fc
e7a81113-5abc-4b2e-80b5-877ae12ec4b6,play_store,IN,Prachi dhillon,5,,best,2026-08-22T06:21:44.421Z,0,4.2608.20,https://play.google.com/store/apps/details?id=com.myntra.android&reviewId=e7a81113-5abc-4b2e-80b5-877ae12ec4b6
3c9d5ba7-59d6-4e1b-b549-526efc3bd874,play_store,IN,Purnachandra Dalai,5,,👍,2026-08-22T06:21:10.910Z,0,4.2608.20,https://play.google.com/store/apps/details?id=com.myntra.android&reviewId=3c9d5ba7-59d6-4e1b-b549-526efc3bd874
f054dca3-2b03-4a72-af87-cc6edabc1b4c,play_store,IN,5049_Zainab Hashmi.,5,,that's really amazing experience with Myntra everytime . It never disappoints.,2026-08-22T06:18:54.659Z,0,4.2608.20,https://play.google.com/store/apps/details?id=com.myntra.android&reviewId=f054dca3-2b03-4a72-af87-cc6edabc1b4c
236b864f-4aca-483e-8790-87469bc8ad2f,play_store,IN,P.T.B MUSIC,5,,superb,2026-08-22T06:16:41.834Z,0,4.2608.20,https://play.google.com/store/apps/details?id=com.myntra.android&reviewId=236b864f-4aca-483e-8790-87469bc8ad2f
2707bc94-f943-4356-883b-9de1ca80f71e,play_store,IN,Rumesha Azam Shaikh,5,,Great deal on time delivery,2026-08-22T06:14:13.521Z,0,4.2508.20,https://play.google.com/store/apps/details?id=com.myntra.android&reviewId=2707bc94-f943-4356-883b-9de1ca80f71e
fa8ef9c3-9f39-4e4a-8bfc-91a80b979406,play_store,IN,Ashu singh,5,,good app,2026-08-22T06:11:20.611Z,0,4.2608.20,https://play.google.com/store/apps/details?id=com.myntra.android&reviewId=fa8ef9c3-9f39-4e4a-8bfc-91a80b979406
3ec8fb9a-eb18-47e5-b56e-0502cb71d55b,play_store,IN,Md Tarif,5,,really fantastic shopping app,2026-08-22T06:09:44.346Z,0,4.2606.41,https://play.google.com/store/apps/details?id=com.myntra.android&reviewId=3ec8fb9a-eb18-47e5-b56e-0502cb71d55b
bf5487a5-70d2-465d-9c0b-6a312acb8027,play_store,IN,Anshika Gupta,5,,good,2026-08-22T06:05:17.776Z,0,4.2606.31,https://play.google.com/store/apps/details?id=com.myntra.android&reviewId=bf5487a5-70d2-465d-9c0b-6a312acb8027
f22e0c78-8992-4826-bf8d-08dce57e5ebd,play_store,IN,Brijesh Yadav,5,,good,2026-08-22T06:02:55.315Z,0,4.2608.20,https://play.google.com/store/apps/details?id=com.myntra.android&reviewId=f22e0c78-8992-4826-bf8d-08dce57e5ebd
82fb07d0-642c-479e-a829-9de40b4bcd6e,play_store,IN,Anisha Gupta,5,,good shopping,2026-08-22T06:01:09.961Z,0,4.2608.20,https://play.google.com/store/apps/details?id=com.myntra.android&reviewId=82fb07d0-642c-479e-a829-9de40b4bcd6e
e4302eb7-1c70-4c2a-a746-d3016ae092b4,play_store,IN,Dolu Shahi,5,,this aap is good for shopping,2026-08-22T05:59:56.341Z,0,4.2608.20,https://play.google.com/store/apps/details?id=com.myntra.android&reviewId=e4302eb7-1c70-4c2a-a746-d3016ae092b4
a2b9195f-d0a6-43e0-b34f-eb58274417b0,play_store,IN,Pujari bhavya,5,,good app everyone must use best reasonable budget friendly app,2026-08-22T05:57:22.829Z,0,4.2607.43,https://play.google.com/store/apps/details?id=com.myntra.android&reviewId=a2b9195f-d0a6-43e0-b34f-eb58274417b0
6d0d9587-76a1-4bb9-abaf-901f53b1f29c,play_store,IN,Atanu Mukherjee,5,,Lovely experience,2026-08-22T05:56:35.910Z,0,4.2608.20,https://play.google.com/store/apps/details?id=com.myntra.android&reviewId=6d0d9587-76a1-4bb9-abaf-901f53b1f29c
16535476-da83-446f-8f7b-f08743f486c4,play_store,IN,Kusuma Punarvi,4,,"good but little expensive, quality was much good",2026-08-22T05:55:33.970Z,0,4.2607.43,https://play.google.com/store/apps/details?id=com.myntra.android&reviewId=16535476-da83-446f-8f7b-f08743f486c4
a60884a5-ef75-4df1-ace0-d02e4f4c3907,play_store,IN,Jayasri,5,,good,2026-08-22T05:55:23.511Z,0,4.2608.20,https://play.google.com/store/apps/details?id=com.myntra.android&reviewId=a60884a5-ef75-4df1-ace0-d02e4f4c3907
4d902a84-abbb-439c-a6db-50e844605ba5,play_store,IN,Chandan,4,,good app,2026-08-22T05:53:02.905Z,0,,https://play.google.com/store/apps/details?id=com.myntra.android&reviewId=4d902a84-abbb-439c-a6db-50e844605ba5
4c48c8ac-5774-492a-9065-cca7d246e544,play_store,IN,Food Paradise,1,,worst servicee ordered a product at 13 august estimated delivery date was 16th of August today is 22 aug no update yet and also no response from team,2026-08-22T05:53:00.792Z,0,,https://play.google.com/store/apps/details?id=com.myntra.android&reviewId=4c48c8ac-5774-492a-9065-cca7d246e544
26f5a4dd-4b8e-4dae-966f-9dc71e51bc3c,play_store,IN,padma lochani Lochani,5,,Good,2026-08-22T05:51:03.228Z,0,4.2608.20,https://play.google.com/store/apps/details?id=com.myntra.android&reviewId=26f5a4dd-4b8e-4dae-966f-9dc71e51bc3c
c956de44-59a7-4a2f-a268-c7fa35899897,play_store,IN,Shreyansh Chaubey,5,,❤️,2026-08-22T05:50:04.610Z,0,4.2608.20,https://play.google.com/store/apps/details?id=com.myntra.android&reviewId=c956de44-59a7-4a2f-a268-c7fa35899897
a6f3c3f4-a58f-42bb-813d-736b1b9c8db7,play_store,IN,poonam patil,5,,very good app,2026-08-22T05:48:10.432Z,0,,https://play.google.com/store/apps/details?id=com.myntra.android&reviewId=a6f3c3f4-a58f-42bb-813d-736b1b9c8db7
b1aa058b-5c56-44d1-aef9-9b384f500195,play_store,IN,Maneeth Akuthota,5,,super,2026-08-22T05:48:02.266Z,0,4.2608.20,https://play.google.com/store/apps/details?id=com.myntra.android&reviewId=b1aa058b-5c56-44d1-aef9-9b384f500195
80f6f98a-b7f5-40ef-8478-63f3a2ad198d,play_store,IN,Tttrr rai,5,,"superb app for shopping, best products in best price",2026-08-22T05:46:42.746Z,0,4.2608.20,https://play.google.com/store/apps/details?id=com.myntra.android&reviewId=80f6f98a-b7f5-40ef-8478-63f3a2ad198d
ecb209e4-52a5-4a8d-abfc-c45e1ec4c112,play_store,IN,jency rodrigues,5,,very good service and decent products,2026-08-22T05:45:25.676Z,0,4.2607.43,https://play.google.com/store/apps/details?id=com.myntra.android&reviewId=ecb209e4-52a5-4a8d-abfc-c45e1ec4c112
699ebb0c-fca5-4a74-a52b-8e8972ba4612,play_store,IN,manoranjan behera,5,,awsm,2026-08-22T05:44:37.153Z,0,4.2606.31,https://play.google.com/store/apps/details?id=com.myntra.android&reviewId=699ebb0c-fca5-4a74-a52b-8e8972ba4612
4c74e994-43b9-4a77-82a5-e993b147c21b,play_store,IN,Harmanpreet Kaur,4,,very good,2026-08-22T05:38:25.170Z,0,,https://play.google.com/store/apps/details?id=com.myntra.android&reviewId=4c74e994-43b9-4a77-82a5-e993b147c21b
ed59c194-f6d3-4ca5-91c1-155b0afc8097,play_store,IN,SHUBHAM BISWAL,4,,"The price breakup should be much more transparent. Customers should be clearly shown where their money is going and how much is being charged by Myntra, the seller, logistics, platform fees, taxes, or any other service. In my case, ₹171 was charged as GT charges, but this was not clearly shown in the app's price breakup. Customers should not have to download separate invoices to understand where their money went. Please provide a complete and transparent breakup of every charge before payment.",2026-08-22T05:35:19.161Z,0,,https://play.google.com/store/apps/details?id=com.myntra.android&reviewId=ed59c194-f6d3-4ca5-91c1-155b0afc8097
5a5035aa-36fd-4c2a-8750-8236e9f50767,play_store,IN,Ngura sailo,4,,good,2026-08-22T05:30:44.109Z,0,4.2606.31,https://play.google.com/store/apps/details?id=com.myntra.android&reviewId=5a5035aa-36fd-4c2a-8750-8236e9f50767
2f0d44ec-b85b-4203-bb80-02e4711cd2da,play_store,IN,Sumit Tripathi,5,,owsm app,2026-08-22T05:29:34.751Z,0,4.2608.20,https://play.google.com/store/apps/details?id=com.myntra.android&reviewId=2f0d44ec-b85b-4203-bb80-02e4711cd2da
8e830d89-eb5c-406f-a14f-9b93c4d89db5,play_store,IN,Rabia 24,5,,The best,2026-08-22T05:28:54.578Z,0,4.2608.20,https://play.google.com/store/apps/details?id=com.myntra.android&reviewId=8e830d89-eb5c-406f-a14f-9b93c4d89db5
834adac8-62f2-479f-a5af-9352da00e2c2,play_store,IN,Sk Sunny,5,,best quality products,2026-08-22T05:25:34.197Z,0,4.2608.20,https://play.google.com/store/apps/details?id=com.myntra.android&reviewId=834adac8-62f2-479f-a5af-9352da00e2c2
4e11ef95-4f71-4036-9b64-8edad12e5387,play_store,IN,Ipsita Ghatak,5,,i like this app so much and like to purchase from here...and i love the ultimate gc so much,2026-08-22T05:25:21.407Z,0,4.2606.30,https://play.google.com/store/apps/details?id=com.myntra.android&reviewId=4e11ef95-4f71-4036-9b64-8edad12e5387
7b4ecdf4-0ef4-49c5-af58-ba227e197234,play_store,IN,Binod Hikaka,5,,it's awesome one to have window shopping,2026-08-22T05:24:56.656Z,0,,https://play.google.com/store/apps/details?id=com.myntra.android&reviewId=7b4ecdf4-0ef4-49c5-af58-ba227e197234
155cb7ec-052f-4700-884b-933f2a982222,play_store,IN,Mansi Jha,1,,"Title: Worst Experience - Fake Delivery Update & No Support!Myntra app is showing my as ""Delivered,"" but I have NOT received my package! No delivery guy called me, and no OTP was asked. Customer service is not helping. This is fraud. Please look into this immediately and refund my money! #not accept this kind of service from myntra",2026-08-22T05:24:34.236Z,0,4.2607.32,https://play.google.com/store/apps/details?id=com.myntra.android&reviewId=155cb7ec-052f-4700-884b-933f2a982222
03e668a2-8a87-4391-b26d-79ae36d559ed,play_store,IN,shrikant bharti,5,,"⭐⭐⭐⭐⭐ Excellent Shopping Experience! “Great collection, good quality products, attractive discounts and easy shopping experience. Delivery is usually smooth and the app is very easy to use. Highly recommended for fashion shopping!”",2026-08-22T05:20:27.895Z,0,4.2601.20,https://play.google.com/store/apps/details?id=com.myntra.android&reviewId=03e668a2-8a87-4391-b26d-79ae36d559ed
cfb2efcb-06fe-48d6-a5f2-65ae7ed8bcfe,play_store,IN,Digvijay Kadam,5,,very good,2026-08-22T05:18:03.886Z,0,4.2606.31,https://play.google.com/store/apps/details?id=com.myntra.android&reviewId=cfb2efcb-06fe-48d6-a5f2-65ae7ed8bcfe
3096d9ba-855f-4878-bdd4-d4eada3809db,play_store,IN,Riya Chowdhury,1,,worst app ever my order has been delayed by more than 10 days and when tried to contact the helpline many times but all agents are busy the help chat is aslo of no use then complaint in Myntra grievances still no delivery or refund for my items.,2026-08-22T05:16:53.435Z,0,4.2606.30,https://play.google.com/store/apps/details?id=com.myntra.android&reviewId=3096d9ba-855f-4878-bdd4-d4eada3809db
53d08804-d008-4989-afef-9703b93c3ff3,play_store,IN,Babhekzo Khota,5,,excellent App with very nice quality product. Sometimes products are delivered earlier than expected,2026-08-22T05:11:52.453Z,0,4.2608.20,https://play.google.com/store/apps/details?id=com.myntra.android&reviewId=53d08804-d008-4989-afef-9703b93c3ff3
78ade7b7-5d25-459c-bbfc-269000bc4b5f,play_store,IN,Malaviya Mohan,5,,good,2026-08-22T05:00:16.776Z,0,4.2608.20,https://play.google.com/store/apps/details?id=com.myntra.android&reviewId=78ade7b7-5d25-459c-bbfc-269000bc4b5f
5811cbea-8c81-440d-bdd5-2d4570331224,play_store,IN,Glow With Nishi,1,,"Costing too much extra fees, convenience fees n that.",2026-08-22T04:59:53.631Z,2,4.2607.43,https://play.google.com/store/apps/details?id=com.myntra.android&reviewId=5811cbea-8c81-440d-bdd5-2d4570331224
902de596-2c3c-4176-b031-ec6b99bc9cbe,play_store,IN,Bhumi Parmar,1,,return is available but not pick-up and if dilevery boy come he say you have to talk with agent your yellow colour tag cafe is not match with our app and i have bill and yellow tag also and reture packaging is also safe but not help center ans and not pick-up what i do nowe????,2026-08-22T04:59:12.819Z,0,4.2608.20,https://play.google.com/store/apps/details?id=com.myntra.android&reviewId=902de596-2c3c-4176-b031-ec6b99bc9cbe
89d0ae8d-4625-4c0d-88ba-ba08334c0b43,play_store,IN,PALLAVI PATHAK,5,,excellent quality,2026-08-22T04:55:41.170Z,0,4.2608.20,https://play.google.com/store/apps/details?id=com.myntra.android&reviewId=89d0ae8d-4625-4c0d-88ba-ba08334c0b43
b99d2caa-d36b-456e-869d-50c2ca2517e0,play_store,IN,Raja Khan,5,,Nice,2026-08-22T04:54:42.904Z,0,4.2606.31,https://play.google.com/store/apps/details?id=com.myntra.android&reviewId=b99d2caa-d36b-456e-869d-50c2ca2517e0
8bf23c6b-8d30-4124-adcb-8d7ffd7471c3,play_store,IN,anil kumar,5,,nice,2026-08-22T04:48:49.328Z,0,4.2605.11,https://play.google.com/store/apps/details?id=com.myntra.android&reviewId=8bf23c6b-8d30-4124-adcb-8d7ffd7471c3
5f2a19fe-ccb2-4839-a6ff-2525af64a758,play_store,IN,Nitin Kumar,5,,awesome and well experience for all .,2026-08-22T04:48:36.486Z,0,4.2607.32,https://play.google.com/store/apps/details?id=com.myntra.android&reviewId=5f2a19fe-ccb2-4839-a6ff-2525af64a758
e9d7b230-1c12-4f94-91b7-f52869e81a1c,play_store,IN,Ankur Khare,5,,best app for clothing,2026-08-22T04:47:23.856Z,0,4.2606.31,https://play.google.com/store/apps/details?id=com.myntra.android&reviewId=e9d7b230-1c12-4f94-91b7-f52869e81a1c
f5e22a19-624a-473b-b94f-2588a20ca432,play_store,IN,Soni Sheikh,5,,very good 👍,2026-08-22T04:44:44.547Z,0,,https://play.google.com/store/apps/details?id=com.myntra.android&reviewId=f5e22a19-624a-473b-b94f-2588a20ca432
c7a14177-71a9-4081-a153-faed114272c7,play_store,IN,Ritu Das,5,,everything's quality is good and everything is budget friendly,2026-08-22T04:42:54.293Z,0,4.2607.43,https://play.google.com/store/apps/details?id=com.myntra.android&reviewId=c7a14177-71a9-4081-a153-faed114272c7
f0be2728-a6b5-499c-aeb6-dc03bc02d101,play_store,IN,Krittika Shekhawat,5,,easy to shop with fast delivery and decent collections,2026-08-22T04:34:15.673Z,0,4.2607.43,https://play.google.com/store/apps/details?id=com.myntra.android&reviewId=f0be2728-a6b5-499c-aeb6-dc03bc02d101
b4b2b06e-e09b-43cf-8396-d2f72cb63263,play_store,IN,Yashashree Bhorkar,5,,best shopping app,2026-08-22T04:32:32.902Z,0,,https://play.google.com/store/apps/details?id=com.myntra.android&reviewId=b4b2b06e-e09b-43cf-8396-d2f72cb63263
73a6fd66-a540-48d6-b230-50ea1a641c12,play_store,IN,Ashika Ashi,5,,best product,2026-08-22T04:25:44.478Z,0,,https://play.google.com/store/apps/details?id=com.myntra.android&reviewId=73a6fd66-a540-48d6-b230-50ea1a641c12
6bbb7bcf-d230-4b31-a0ac-84f27d79a170,play_store,IN,CA Geetanjal Jojare,5,,very good collection of quality cloths,2026-08-22T04:25:13.807Z,0,4.2608.20,https://play.google.com/store/apps/details?id=com.myntra.android&reviewId=6bbb7bcf-d230-4b31-a0ac-84f27d79a170
857fd07a-386a-49bf-8789-4d3d58bfc4d6,play_store,IN,Ritwika Roy,5,,I love myntra,2026-08-22T04:24:31.890Z,0,4.2608.20,https://play.google.com/store/apps/details?id=com.myntra.android&reviewId=857fd07a-386a-49bf-8789-4d3d58bfc4d6
8e2bb86f-e0e1-4345-817d-d4f624363774,play_store,IN,Suchit verma,5,,Good aap,2026-08-22T04:24:31.349Z,0,4.2607.43,https://play.google.com/store/apps/details?id=com.myntra.android&reviewId=8e2bb86f-e0e1-4345-817d-d4f624363774
3546eb3e-3754-430e-a251-5b1017660df7,play_store,IN,Mridul Kundu,5,,very very good app for shopping. i have been using it since 4 years and it is great,2026-08-22T04:20:20.460Z,0,4.2608.20,https://play.google.com/store/apps/details?id=com.myntra.android&reviewId=3546eb3e-3754-430e-a251-5b1017660df7
2bb5d38f-8808-4e34-b4b2-f5f936749fff,play_store,IN,Daily Life,5,,"Excellent shopping experience with Myntra! The product quality was great, delivery was quick, and the overall service was smooth and reliable. I’m very satisfied with my purchase and would definitely recommend Myntra to others.",2026-08-22T04:18:14.622Z,0,4.2607.32,https://play.google.com/store/apps/details?id=com.myntra.android&reviewId=2bb5d38f-8808-4e34-b4b2-f5f936749fff
8c8bdf8e-fe55-48fb-9e73-8bec9be39a4d,play_store,IN,Hirok Deka,5,,very good,2026-08-22T04:17:57.790Z,0,4.2608.20,https://play.google.com/store/apps/details?id=com.myntra.android&reviewId=8c8bdf8e-fe55-48fb-9e73-8bec9be39a4d
03a18532-b2d5-41b3-b7cb-dd92f8a40dfd,play_store,IN,Ankit Kumar,5,,myntra is best shopping app and give a best quality product.,2026-08-22T04:17:44.988Z,0,4.2608.20,https://play.google.com/store/apps/details?id=com.myntra.android&reviewId=03a18532-b2d5-41b3-b7cb-dd92f8a40dfd
0f13a1e1-7638-49da-8190-29de114ca3f4,play_store,IN,Virendra Verma,1,,"This is terrible. I ordered a parcel; the app showed it as 'delivered,' but it never actually reached me. When I complained, they said there was nothing they could do about it. That is why this app is truly useless 😡.",2026-08-22T04:16:38.722Z,0,,https://play.google.com/store/apps/details?id=com.myntra.android&reviewId=0f13a1e1-7638-49da-8190-29de114ca3f4
ac7c0c7c-e452-47ce-b570-5fb8af1bd272,play_store,IN,Bindal Patel,5,,Best quality 👌 fast delivery and very comfortable material,2026-08-22T04:14:22.321Z,0,,https://play.google.com/store/apps/details?id=com.myntra.android&reviewId=ac7c0c7c-e452-47ce-b570-5fb8af1bd272
7266c00d-6e24-4ea1-b9bf-434793f3dfee,play_store,IN,Md Dilshan Khan,5,,nice app,2026-08-22T04:11:52.695Z,0,4.2607.43,https://play.google.com/store/apps/details?id=com.myntra.android&reviewId=7266c00d-6e24-4ea1-b9bf-434793f3dfee
226e4596-874c-4226-a402-c1048db91fb1,play_store,IN,Puspa Gupta,5,,best experience with myntra,2026-08-22T04:06:29.988Z,0,4.2607.43,https://play.google.com/store/apps/details?id=com.myntra.android&reviewId=226e4596-874c-4226-a402-c1048db91fb1
c0fd1fbc-0d18-40c0-a118-bc832d1d4ba4,play_store,IN,Aditi Nitya,1,,"Myntra has the worst customer care service, first of all it's so frustrating to talk to actual agents, the A.I always stating that all agents are too busy. Then even if you do talk to one they are unable to comprehend the issue. I'm never ordering from Myntra again.",2026-08-22T04:05:18.651Z,0,,https://play.google.com/store/apps/details?id=com.myntra.android&reviewId=c0fd1fbc-0d18-40c0-a118-bc832d1d4ba4
6a890cc8-e6c8-4f1e-b125-3c3f4c776a92,play_store,IN,Gauri Nanvate,5,,the experience was amazing the jeans quality are 10/10 and delivery as got expected i would recommend myntra for your shopping and I'm happy with that it's great deal I've ever had so hurry now,2026-08-22T04:02:34.735Z,0,4.2608.20,https://play.google.com/store/apps/details?id=com.myntra.android&reviewId=6a890cc8-e6c8-4f1e-b125-3c3f4c776a92
28acc929-8240-4d3e-9cdb-a72070168a77,play_store,IN,bharath Kumar,5,,easy to use and perfect,2026-08-22T04:02:27.974Z,0,4.2608.20,https://play.google.com/store/apps/details?id=com.myntra.android&reviewId=28acc929-8240-4d3e-9cdb-a72070168a77
ce8f1c02-33e0-46ec-b6df-057bbcf42291,play_store,IN,LATA Singh,2,,I have been using this app from last 5 years without any issue but from this month they have are scamming they sent me different product also didn't refunded my money I have now trust issue on myntra pls be aware,2026-08-22T03:56:44.270Z,0,,https://play.google.com/store/apps/details?id=com.myntra.android&reviewId=ce8f1c02-33e0-46ec-b6df-057bbcf42291
df64da02-d831-4da9-845d-25a648504576,play_store,IN,Randhir Jha,5,,this app is very excellent because you find any products in low prices in good quality,2026-08-22T03:55:49.536Z,0,4.2608.20,https://play.google.com/store/apps/details?id=com.myntra.android&reviewId=df64da02-d831-4da9-845d-25a648504576
1dac19b7-1ad7-45e7-ad19-072f5734b138,play_store,IN,Ayush Singh,5,,nice service,2026-08-22T03:52:10.640Z,0,4.2608.20,https://play.google.com/store/apps/details?id=com.myntra.android&reviewId=1dac19b7-1ad7-45e7-ad19-072f5734b138
160973ea-5f87-4274-a57a-eeaca84ca253,play_store,IN,rohan chakraborty,1,,Fraud Myntra delivered the wrong product by myntra and still didn't get any help from myntra team so I recommend not buying any products from myntra. #NOT Buying Any Products From Myntra.,2026-08-22T03:51:33.896Z,0,4.2608.20,https://play.google.com/store/apps/details?id=com.myntra.android&reviewId=160973ea-5f87-4274-a57a-eeaca84ca253
cee1fd0f-ccef-4e49-bdcc-9ee1d946a861,play_store,IN,Nand kishor Sharma,5,,good,2026-08-22T03:50:32.984Z,0,4.2608.20,https://play.google.com/store/apps/details?id=com.myntra.android&reviewId=cee1fd0f-ccef-4e49-bdcc-9ee1d946a861
479c9081-7649-46bc-b9c8-110d6eba4ddd,play_store,IN,Naresh Khanna,5,,100% original product and low budget friendly price thnaks mayntra,2026-08-22T03:48:49.466Z,0,4.2607.43,https://play.google.com/store/apps/details?id=com.myntra.android&reviewId=479c9081-7649-46bc-b9c8-110d6eba4ddd
b5bb2f43-7ba6-418a-90c3-45293db6d49b,play_store,IN,Shlok Choure,5,,good,2026-08-22T03:48:32.430Z,0,4.2608.20,https://play.google.com/store/apps/details?id=com.myntra.android&reviewId=b5bb2f43-7ba6-418a-90c3-45293db6d49b
7e4c0c3b-ae0b-4677-adcc-604b1c989f5a,play_store,IN,Prakash Banjara,5,,nice app with 100 percent original brands,2026-08-22T03:46:22.352Z,0,4.2608.20,https://play.google.com/store/apps/details?id=com.myntra.android&reviewId=7e4c0c3b-ae0b-4677-adcc-604b1c989f5a
bd856ef4-119d-4079-9fc5-169a3903f57c,play_store,IN,Karan Bhosale,5,,so bad experience sorry to say but.. for real jus bcz my order refund haven't received,2026-08-22T03:44:37.922Z,0,4.2606.31,https://play.google.com/store/apps/details?id=com.myntra.android&reviewId=bd856ef4-119d-4079-9fc5-169a3903f57c
f6ab53ca-caa3-459d-b679-b17ac984e956,play_store,IN,KUMAR SHIVAM,5,,good product,2026-08-22T03:44:36.664Z,0,4.2608.20,https://play.google.com/store/apps/details?id=com.myntra.android&reviewId=f6ab53ca-caa3-459d-b679-b17ac984e956
1d380a14-c05b-49d3-a1d1-46ac51f31c53,play_store,IN,Rajeev Raj,5,,"Myntra is a very good platform for fashionable items, very good quality with good service 👍. Thank you Myntra team.",2026-08-22T03:42:18.818Z,0,4.2607.43,https://play.google.com/store/apps/details?id=com.myntra.android&reviewId=1d380a14-c05b-49d3-a1d1-46ac51f31c53
319d108c-881b-460e-9740-58be068d906b,play_store,IN,Deepa Rawat,5,,wonderful app with amazing products,2026-08-22T03:40:06.396Z,0,4.2608.20,https://play.google.com/store/apps/details?id=com.myntra.android&reviewId=319d108c-881b-460e-9740-58be068d906b
0324277b-aa8f-4ac1-9102-2c50a883505f,play_store,IN,LITE. GURU,5,,superb ❤️,2026-08-22T03:38:58.769Z,0,4.2607.43,https://play.google.com/store/apps/details?id=com.myntra.android&reviewId=0324277b-aa8f-4ac1-9102-2c50a883505f
db316899-4d5e-4067-81ce-af428d7c7c81,play_store,IN,vignesh,5,,such wonderful App-Fashion.if you give original condition of material to display on App.Trusting Myntra.keep move on...,2026-08-22T03:38:36.140Z,0,4.2606.31,https://play.google.com/store/apps/details?id=com.myntra.android&reviewId=db316899-4d5e-4067-81ce-af428d7c7c81
423f2522-2ba6-4ac2-8692-23b6d7ee1cec,play_store,IN,moh si,5,,everyone must use this app,2026-08-22T03:31:28.545Z,0,4.2608.20,https://play.google.com/store/apps/details?id=com.myntra.android&reviewId=423f2522-2ba6-4ac2-8692-23b6d7ee1cec
804fbe27-ec22-4575-9313-b2f7558a2af6,play_store,IN,Aditya Pawar,5,,genuine,2026-08-22T03:29:26.849Z,0,,https://play.google.com/store/apps/details?id=com.myntra.android&reviewId=804fbe27-ec22-4575-9313-b2f7558a2af6
8a825bdd-cad9-4f07-99ec-34a7f5f4dbe6,play_store,IN,Santosh Muragod,5,,Super app,2026-08-22T03:29:04.163Z,0,4.2608.20,https://play.google.com/store/apps/details?id=com.myntra.android&reviewId=8a825bdd-cad9-4f07-99ec-34a7f5f4dbe6
c482c0c6-2c5d-47a8-b8b2-883279c8add9,play_store,IN,raunak Pandey,5,,very nice aap,2026-08-22T03:28:22.523Z,0,,https://play.google.com/store/apps/details?id=com.myntra.android&reviewId=c482c0c6-2c5d-47a8-b8b2-883279c8add9
dabee1c5-8955-4f06-b70f-f96f68c6d0ae,play_store,IN,pooja kumari,5,,good,2026-08-22T03:27:23.283Z,0,4.2608.20,https://play.google.com/store/apps/details?id=com.myntra.android&reviewId=dabee1c5-8955-4f06-b70f-f96f68c6d0ae
c621938c-8ed5-42f8-90ac-fbe3fb75cf25,play_store,IN,Farish Backer,5,,"myntra has more unique and trendy fashion options then any other apps in my opinion, love it!",2026-08-22T03:24:43.100Z,0,,https://play.google.com/store/apps/details?id=com.myntra.android&reviewId=c621938c-8ed5-42f8-90ac-fbe3fb75cf25
54ad6f49-2d2f-4903-8182-50179bc87729,play_store,IN,Riya Pal,5,,👍👍👍👍,2026-08-22T03:22:28.851Z,0,4.2608.20,https://play.google.com/store/apps/details?id=com.myntra.android&reviewId=54ad6f49-2d2f-4903-8182-50179bc87729
9958d1ea-ec43-4f55-bdb7-717fcce32fb0,play_store,IN,FREDRICKCR7 LIVINGSTON,5,,u could even add spots jerseys both fan and player edition,2026-08-22T03:21:36.488Z,0,4.2607.43,https://play.google.com/store/apps/details?id=com.myntra.android&reviewId=9958d1ea-ec43-4f55-bdb7-717fcce32fb0
02385c71-b180-4ab8-be50-f3849f68641e,play_store,IN,Lovely karthik,5,,good,2026-08-22T03:17:36.601Z,0,4.2608.20,https://play.google.com/store/apps/details?id=com.myntra.android&reviewId=02385c71-b180-4ab8-be50-f3849f68641e
2065cd6e-4e2e-4cb3-9e77-4fa626033274,play_store,IN,Minu mariam,5,,superb,2026-08-22T03:12:44.282Z,0,4.2606.31,https://play.google.com/store/apps/details?id=com.myntra.android&reviewId=2065cd6e-4e2e-4cb3-9e77-4fa626033274
1338b85a-14fe-42d1-b417-4b9b8745f232,play_store,IN,Vijay Bandari,5,,my honest rating 9/10,2026-08-22T03:10:45.963Z,0,4.2608.20,https://play.google.com/store/apps/details?id=com.myntra.android&reviewId=1338b85a-14fe-42d1-b417-4b9b8745f232
2b074163-4dc9-43d1-85b9-175c9f28341b,play_store,IN,Dinesh Reddy,1,,suddenly my account got deactivated(showing deactivated for security reasons) and I'm unable to contact customer care. there is no info for me. this will lead to losing trust in myntra. totally disappointed.,2026-08-22T03:05:19.918Z,0,,https://play.google.com/store/apps/details?id=com.myntra.android&reviewId=2b074163-4dc9-43d1-85b9-175c9f28341b
4f3f5c24-5e94-41bd-9364-824703698f45,play_store,IN,Laxman Swain,5,,nice one,2026-08-22T03:02:08.280Z,0,,https://play.google.com/store/apps/details?id=com.myntra.android&reviewId=4f3f5c24-5e94-41bd-9364-824703698f45
b1ba0a91-6ec2-45ca-b0e2-e4d0cccdd257,play_store,IN,Yuvi Thakur,5,,Best,2026-08-22T03:01:30.811Z,0,,https://play.google.com/store/apps/details?id=com.myntra.android&reviewId=b1ba0a91-6ec2-45ca-b0e2-e4d0cccdd257
5cd7eaf3-556e-4d3a-94e3-59af46c2dbdc,play_store,IN,tushar desai,5,,Excellent Quality at affordable price!,2026-08-22T02:56:03.988Z,0,4.2606.31,https://play.google.com/store/apps/details?id=com.myntra.android&reviewId=5cd7eaf3-556e-4d3a-94e3-59af46c2dbdc
6c086b1e-b4d6-4ffd-9633-f37878a36cef,play_store,IN,Bhagyashree Lobhi,5,,👍,2026-08-22T02:55:34.715Z,0,4.2607.32,https://play.google.com/store/apps/details?id=com.myntra.android&reviewId=6c086b1e-b4d6-4ffd-9633-f37878a36cef
3a862574-5fdd-4aa8-90dc-cb0ebc406177,play_store,IN,Krishna kumari Kanam Reddy,5,,loved it good quality and worthful for money,2026-08-22T02:53:14.138Z,0,,https://play.google.com/store/apps/details?id=com.myntra.android&reviewId=3a862574-5fdd-4aa8-90dc-cb0ebc406177
8dc210e7-eff8-4926-8121-302a59c8f9c7,play_store,IN,Rahul Bairwa,1,,"Very bad experience with Myntra. My order was cancelled by Myntra due to “unforeseen circumstances” without any proper explanation. I was expecting the product, but instead the order was simply cancelled. Very disappointing service and poor customer experience. Myntra should improve its delivery and order management.😡🤬🤬",2026-08-22T02:51:26.680Z,0,4.2608.20,https://play.google.com/store/apps/details?id=com.myntra.android&reviewId=8dc210e7-eff8-4926-8121-302a59c8f9c7
7d1995b3-ba4b-4c39-bfd8-b8c782999a5d,play_store,IN,inderjit singh mehra,5,,my experience in using the app is great,2026-08-22T02:51:23.251Z,0,4.2607.43,https://play.google.com/store/apps/details?id=com.myntra.android&reviewId=7d1995b3-ba4b-4c39-bfd8-b8c782999a5d
49f0122c-ca91-4c79-a32a-dbfcd625df0c,play_store,IN,Alp Forge,4,,good app for shopping,2026-08-22T02:50:35.401Z,0,,https://play.google.com/store/apps/details?id=com.myntra.android&reviewId=49f0122c-ca91-4c79-a32a-dbfcd625df0c
be4fae0f-58f9-422f-8de4-e4c44dd28c91,play_store,IN,n s bobby,5,,good,2026-08-22T02:44:44.192Z,0,4.2608.20,https://play.google.com/store/apps/details?id=com.myntra.android&reviewId=be4fae0f-58f9-422f-8de4-e4c44dd28c91
e7d26175-e4fe-4f7e-8aca-622ffbd8e576,play_store,IN,Baiju Sharma,5,,good,2026-08-22T02:41:27.266Z,0,4.2607.43,https://play.google.com/store/apps/details?id=com.myntra.android&reviewId=e7d26175-e4fe-4f7e-8aca-622ffbd8e576
15b55dfc-09f0-4609-90ce-6aadee1deb99,play_store,IN,minakshi kalita,5,,love Myntra ❤️,2026-08-22T02:41:23.365Z,0,4.2607.32,https://play.google.com/store/apps/details?id=com.myntra.android&reviewId=15b55dfc-09f0-4609-90ce-6aadee1deb99
8427b3f0-8474-44c9-a494-db28aeb6da15,play_store,IN,Aman Kashyap,5,,best,2026-08-22T02:39:31.785Z,0,4.2608.20,https://play.google.com/store/apps/details?id=com.myntra.android&reviewId=8427b3f0-8474-44c9-a494-db28aeb6da15
b9e801fe-a55c-487e-bf4c-425c43753771,play_store,IN,versha tiwari,5,,nice fragrance,2026-08-22T02:36:32.550Z,0,4.2607.11,https://play.google.com/store/apps/details?id=com.myntra.android&reviewId=b9e801fe-a55c-487e-bf4c-425c43753771
7c36d803-cf62-4987-91dd-7dc8de4cd756,play_store,IN,Jasvendra Saini,5,,nice app for shopping,2026-08-22T02:35:41.883Z,0,4.2608.20,https://play.google.com/store/apps/details?id=com.myntra.android&reviewId=7c36d803-cf62-4987-91dd-7dc8de4cd756
6ae20b3e-d939-4a15-9d8d-2a98e379b69b,play_store,IN,Lokesh Verma,5,,awesome 👍,2026-08-22T02:33:53.758Z,0,,https://play.google.com/store/apps/details?id=com.myntra.android&reviewId=6ae20b3e-d939-4a15-9d8d-2a98e379b69b
33946aea-39cd-40ce-bacb-886eaef85046,play_store,IN,rashmi shanbhag,5,,Good shopping app,2026-08-22T02:29:29.633Z,0,4.2606.31,https://play.google.com/store/apps/details?id=com.myntra.android&reviewId=33946aea-39cd-40ce-bacb-886eaef85046
c2a3b727-6a67-4f20-81ce-7acadefdffc4,play_store,IN,Laxmi Dongre,5,,mynta is a very trusted app for buying clothes.it's very easy to use. keep shopping and shine by order on mynta. thanks,2026-08-22T02:28:59.720Z,0,4.2607.43,https://play.google.com/store/apps/details?id=com.myntra.android&reviewId=c2a3b727-6a67-4f20-81ce-7acadefdffc4
0b7ceb90-1c25-4880-97f0-a60ea5e0ab93,play_store,IN,Aparna Kumari,5,,this app is so good and also affordable with good quality,2026-08-22T02:24:12.922Z,0,4.2608.20,https://play.google.com/store/apps/details?id=com.myntra.android&reviewId=0b7ceb90-1c25-4880-97f0-a60ea5e0ab93
fd79ecb2-c3ff-46fb-9f31-0bdc40a591b5,play_store,IN,Tanishq,1,,"Worst service, worst customer care support. I wanted to enquire about quality issue of a product received and they never cared to give me a proper response. They even rejected to post a negative review and only posted my review after censoring. Such a pathetic platform. They don't even deserve 1 star. (may be my frustration)",2026-08-22T02:22:39.644Z,0,,https://play.google.com/store/apps/details?id=com.myntra.android&reviewId=fd79ecb2-c3ff-46fb-9f31-0bdc40a591b5
b1ec3b14-9aa1-44c7-b946-abf9caf934fb,play_store,IN,Sunil Kumar,5,,awesome,2026-08-22T02:22:13.203Z,0,4.2608.20,https://play.google.com/store/apps/details?id=com.myntra.android&reviewId=b1ec3b14-9aa1-44c7-b946-abf9caf934fb
19a49bf6-f9f3-44f6-8a04-8ba9accd8cd3,play_store,IN,Varsha Kumari,5,,Myntra is perfect,2026-08-22T02:18:20.785Z,0,4.2608.20,https://play.google.com/store/apps/details?id=com.myntra.android&reviewId=19a49bf6-f9f3-44f6-8a04-8ba9accd8cd3
0baa95fe-a105-4caa-acc2-17b8a48b55dc,play_store,IN,Hina Syed,5,,well experience with this app♥️ Everything is reasonable 👍🏻,2026-08-22T02:13:21.867Z,0,4.2608.20,https://play.google.com/store/apps/details?id=com.myntra.android&reviewId=0baa95fe-a105-4caa-acc2-17b8a48b55dc
75023222-6e1e-44d5-abd2-0f576cf2cb83,play_store,IN,Sharmistha Dutta Choudhury,5,,"Excellent in terms of variety, diversity and choice; all at reasonable prices with various offers ! You just have to pick what suits your taste and budget ! Always or majorly, a smooth, and happy experience with minor shipping and delivery hiccups, here and there ! Keep going ! Good wishes Thank you",2026-08-22T02:12:19.936Z,0,4.2608.20,https://play.google.com/store/apps/details?id=com.myntra.android&reviewId=75023222-6e1e-44d5-abd2-0f576cf2cb83
b09d05c0-421f-47f3-ac05-77cc8bea0443,play_store,IN,Malti Gupta,5,,very good,2026-08-22T02:09:01.139Z,0,4.2608.20,https://play.google.com/store/apps/details?id=com.myntra.android&reviewId=b09d05c0-421f-47f3-ac05-77cc8bea0443
90d23660-fe6e-41c6-9f5a-5465dbfff7e8,play_store,IN,Pasula Ravi,4,,never get a wrong product from this !!,2026-08-22T02:03:48.914Z,0,,https://play.google.com/store/apps/details?id=com.myntra.android&reviewId=90d23660-fe6e-41c6-9f5a-5465dbfff7e8
9aca6e61-72a3-44ea-a4d4-db9da00d10e9,play_store,IN,Lohith Lohith,5,,pakka,2026-08-22T01:55:52.890Z,0,4.2607.43,https://play.google.com/store/apps/details?id=com.myntra.android&reviewId=9aca6e61-72a3-44ea-a4d4-db9da00d10e9
198da1e1-870e-4947-9508-389f611f442b,play_store,IN,Swati Bisht,5,,"​""Ordered this suit as a gift for my mother, and she absolutely loved it! The fabric is soft, breathable, and comfortable for all-day wear. The fitting and color are exactly as shown in the pictures. Totally worth the price!""",2026-08-22T01:42:00.369Z,0,4.2606.31,https://play.google.com/store/apps/details?id=com.myntra.android&reviewId=198da1e1-870e-4947-9508-389f611f442b
3fa03075-ca00-41d7-b1e9-db3c6ad054fd,play_store,IN,affaf umair Khan,5,,best shopping app especially for branded clothes,2026-08-22T01:37:43.750Z,0,4.2608.20,https://play.google.com/store/apps/details?id=com.myntra.android&reviewId=3fa03075-ca00-41d7-b1e9-db3c6ad054fd
18a0b495-6452-43af-9441-9bc3322a78f3,play_store,IN,Tanu Taneja,5,,"very good app, facility is good and service return is very good",2026-08-22T01:29:29.421Z,0,4.2607.43,https://play.google.com/store/apps/details?id=com.myntra.android&reviewId=18a0b495-6452-43af-9441-9bc3322a78f3
2ea03fe8-addf-42d9-9bca-75ba73641013,play_store,IN,Nilu Kumari,5,,myntra was best,2026-08-22T01:26:51.470Z,0,4.2604.20,https://play.google.com/store/apps/details?id=com.myntra.android&reviewId=2ea03fe8-addf-42d9-9bca-75ba73641013
7f1c2c60-7e11-49fe-a867-302a3b28dcf9,play_store,IN,M A Ayaz,5,,Excellent Shopping Experience Good Offers 👍,2026-08-22T01:22:02.870Z,0,4.2606.31,https://play.google.com/store/apps/details?id=com.myntra.android&reviewId=7f1c2c60-7e11-49fe-a867-302a3b28dcf9
7dbd721b-00dc-47b1-b987-97bf342642be,play_store,IN,K V,5,,very nice product,2026-08-22T01:19:34.946Z,0,4.2608.20,https://play.google.com/store/apps/details?id=com.myntra.android&reviewId=7dbd721b-00dc-47b1-b987-97bf342642be
8cafbff3-f6c0-4e50-b5b2-4d3cd77fe572,play_store,IN,Ajit yadav,4,,bahut achha platform hai,2026-08-22T00:55:00.780Z,0,4.2608.20,https://play.google.com/store/apps/details?id=com.myntra.android&reviewId=8cafbff3-f6c0-4e50-b5b2-4d3cd77fe572
74dddb11-633d-48f3-8389-1430b7c0217f,play_store,IN,Renjith Sivan,2,,okay,2026-08-22T00:54:28.294Z,0,4.2508.20,https://play.google.com/store/apps/details?id=com.myntra.android&reviewId=74dddb11-633d-48f3-8389-1430b7c0217f
8e403378-adcc-4d88-a2d2-dd284f7b6274,play_store,IN,Kamal Das,5,,reliable,2026-08-22T00:51:16.740Z,0,4.2608.20,https://play.google.com/store/apps/details?id=com.myntra.android&reviewId=8e403378-adcc-4d88-a2d2-dd284f7b6274
13f78cb4-4c08-45ca-9e0b-129207f2f5d8,play_store,IN,Sangitadevi 5678,5,,👍,2026-08-22T00:44:40.500Z,0,4.2606.30,https://play.google.com/store/apps/details?id=com.myntra.android&reviewId=13f78cb4-4c08-45ca-9e0b-129207f2f5d8
2e4ee96c-0ba9-49d3-9081-80ccc0ae5fef,play_store,IN,Rohit Kumar,5,,Good Platform for Originals with discount,2026-08-22T00:44:24.230Z,0,4.2608.20,https://play.google.com/store/apps/details?id=com.myntra.android&reviewId=2e4ee96c-0ba9-49d3-9081-80ccc0ae5fef
0ee81873-b6df-4fcf-8e9c-9a7f6acca1c8,play_store,IN,Megha Gurnule,5,,evry product is sooo good nd affordable with good quality......it's first time I order nd product is so good....nd service is also good fast delivery.....my border nd sister always buy from Myntra I thought I can't afford but it's budget friendly nd good....thank uu,2026-08-22T00:34:21.885Z,2,4.2608.20,https://play.google.com/store/apps/details?id=com.myntra.android&reviewId=0ee81873-b6df-4fcf-8e9c-9a7f6acca1c8
1d683d2b-078c-405b-84d6-b6b9bf56fea1,play_store,IN,vikas sharma,5,,"Absolutely love Myntra! Great collection, smooth app experience, amazing deals, and fast delivery. Shopping has never been easier!",2026-08-22T00:30:42.228Z,0,,https://play.google.com/store/apps/details?id=com.myntra.android&reviewId=1d683d2b-078c-405b-84d6-b6b9bf56fea1
1526e4ba-0a13-45a0-89e2-4130e225748a,play_store,IN,Satish Ydv,4,,experience good,2026-08-22T00:17:00.546Z,0,4.2608.20,https://play.google.com/store/apps/details?id=com.myntra.android&reviewId=1526e4ba-0a13-45a0-89e2-4130e225748a
4d5a1a55-f6e0-4d59-83a6-d021411776d9,play_store,IN,Saptarshi Halder,5,,good product s they can delever,2026-08-21T23:58:27.892Z,0,4.2608.20,https://play.google.com/store/apps/details?id=com.myntra.android&reviewId=4d5a1a55-f6e0-4d59-83a6-d021411776d9
ea0176e4-603b-4602-aecc-642958d321a7,play_store,IN,Mani Saxena,5,,amazing 😍,2026-08-21T22:57:53.863Z,0,4.2608.20,https://play.google.com/store/apps/details?id=com.myntra.android&reviewId=ea0176e4-603b-4602-aecc-642958d321a7
0123bbd6-64d4-4e2c-87f2-d21cabf50c65,play_store,IN,Siddharth Shukla,5,,outstanding app available only genuine products.,2026-08-21T22:26:47.273Z,0,4.2608.20,https://play.google.com/store/apps/details?id=com.myntra.android&reviewId=0123bbd6-64d4-4e2c-87f2-d21cabf50c65
61887454-3a6f-49d9-937f-e736fb070df7,play_store,IN,Shreya Avni,5,,👍 nice,2026-08-21T22:25:19.189Z,0,4.2606.31,https://play.google.com/store/apps/details?id=com.myntra.android&reviewId=61887454-3a6f-49d9-937f-e736fb070df7
a509f980-88fd-41b7-965d-4f387c66d6df,play_store,IN,Pamthingwon Ngalung,5,,good,2026-08-21T21:11:12.154Z,0,4.2608.20,https://play.google.com/store/apps/details?id=com.myntra.android&reviewId=a509f980-88fd-41b7-965d-4f387c66d6df
8ed0e961-0f68-48c5-8348-a32044f1ce0e,play_store,IN,Indrani Chakraborty,1,,"Such a dramatic downfall of Myntra. Cheap, Chinese-market products at sky-high prices, even the model photos are AI-generated—making it impossible to judge the fit, fall or fabric. Ordered 10 dresses and returned every single one. Honestly, it’s time to uninstall Myntra—Savana is much better!",2026-08-21T21:09:34.134Z,0,4.2608.20,https://play.google.com/store/apps/details?id=com.myntra.android&reviewId=8ed0e961-0f68-48c5-8348-a32044f1ce0e
76c4293d-132b-499f-b164-5d412d71568d,play_store,IN,Shifa Khan,5,,Very Easy User Interface,2026-08-21T20:20:05.151Z,0,4.2606.31,https://play.google.com/store/apps/details?id=com.myntra.android&reviewId=76c4293d-132b-499f-b164-5d412d71568d
1158ebc0-c232-439e-9297-1771cf201b77,play_store,IN,Kumar Subhash,4,,nice 💯,2026-08-21T20:11:51.679Z,0,,https://play.google.com/store/apps/details?id=com.myntra.android&reviewId=1158ebc0-c232-439e-9297-1771cf201b77
36d45024-4731-4456-9158-ae7327d6f873,play_store,IN,Pritee pallavi Pattnaik,5,,good 👍,2026-08-21T20:10:01.918Z,0,4.2608.20,https://play.google.com/store/apps/details?id=com.myntra.android&reviewId=36d45024-4731-4456-9158-ae7327d6f873
6962237e-2747-47b7-a6cf-3e9d9c2b3a2c,play_store,IN,Khan Rukhsar 24,5,,Best quality and best offers love it,2026-08-21T20:09:28.155Z,0,,https://play.google.com/store/apps/details?id=com.myntra.android&reviewId=6962237e-2747-47b7-a6cf-3e9d9c2b3a2c
a4bbc876-03bc-490d-929c-335cf2c5a669,play_store,IN,Ritu Dubey,5,,awesome 💯 I love myntra,2026-08-21T20:05:23.351Z,0,4.2607.43,https://play.google.com/store/apps/details?id=com.myntra.android&reviewId=a4bbc876-03bc-490d-929c-335cf2c5a669
4e4d3d39-45a1-4b17-a27f-f20ee01b8965,play_store,IN,Bimbodev,5,,good,2026-08-21T20:03:06.180Z,0,4.2607.11,https://play.google.com/store/apps/details?id=com.myntra.android&reviewId=4e4d3d39-45a1-4b17-a27f-f20ee01b8965
1a5114a0-06bc-436c-bec3-996bea2cf975,play_store,IN,PRABHAT DASH,1,,"yese chutiyalandi company maine kahin nhi dekha, sethji ko paise kamana ho toh bhik mange, ya apne ghar wale ko bhade pe lagaye, hamara Paisa kiyon kaat ke le rahe ho ,",2026-08-21T20:00:22.351Z,0,,https://play.google.com/store/apps/details?id=com.myntra.android&reviewId=1a5114a0-06bc-436c-bec3-996bea2cf975
6096828a-8296-42df-a371-cba3b25c2a30,play_store,IN,Talal Siddiqui,5,,Evening thing is better and use full all are good but delivery and package are not good because recently I ordered Puma shoes and i received my order but my shoes box is not good 👍,2026-08-21T19:46:23.519Z,0,4.2606.31,https://play.google.com/store/apps/details?id=com.myntra.android&reviewId=6096828a-8296-42df-a371-cba3b25c2a30
62e4b077-a502-4a4b-819b-f23bccbfe243,play_store,IN,Sunaina Pandey,5,,👍👍,2026-08-21T19:44:39.480Z,0,4.2608.20,https://play.google.com/store/apps/details?id=com.myntra.android&reviewId=62e4b077-a502-4a4b-819b-f23bccbfe243
50ee5cd7-60ff-4821-973d-b350c9abfe81,play_store,IN,Ashish,5,,good,2026-08-21T19:42:16.460Z,0,4.2608.20,https://play.google.com/store/apps/details?id=com.myntra.android&reviewId=50ee5cd7-60ff-4821-973d-b350c9abfe81
46c5afec-f68d-44c6-a6e8-a87e13fb113a,play_store,IN,laraib Siddiqui,5,,its a trusted and original site,2026-08-21T19:38:20.688Z,0,4.2602.11,https://play.google.com/store/apps/details?id=com.myntra.android&reviewId=46c5afec-f68d-44c6-a6e8-a87e13fb113a
b07828ea-bcc9-4a15-800a-b055dc7daa42,play_store,IN,Drishti bansal,5,,its good,2026-08-21T19:37:57.990Z,0,4.2607.43,https://play.google.com/store/apps/details?id=com.myntra.android&reviewId=b07828ea-bcc9-4a15-800a-b055dc7daa42
428b7ecf-743d-46dc-bf20-45bb867e440b,play_store,IN,Saloni Kerai,4,,I like shopping here. Myntra gives great deal at a decent price. The only reason I'm giving you 4 star because you stopped giving me mycash coupons🫠🫠.. other wise you're the best.,2026-08-21T19:37:41.590Z,0,4.2607.43,https://play.google.com/store/apps/details?id=com.myntra.android&reviewId=428b7ecf-743d-46dc-bf20-45bb867e440b
1b957609-29a0-4f6a-9a80-8edaa877fc91,play_store,IN,srinivas gosula,5,,good,2026-08-21T19:28:42.258Z,0,,https://play.google.com/store/apps/details?id=com.myntra.android&reviewId=1b957609-29a0-4f6a-9a80-8edaa877fc91
09be7063-592f-4b32-8c06-0f4f7401f8ef,play_store,IN,Mahesh Kumar,5,,nice experience,2026-08-21T19:26:48.662Z,0,,https://play.google.com/store/apps/details?id=com.myntra.android&reviewId=09be7063-592f-4b32-8c06-0f4f7401f8ef
2a9e394e-908a-48f9-94a3-f59dd4a44fc3,play_store,IN,Gaurav Thakur,5,,I realy like this app because I need south Indian lehnga and mytra always give me fastest diliver order I am happy using this app. love you myntra,2026-08-21T19:26:34.738Z,0,,https://play.google.com/store/apps/details?id=com.myntra.android&reviewId=2a9e394e-908a-48f9-94a3-f59dd4a44fc3
a02eb6e9-d96c-4dec-995f-bd1d9f11d634,play_store,IN,Manish Kadam,4,,nice,2026-08-21T19:22:53.756Z,0,4.2608.20,https://play.google.com/store/apps/details?id=com.myntra.android&reviewId=a02eb6e9-d96c-4dec-995f-bd1d9f11d634
770bda55-154d-4dfb-b59c-43f0f0e47061,play_store,IN,Lil Sagar,5,,good,2026-08-21T19:22:28.351Z,0,4.2608.20,https://play.google.com/store/apps/details?id=com.myntra.android&reviewId=770bda55-154d-4dfb-b59c-43f0f0e47061
8de36aaf-b4f5-4029-8880-78833e828d40,play_store,IN,Shaikh Ishh,5,,The shopping on this app is so smooth,2026-08-21T19:21:37.518Z,0,,https://play.google.com/store/apps/details?id=com.myntra.android&reviewId=8de36aaf-b4f5-4029-8880-78833e828d40
14213ccd-529c-4837-9919-98a311820f99,play_store,IN,Suresh Chand,5,,always good service when I raise return item same time I got refund,2026-08-21T19:17:57.140Z,0,4.2607.43,https://play.google.com/store/apps/details?id=com.myntra.android&reviewId=14213ccd-529c-4837-9919-98a311820f99
6b9ab689-7bf7-4ce5-8335-cc0be4d6e434,play_store,IN,Rashmita Maheshwari,5,,very good very nice 👌,2026-08-21T19:10:51.198Z,0,4.2604.20,https://play.google.com/store/apps/details?id=com.myntra.android&reviewId=6b9ab689-7bf7-4ce5-8335-cc0be4d6e434
1d6f0b52-2d2e-40d0-8c91-62b1e5aaecf0,play_store,IN,Aashish,1,,can you stop this Ai model bs ? I'm fed up of if,2026-08-21T19:09:20.502Z,0,4.2608.20,https://play.google.com/store/apps/details?id=com.myntra.android&reviewId=1d6f0b52-2d2e-40d0-8c91-62b1e5aaecf0
1a652b6d-dc74-4b0f-8d0e-64ca22d332bf,play_store,IN,Nikhil Sharma,3,,"recently had worst experience with Myntra. For two consecutive orders they delivered wrong size. I ordered 4 UCB tshirt size S, however they delivered all M size, I returned it and thought mistake could happen sometimes. I then ordered two new UCB tshirt size S, again they delivered size M, this time I was really very frustrated. I was shopping for my travel, and now the exchange date is after my travel date.",2026-08-21T19:08:56.767Z,0,4.2604.20,https://play.google.com/store/apps/details?id=com.myntra.android&reviewId=1a652b6d-dc74-4b0f-8d0e-64ca22d332bf
09d620d8-369a-49ed-91e6-222b95a24386,play_store,IN,Gunja,5,,good,2026-08-21T19:04:01.860Z,0,4.2608.20,https://play.google.com/store/apps/details?id=com.myntra.android&reviewId=09d620d8-369a-49ed-91e6-222b95a24386
3b52112a-b05b-4e52-848d-b7258f9fc779,play_store,IN,jasbant Kumar,5,,"outstanding overall service, trusted and loyal.",2026-08-21T19:00:03.224Z,0,4.2606.31,https://play.google.com/store/apps/details?id=com.myntra.android&reviewId=3b52112a-b05b-4e52-848d-b7258f9fc779
e297e306-274e-4fc9-a7cc-13cee7d0f55e,play_store,IN,Madhav Dangi,5,,good 😊,2026-08-21T18:57:58.723Z,0,4.2607.43,https://play.google.com/store/apps/details?id=com.myntra.android&reviewId=e297e306-274e-4fc9-a7cc-13cee7d0f55e
d4a04135-bfef-4ab6-baa6-0375227a5687,play_store,IN,Vikash Kumar,1,,"very bad,iska saman bahut mahenga hai or mesho shopsy se dubble rate hai ,isse badhiya mesho shopsy hai",2026-08-21T18:55:34.420Z,0,,https://play.google.com/store/apps/details?id=com.myntra.android&reviewId=d4a04135-bfef-4ab6-baa6-0375227a5687
03401653-7c7f-4284-8029-d8233f65b05f,play_store,IN,Anita Horo,5,,having good experience with myntra. Good online shopping platform which provides High quality products in affordable price. I recommend myntra for their services and quality.,2026-08-21T18:46:10.750Z,0,4.2607.43,https://play.google.com/store/apps/details?id=com.myntra.android&reviewId=03401653-7c7f-4284-8029-d8233f65b05f
bdd537ea-8a74-4838-b7ca-4160b2558661,play_store,IN,sneha laskar,5,,good 💯,2026-08-21T18:44:48.495Z,0,4.2608.20,https://play.google.com/store/apps/details?id=com.myntra.android&reviewId=bdd537ea-8a74-4838-b7ca-4160b2558661
6a7c3153-a306-48de-b02f-cb4a242b1e28,play_store,IN,Anu Lakshmi,5,,better than other app,2026-08-21T18:44:26.624Z,0,4.2607.43,https://play.google.com/store/apps/details?id=com.myntra.android&reviewId=6a7c3153-a306-48de-b02f-cb4a242b1e28
f423ce2d-cc87-4cc8-82bb-1e94588b3181,play_store,IN,Prachi Gautam,4,,it's a good product,2026-08-21T18:43:42.877Z,0,4.2608.20,https://play.google.com/store/apps/details?id=com.myntra.android&reviewId=f423ce2d-cc87-4cc8-82bb-1e94588b3181
f73e4d42-1d7c-4938-bba7-afa9e8900b9d,play_store,IN,Md Sagir,5,,jut like wow so beautiful ❤️,2026-08-21T18:38:24.212Z,0,4.2608.20,https://play.google.com/store/apps/details?id=com.myntra.android&reviewId=f73e4d42-1d7c-4938-bba7-afa9e8900b9d
90e518a5-42c5-4395-9f9d-0d2d8475d1db,play_store,IN,Yashman,5,,great app,2026-08-21T18:37:13.679Z,0,4.2608.20,https://play.google.com/store/apps/details?id=com.myntra.android&reviewId=90e518a5-42c5-4395-9f9d-0d2d8475d1db
86877100-7786-4b42-bf5c-17f1b8acbc75,play_store,IN,Nayan Pansuriya,5,,good app,2026-08-21T18:34:43.280Z,0,4.2608.20,https://play.google.com/store/apps/details?id=com.myntra.android&reviewId=86877100-7786-4b42-bf5c-17f1b8acbc75
6d39f038-0e2b-49a6-a6c1-906f178741ff,play_store,IN,Sarfraj Sumra,5,,very nice,2026-08-21T18:22:43.312Z,0,4.2608.20,https://play.google.com/store/apps/details?id=com.myntra.android&reviewId=6d39f038-0e2b-49a6-a6c1-906f178741ff
c1186651-83b7-40c1-9c9b-44a1fd949c31,play_store,IN,Md Ali Mubasir,5,,"--- *Myntra is not just a shopping app, it's a fashion destination. ❤️* What I love about Myntra: *1. Huge Collection:* From top international brands to Indian labels, everything is in one place. Whether it's casual, ethnic, formal, or gym wear - you find it all. *2. Quality & Authenticity:* Every product is 100% original. The quality is always top-notch. *3. Amazing Offers:* Sales, discounts, and Myntra Points make shopping super affordable.",2026-08-21T18:11:07.884Z,0,4.2608.20,https://play.google.com/store/apps/details?id=com.myntra.android&reviewId=c1186651-83b7-40c1-9c9b-44a1fd949c31
873fb625-1b6d-4590-a95a-9ccf6c6996ed,play_store,IN,Mehul Patel,1,,bakwass aap hai mut use karo...return lene koy ata nahi aur refund bhi nahi milega ..west of time app location..froud app hai play store please delete Thair licence. don't buy anythings...,2026-08-21T18:10:25.616Z,0,4.2601.20,https://play.google.com/store/apps/details?id=com.myntra.android&reviewId=873fb625-1b6d-4590-a95a-9ccf6c6996ed
a956970b-ddd8-474e-b560-f4c4391ba32d,play_store,IN,Tapas Dutta,4,,The only thing that makes this app interesting is the discount codes that they offer in special events overall it's quick easy and convenient,2026-08-21T18:09:10.767Z,0,,https://play.google.com/store/apps/details?id=com.myntra.android&reviewId=a956970b-ddd8-474e-b560-f4c4391ba32d
3348e90d-3ba9-490b-984d-a8a8f339b887,play_store,IN,Nisha,5,,super,2026-08-21T18:05:05.307Z,0,,https://play.google.com/store/apps/details?id=com.myntra.android&reviewId=3348e90d-3ba9-490b-984d-a8a8f339b887
0bb96eb9-358c-4601-ae6d-c891a0d8087c,play_store,IN,Anita Mehrotra,1,,The overall experience is unsatisfactory. Very poor customer service support team. Their representatives are always busy and the chat support ends abruptly always.,2026-08-21T18:04:09.654Z,0,4.2608.20,https://play.google.com/store/apps/details?id=com.myntra.android&reviewId=0bb96eb9-358c-4601-ae6d-c891a0d8087c
a33244c8-77af-420b-a4af-f4a9fbec736e,play_store,IN,A Google user,1,,"worst service,After accepting the order myntra cancelled the order on the exact day of delivery, for which i waited the whole day.",2026-08-21T18:03:21.737Z,0,4.2608.20,https://play.google.com/store/apps/details?id=com.myntra.android&reviewId=a33244c8-77af-420b-a4af-f4a9fbec736e
678211ea-8d92-4def-9fdc-6b77c2b77474,play_store,IN,Ranjana Singh,5,,excellent,2026-08-21T18:03:16.884Z,0,4.2608.20,https://play.google.com/store/apps/details?id=com.myntra.android&reviewId=678211ea-8d92-4def-9fdc-6b77c2b77474
9550410c-987f-4900-8c29-6bd3ff564b9e,play_store,IN,Megha Kharadkar,5,,myntra is the best online website for shopping. I'm using this App from years..,2026-08-21T18:02:19.534Z,0,,https://play.google.com/store/apps/details?id=com.myntra.android&reviewId=9550410c-987f-4900-8c29-6bd3ff564b9e
af03bf02-7d70-4748-af28-6b4cda02815c,play_store,IN,ABHIJEET PRAKASH SINGH,5,,verry good,2026-08-21T18:01:32.292Z,0,4.2608.20,https://play.google.com/store/apps/details?id=com.myntra.android&reviewId=af03bf02-7d70-4748-af28-6b4cda02815c
0a261671-f782-437c-8dd8-7b7d14088fd4,play_store,IN,Srinidhi U M,5,,please make some discount available for users,2026-08-21T18:00:46.121Z,0,4.2606.31,https://play.google.com/store/apps/details?id=com.myntra.android&reviewId=0a261671-f782-437c-8dd8-7b7d14088fd4
c0c0eba8-8d79-473d-82db-44fa5ebc52ed,play_store,IN,Jayashwor Pun,5,,nice product 👍,2026-08-21T17:57:10.233Z,0,4.2607.43,https://play.google.com/store/apps/details?id=com.myntra.android&reviewId=c0c0eba8-8d79-473d-82db-44fa5ebc52ed
3f422904-9726-4ca5-9a30-eb6b7160accd,play_store,IN,Sandra Pinto,5,,good,2026-08-21T17:54:53.958Z,0,4.2606.31,https://play.google.com/store/apps/details?id=com.myntra.android&reviewId=3f422904-9726-4ca5-9a30-eb6b7160accd
066cfba8-718b-470e-a524-3e1add6a4d29,play_store,IN,Avanu Rajput,5,,very good shopping experience,2026-08-21T17:54:33.152Z,0,,https://play.google.com/store/apps/details?id=com.myntra.android&reviewId=066cfba8-718b-470e-a524-3e1add6a4d29
aedbbbe5-6876-45f6-a149-daedeab8b8c1,play_store,IN,anwaruldn anwaruldn,5,,Geniune product and return or exchange are easily,2026-08-21T17:47:14.506Z,0,4.2608.20,https://play.google.com/store/apps/details?id=com.myntra.android&reviewId=aedbbbe5-6876-45f6-a149-daedeab8b8c1
51aba27e-3f91-4d42-a157-a32b94d53713,play_store,IN,Manisha Das,5,,"""Myntra is my absolute go-to app for fashion and lifestyle shopping! The user interface is very smooth, search filters are highly accurate, and the sizing guides are mostly perfect. Delivery is usually on time, and refunds are processed swiftly. Highly recommended!""",2026-08-21T17:46:29.916Z,0,4.2606.31,https://play.google.com/store/apps/details?id=com.myntra.android&reviewId=51aba27e-3f91-4d42-a157-a32b94d53713
d6e72ce6-3dbd-4d28-aeea-4b37e5d6e2ff,play_store,IN,It's Rahul,4,,very good,2026-08-21T17:38:06.600Z,0,4.2607.43,https://play.google.com/store/apps/details?id=com.myntra.android&reviewId=d6e72ce6-3dbd-4d28-aeea-4b37e5d6e2ff
8ebc8274-62ce-4ac6-9c4e-10f572216caf,play_store,IN,Souvik Maji,5,,good,2026-08-21T17:36:34.163Z,0,4.2608.20,https://play.google.com/store/apps/details?id=com.myntra.android&reviewId=8ebc8274-62ce-4ac6-9c4e-10f572216caf
35fece01-9baa-442e-977a-c3f514992c21,play_store,IN,Anamika Ashok,5,,love this app.. purchase product with less money ❤️😋,2026-08-21T17:34:14.455Z,1,4.2608.20,https://play.google.com/store/apps/details?id=com.myntra.android&reviewId=35fece01-9baa-442e-977a-c3f514992c21
14060bc3-df6a-4f1e-a844-cadcc0b0bbbb,play_store,IN,Moh Ishaan,5,,good,2026-08-21T17:33:49.481Z,0,,https://play.google.com/store/apps/details?id=com.myntra.android&reviewId=14060bc3-df6a-4f1e-a844-cadcc0b0bbbb
f594410e-11dd-4450-92ba-1ef9110de7e6,play_store,IN,vinutha vinci,1,,worst app for online shopping no proper response deliveries being cancelled for no reasons repeatedly cannot raise complaint no proper response to the complaint raised,2026-08-21T17:33:32.287Z,0,4.2608.20,https://play.google.com/store/apps/details?id=com.myntra.android&reviewId=f594410e-11dd-4450-92ba-1ef9110de7e6
3ff53060-9c5d-46fc-ac24-eb599ae202e5,play_store,IN,Anshu Yadav,5,,fabulous,2026-08-21T17:28:54.841Z,0,4.2607.43,https://play.google.com/store/apps/details?id=com.myntra.android&reviewId=3ff53060-9c5d-46fc-ac24-eb599ae202e5
c4a26fe6-e161-496e-b50b-17c9ac9667e5,play_store,IN,Pradeep Gour,4,,nice product,2026-08-21T17:27:05.840Z,0,4.2607.43,https://play.google.com/store/apps/details?id=com.myntra.android&reviewId=c4a26fe6-e161-496e-b50b-17c9ac9667e5
1c86d563-603e-415a-9979-d03f63e3d935,play_store,IN,Debangshu Sarkar,5,,excellent collection,2026-08-21T17:23:05.870Z,0,,https://play.google.com/store/apps/details?id=com.myntra.android&reviewId=1c86d563-603e-415a-9979-d03f63e3d935
187856aa-6509-4c97-b0a5-c37b98e8779b,play_store,IN,Kush Goel,5,,best app ... never disappoints,2026-08-21T17:21:09.518Z,0,4.2607.43,https://play.google.com/store/apps/details?id=com.myntra.android&reviewId=187856aa-6509-4c97-b0a5-c37b98e8779b
24fa8228-1292-4069-be1a-be41485207c8,play_store,IN,Nidhi Parmar,5,,Amazed by this app!,2026-08-21T17:19:02.176Z,0,4.2608.20,https://play.google.com/store/apps/details?id=com.myntra.android&reviewId=24fa8228-1292-4069-be1a-be41485207c8
e517f612-6b82-4594-9d4b-38b7f506e7f9,play_store,IN,Lucky Sony,1,,worst delivery service 💦💦 no support just ai,2026-08-21T17:13:54.878Z,0,4.2603.20,https://play.google.com/store/apps/details?id=com.myntra.android&reviewId=e517f612-6b82-4594-9d4b-38b7f506e7f9
bd38805d-67c5-401f-b2fc-9f36df6a8e1b,play_store,IN,MAA KA LADLA MADHAV,5,,A good store for all things,2026-08-21T17:13:49.527Z,0,4.2602.22,https://play.google.com/store/apps/details?id=com.myntra.android&reviewId=bd38805d-67c5-401f-b2fc-9f36df6a8e1b
2e4d4ec2-117f-4272-8bad-143b40007494,play_store,IN,Adil Shaikh,5,,"I love u mintra.. great deals on all products, daily cash rewards, also got big cashback after shopping. love it thank very much..",2026-08-21T17:11:38.182Z,0,4.2608.20,https://play.google.com/store/apps/details?id=com.myntra.android&reviewId=2e4d4ec2-117f-4272-8bad-143b40007494
0b641ab4-beef-4711-afe5-c28cb084ad43,play_store,IN,Rohekha Classes,5,,all products are of good quality in myntra,2026-08-21T17:11:07.420Z,0,4.2608.20,https://play.google.com/store/apps/details?id=com.myntra.android&reviewId=0b641ab4-beef-4711-afe5-c28cb084ad43
803e1828-ee04-4130-884b-27912a113a07,play_store,IN,sushant Kumar,5,,quality products,2026-08-21T17:10:33.776Z,0,4.2607.11,https://play.google.com/store/apps/details?id=com.myntra.android&reviewId=803e1828-ee04-4130-884b-27912a113a07
d74fe2c3-3ae8-4503-99a0-26e939a3be97,play_store,IN,Dharamvir Devgan,5,,good 👍🏻,2026-08-21T17:09:53.649Z,0,,https://play.google.com/store/apps/details?id=com.myntra.android&reviewId=d74fe2c3-3ae8-4503-99a0-26e939a3be97
c5a05c55-dc45-4127-a9d6-826b28d77278,play_store,IN,Neetu Singh,3,,Not available coupons only when new account login please fix this Myntra,2026-08-21T17:08:20.439Z,0,4.2608.20,https://play.google.com/store/apps/details?id=com.myntra.android&reviewId=c5a05c55-dc45-4127-a9d6-826b28d77278
bf1aa6d4-6802-4942-8848-156e15ef28c6,play_store,IN,SONIKA BAVORIA,5,,very good app,2026-08-21T17:05:32.178Z,0,4.2607.43,https://play.google.com/store/apps/details?id=com.myntra.android&reviewId=bf1aa6d4-6802-4942-8848-156e15ef28c6
8898cf06-bd36-4ec4-a4b7-c86435e5796d,play_store,IN,Jayanta Banik,5,,best,2026-08-21T17:05:27.300Z,0,4.2608.20,https://play.google.com/store/apps/details?id=com.myntra.android&reviewId=8898cf06-bd36-4ec4-a4b7-c86435e5796d
0e370aee-b838-40f1-9493-4375c2bd45d5,play_store,IN,CHANDAN KUMAR,5,,nice,2026-08-21T17:02:56.413Z,0,4.2409.11,https://play.google.com/store/apps/details?id=com.myntra.android&reviewId=0e370aee-b838-40f1-9493-4375c2bd45d5
6eeac3d0-d7e7-4abe-947b-cc953ef4ce17,play_store,IN,Jaymin rathod Rathod,5,,Good,2026-08-21T16:58:27.280Z,0,4.2608.20,https://play.google.com/store/apps/details?id=com.myntra.android&reviewId=6eeac3d0-d7e7-4abe-947b-cc953ef4ce17
a8893d7e-1461-4ee9-b1cd-c2d020334acf,play_store,IN,SK AAYAN,5,,awesome fits in myntra ❤️‍🔥,2026-08-21T16:57:55.862Z,0,4.2607.43,https://play.google.com/store/apps/details?id=com.myntra.android&reviewId=a8893d7e-1461-4ee9-b1cd-c2d020334acf
68aeea04-85b6-4f9b-97ac-d1bc763ef67d,play_store,IN,Ruchi Agarwal,4,,very good experience 👍🏻 thanks Myntra perfect shopping app,2026-08-21T16:54:46.821Z,0,4.2608.20,https://play.google.com/store/apps/details?id=com.myntra.android&reviewId=68aeea04-85b6-4f9b-97ac-d1bc763ef67d
9df847e1-e316-4323-acfe-59aa4898d287,play_store,IN,Varsha_ Prakash,1,,this is cheating app they are not responding for their customers and really feel bad of ur service fraud,2026-08-21T16:53:14.129Z,0,4.2607.32,https://play.google.com/store/apps/details?id=com.myntra.android&reviewId=9df847e1-e316-4323-acfe-59aa4898d287
83c2137c-c15d-467f-8ee8-a1ad1de0596d,play_store,IN,Yuvrajsingh Panwar,5,,It's far better than other shopping apps bcz I tried almost all the famous shopping apps that delivered different item from the shown image but this can't happened with myntraa,2026-08-21T16:52:28.680Z,0,4.2607.11,https://play.google.com/store/apps/details?id=com.myntra.android&reviewId=83c2137c-c15d-467f-8ee8-a1ad1de0596d
44d768e2-1e2d-46b1-a679-1317f7f5c2fd,play_store,IN,Sreekanth Village beuaty,5,,very very good products in mytra app,2026-08-21T16:50:56.110Z,0,4.2606.31,https://play.google.com/store/apps/details?id=com.myntra.android&reviewId=44d768e2-1e2d-46b1-a679-1317f7f5c2fd
94f23991-8f13-44b4-bc78-d0c6adbe1fad,play_store,IN,Naman Kashyap,5,,nice,2026-08-21T16:48:51.270Z,0,4.2608.20,https://play.google.com/store/apps/details?id=com.myntra.android&reviewId=94f23991-8f13-44b4-bc78-d0c6adbe1fad
305b2882-15d3-41ed-a471-04131a478950,play_store,IN,Madhu Tek,1,,worst app as there is no proper reply from customer care support. if we place an order it will get delayed without any proper reason. if we return the item they will take more than one or two months to pick up that item. sometimes they will send used products. I know that my comments and reviews will be removed. but still I can say their customer care support services are too bad..,2026-08-21T16:47:11.258Z,1,4.2608.20,https://play.google.com/store/apps/details?id=com.myntra.android&reviewId=305b2882-15d3-41ed-a471-04131a478950
3d7c3387-21e9-464d-8369-e1fbf3b96fda,play_store,IN,Manish kumar Jha,5,,best to buy good products,2026-08-21T16:42:21.518Z,0,4.2608.20,https://play.google.com/store/apps/details?id=com.myntra.android&reviewId=3d7c3387-21e9-464d-8369-e1fbf3b96fda
755fb178-e9a6-4baa-ab48-7e95146d20f9,play_store,IN,krishnaj a,1,,They are cancelling the order more than twice and saying that ( Unfortunately we have to cancel this order due to unforeseen circumstances ) ......,2026-08-21T16:37:43.516Z,1,4.2606.31,https://play.google.com/store/apps/details?id=com.myntra.android&reviewId=755fb178-e9a6-4baa-ab48-7e95146d20f9
eb1b6c82-2bb0-45ac-aa14-5d75a3d1ff25,play_store,IN,Chandan Sharma,5,,very nice,2026-08-21T16:33:21.864Z,0,4.2608.20,https://play.google.com/store/apps/details?id=com.myntra.android&reviewId=eb1b6c82-2bb0-45ac-aa14-5d75a3d1ff25
61c924cb-bf85-4a64-924a-5f3759bf824d,play_store,IN,MDL-CDK-EC G. Ramesh,4,,super qulity iteam. this itam good clour and good clath and good,2026-08-21T16:18:40.857Z,0,4.2608.20,https://play.google.com/store/apps/details?id=com.myntra.android&reviewId=61c924cb-bf85-4a64-924a-5f3759bf824d
c591ae74-fc10-49b5-8296-eb7ea03c5a4d,play_store,IN,Mock Test With Varun,5,,it's really good place for shopping. I love this plateform because this is very trusted and quality.also give me 1st priority of customer.,2026-08-21T16:15:32.622Z,0,,https://play.google.com/store/apps/details?id=com.myntra.android&reviewId=c591ae74-fc10-49b5-8296-eb7ea03c5a4d
3a16d168-b8ab-4c8e-a98a-cb023248db2e,play_store,IN,Hitesh Rampure,1,,These people are absolute scamsters. They never deliver products on the promised date—either the order gets cancelled or it keeps getting delayed. Don’t trust this app or its fake delivery promises. I’ve never had such a terrible experience with any other online shopping platform. Either improve your service or shut down your operations. Stop misleading and fooling customers.,2026-08-21T16:12:31.793Z,0,4.2608.20,https://play.google.com/store/apps/details?id=com.myntra.android&reviewId=3a16d168-b8ab-4c8e-a98a-cb023248db2e
4b4bb3ba-142f-48af-a8aa-19d784dc9f39,play_store,IN,Harsh Raj,5,,good,2026-08-21T16:12:12.397Z,0,4.2608.20,https://play.google.com/store/apps/details?id=com.myntra.android&reviewId=4b4bb3ba-142f-48af-a8aa-19d784dc9f39
a4ea9594-39e3-41a1-b22c-5a4da6311765,play_store,IN,bunny Raj kumar,5,,good,2026-08-21T16:04:57.154Z,0,4.2608.20,https://play.google.com/store/apps/details?id=com.myntra.android&reviewId=a4ea9594-39e3-41a1-b22c-5a4da6311765
746679b3-756c-40d9-87dc-9dc3f1ccd4ce,play_store,IN,Monty Sharma,4,,good,2026-08-21T16:02:35.584Z,0,4.2606.31,https://play.google.com/store/apps/details?id=com.myntra.android&reviewId=746679b3-756c-40d9-87dc-9dc3f1ccd4ce
9abc79e8-5f32-442f-ad0d-453aa290ebd7,play_store,IN,SADMAN AHMAD,5,,Best user interface,2026-08-21T16:02:30.863Z,0,,https://play.google.com/store/apps/details?id=com.myntra.android&reviewId=9abc79e8-5f32-442f-ad0d-453aa290ebd7
999c95a0-31a3-4fbe-a846-327c175fdacb,play_store,IN,Ranam vinay Ranam vinay,5,,nice,2026-08-21T16:00:35.997Z,0,4.2608.20,https://play.google.com/store/apps/details?id=com.myntra.android&reviewId=999c95a0-31a3-4fbe-a846-327c175fdacb
6d1d58df-1c5f-4e21-965e-d7774f23cfc7,play_store,IN,Manya Surve,5,,osm,2026-08-21T16:00:06.545Z,0,4.2608.20,https://play.google.com/store/apps/details?id=com.myntra.android&reviewId=6d1d58df-1c5f-4e21-965e-d7774f23cfc7
b8b7039d-6eb7-4000-954e-4c01b8348236,play_store,IN,Indra Verma,5,,this is an very good app,2026-08-21T15:58:45.579Z,0,4.2608.20,https://play.google.com/store/apps/details?id=com.myntra.android&reviewId=b8b7039d-6eb7-4000-954e-4c01b8348236
4c3a366e-5bbe-4fef-bb6f-e8084d45f1db,play_store,IN,Bhupesh Singh,5,,good 👍,2026-08-21T15:56:42.812Z,0,4.2608.20,https://play.google.com/store/apps/details?id=com.myntra.android&reviewId=4c3a366e-5bbe-4fef-bb6f-e8084d45f1db
ee82add4-b960-4ef2-bdf4-c570b1d72992,play_store,IN,Anilkumar,4,,overall good 👍 👌,2026-08-21T15:56:38.739Z,0,4.2608.20,https://play.google.com/store/apps/details?id=com.myntra.android&reviewId=ee82add4-b960-4ef2-bdf4-c570b1d72992
a4b4a3b1-f955-4575-a097-e6b22b2ea33a,play_store,IN,Anuradha Pathak,5,,it's very interesting,2026-08-21T15:56:25.345Z,0,4.2608.20,https://play.google.com/store/apps/details?id=com.myntra.android&reviewId=a4b4a3b1-f955-4575-a097-e6b22b2ea33a
90f0a435-fe39-43e0-ad7f-489467587dee,play_store,IN,Khushi Jaiswal,5,,good,2026-08-21T15:55:31.127Z,0,4.2608.20,https://play.google.com/store/apps/details?id=com.myntra.android&reviewId=90f0a435-fe39-43e0-ad7f-489467587dee
feeeff11-f0b4-4e15-8065-648c320f6a29,play_store,IN,Madhavi Magadi,5,,thank you Myntra,2026-08-21T15:50:38.243Z,0,4.2607.43,https://play.google.com/store/apps/details?id=com.myntra.android&reviewId=feeeff11-f0b4-4e15-8065-648c320f6a29
215a2923-a7de-4998-bd16-620c10d7c5d3,play_store,IN,Shreya,5,,"very affordable,and many offers for users are there",2026-08-21T15:49:28.947Z,0,4.2608.20,https://play.google.com/store/apps/details?id=com.myntra.android&reviewId=215a2923-a7de-4998-bd16-620c10d7c5d3
89c5474b-ff29-462c-8d43-023ac9fa7466,play_store,IN,Suja K,5,,super quality products,2026-08-21T15:44:56.550Z,0,4.2601.20,https://play.google.com/store/apps/details?id=com.myntra.android&reviewId=89c5474b-ff29-462c-8d43-023ac9fa7466
2103c34b-f1ce-44ae-84be-92242e670426,play_store,IN,Aswathy T K,4,,good,2026-08-21T15:44:38.711Z,0,,https://play.google.com/store/apps/details?id=com.myntra.android&reviewId=2103c34b-f1ce-44ae-84be-92242e670426
0a51c64f-dd6f-44fd-bbf9-3edb4779415f,play_store,IN,Mohammed Akhtar,5,,I'm satisfied with this shopping app. I ordered a highlander and I received the highlander that I desire,2026-08-21T15:39:40.566Z,0,4.2606.11,https://play.google.com/store/apps/details?id=com.myntra.android&reviewId=0a51c64f-dd6f-44fd-bbf9-3edb4779415f
e37a77a8-6d79-4be9-a575-4291919a019b,play_store,IN,Sonali Samal,5,,delivery should be in between 11am-1pm it should not be late,2026-08-21T15:38:07.546Z,0,4.2608.20,https://play.google.com/store/apps/details?id=com.myntra.android&reviewId=e37a77a8-6d79-4be9-a575-4291919a019b
daf0df35-9cf8-457e-98f7-2f18091d2800,play_store,IN,VARSHU !,1,,"This app is very useless and very bad. It does give you a discount but whatever you ask for, it will not give you that thing, it will give you something else and will replace it. It is so bad but there is nothing to say brother👍🏻",2026-08-21T15:35:13.761Z,0,4.2608.20,https://play.google.com/store/apps/details?id=com.myntra.android&reviewId=daf0df35-9cf8-457e-98f7-2f18091d2800
b97d9282-b3f9-440e-8022-e91e44006a79,play_store,IN,T,5,,Reliable and easy to use.. service is best.. easy to return and exchange...,2026-08-21T15:33:04.478Z,0,4.2608.20,https://play.google.com/store/apps/details?id=com.myntra.android&reviewId=b97d9282-b3f9-440e-8022-e91e44006a79
33336b9e-7b27-41b0-b67e-faa8e0b74b79,play_store,IN,Naitik Singh,5,,is a very happy pk,2026-08-21T15:27:46.318Z,0,4.2608.20,https://play.google.com/store/apps/details?id=com.myntra.android&reviewId=33336b9e-7b27-41b0-b67e-faa8e0b74b79
043b4c93-0973-4c28-8566-2b205eee0be3,play_store,IN,Usha Mahaur,5,,nyc app perfectly working,2026-08-21T15:27:11.638Z,0,4.2608.20,https://play.google.com/store/apps/details?id=com.myntra.android&reviewId=043b4c93-0973-4c28-8566-2b205eee0be3
d6772154-62db-42dc-8a01-f2208dffb339,play_store,IN,Gulshan Kumar,5,,best app shoping,2026-08-21T15:22:26.531Z,0,4.2608.20,https://play.google.com/store/apps/details?id=com.myntra.android&reviewId=d6772154-62db-42dc-8a01-f2208dffb339
1c2bf820-8b65-4bec-b5a9-0a739a561bad,play_store,IN,AKHIL K,5,,Best app for fashion,2026-08-21T15:19:38.288Z,0,4.2608.20,https://play.google.com/store/apps/details?id=com.myntra.android&reviewId=1c2bf820-8b65-4bec-b5a9-0a739a561bad
fd75ed07-f409-41c1-adeb-de3507de86cf,play_store,IN,vinita panchal,5,,amazing app really fabulous 😍😍😍😍😍 products 💓💓💓💓💓 you can buy from here .,2026-08-21T15:19:15.255Z,0,4.2608.20,https://play.google.com/store/apps/details?id=com.myntra.android&reviewId=fd75ed07-f409-41c1-adeb-de3507de86cf
a1b9345d-1f84-4700-870b-ed44a302ea4b,play_store,IN,Himanshu Sharma,5,,sab proudest original milte ha,2026-08-21T15:15:28.278Z,0,4.2608.20,https://play.google.com/store/apps/details?id=com.myntra.android&reviewId=a1b9345d-1f84-4700-870b-ed44a302ea4b
abc2acb3-35a6-473b-b067-e5f06f9de8c0,play_store,IN,darshana chawda,5,,material and fitting is good 👍 good for it,2026-08-21T15:15:21.915Z,0,4.2608.20,https://play.google.com/store/apps/details?id=com.myntra.android&reviewId=abc2acb3-35a6-473b-b067-e5f06f9de8c0
6457c345-5a43-4339-a7b4-3f89a8bea87e,play_store,IN,Pihu,5,,best app with latest collection,2026-08-21T15:13:34.506Z,0,,https://play.google.com/store/apps/details?id=com.myntra.android&reviewId=6457c345-5a43-4339-a7b4-3f89a8bea87e
511aa7b0-ca0f-4633-aaca-07e0e256768f,play_store,IN,Nisha Bhandari,5,,very good experience💓,2026-08-21T15:12:27.953Z,0,4.2608.20,https://play.google.com/store/apps/details?id=com.myntra.android&reviewId=511aa7b0-ca0f-4633-aaca-07e0e256768f
64f4d6fb-e779-4bcd-a5e7-613f8df3cb73,play_store,IN,Ajay Kumar,5,,The product is great a,2026-08-21T15:12:27.765Z,0,4.2608.20,https://play.google.com/store/apps/details?id=com.myntra.android&reviewId=64f4d6fb-e779-4bcd-a5e7-613f8df3cb73
d1674e8e-3541-460a-80b6-afa27f714ade,play_store,IN,Neetu Karki,5,,quality is best 👍💯... go for it guys,2026-08-21T15:11:50.314Z,0,4.2608.20,https://play.google.com/store/apps/details?id=com.myntra.android&reviewId=d1674e8e-3541-460a-80b6-afa27f714ade
ff10771c-0323-4797-9a4b-7c03bf8618fc,play_store,IN,santhosh,5,,good and trusted products,2026-08-21T15:11:11.928Z,0,,https://play.google.com/store/apps/details?id=com.myntra.android&reviewId=ff10771c-0323-4797-9a4b-7c03bf8618fc
ea3ba1f9-4f20-43fd-b9c7-2050ae754c11,play_store,IN,pariksha rana,5,,good fabric good size,2026-08-21T15:10:40.145Z,0,4.2608.20,https://play.google.com/store/apps/details?id=com.myntra.android&reviewId=ea3ba1f9-4f20-43fd-b9c7-2050ae754c11
96bdcbc0-8b68-4f37-a44c-7def51a4a650,play_store,IN,akhil s,5,,good,2026-08-21T15:09:09.330Z,0,,https://play.google.com/store/apps/details?id=com.myntra.android&reviewId=96bdcbc0-8b68-4f37-a44c-7def51a4a650
313cdf13-c0b6-484b-b6e1-1e934a89069b,play_store,IN,Mohit Sharma,5,,great,2026-08-21T15:06:54.405Z,0,4.2607.43,https://play.google.com/store/apps/details?id=com.myntra.android&reviewId=313cdf13-c0b6-484b-b6e1-1e934a89069b
4331dae9-4ed9-46ce-9b98-f394b1105734,play_store,IN,Jps Rana,5,,good shoes,2026-08-21T15:04:45.499Z,0,4.2608.20,https://play.google.com/store/apps/details?id=com.myntra.android&reviewId=4331dae9-4ed9-46ce-9b98-f394b1105734
65768a8b-5c8e-4cc4-8313-8beb1fefac82,play_store,IN,MANSOOR KOTTAKKUNNAN,5,,good prodect,2026-08-21T15:04:22.917Z,0,4.2608.20,https://play.google.com/store/apps/details?id=com.myntra.android&reviewId=65768a8b-5c8e-4cc4-8313-8beb1fefac82
2583e05e-348b-482c-af65-2bff59e840c0,play_store,IN,Suresh Shakya,5,,Good app for fashion related shopping,2026-08-21T15:02:23.864Z,0,4.2607.11,https://play.google.com/store/apps/details?id=com.myntra.android&reviewId=2583e05e-348b-482c-af65-2bff59e840c0
06984bba-c3a5-4659-ae3a-e98f8ce47c7e,play_store,IN,Subhash Kumar Thakur,5,,bahut achcha app hai,2026-08-21T14:59:31.294Z,0,4.2607.43,https://play.google.com/store/apps/details?id=com.myntra.android&reviewId=06984bba-c3a5-4659-ae3a-e98f8ce47c7e
052393a5-9bc0-4b5c-aa53-d207ca1f0476,play_store,IN,A K,4,,All good but I'll give 4 star coz I don't like to pay the platform fee,2026-08-21T14:58:02.357Z,0,4.2608.20,https://play.google.com/store/apps/details?id=com.myntra.android&reviewId=052393a5-9bc0-4b5c-aa53-d207ca1f0476
d57a72c8-e120-4549-83e5-68d13ddefd8c,play_store,IN,Rimpal,5,,love it,2026-08-21T14:51:20.360Z,0,4.2608.20,https://play.google.com/store/apps/details?id=com.myntra.android&reviewId=d57a72c8-e120-4549-83e5-68d13ddefd8c
549a25e6-c7e2-4f29-a185-9b641ca18444,play_store,IN,Kayes Hossen,5,,super,2026-08-21T14:51:13.881Z,0,4.2608.20,https://play.google.com/store/apps/details?id=com.myntra.android&reviewId=549a25e6-c7e2-4f29-a185-9b641ca18444
689adbba-0044-447c-affd-8c6595239d89,play_store,IN,Anu Singh,1,,"fraud I received a wrong product from Myntra. I raised a return request and even uploaded the images, but no action has been taken yet. It’s very disappointing to face such issues I am highly disappointed with my recent order. I received a duplicate/fake branded product instead of an original one. I trusted Myntra for genuine products, but this experience has caused me inconvenience and loss. fraud fraud Very disappointing experience with Myntra. fraud scammer",2026-08-21T14:50:04.703Z,1,,https://play.google.com/store/apps/details?id=com.myntra.android&reviewId=689adbba-0044-447c-affd-8c6595239d89
6260ae9c-082f-46a6-960c-15cf18f34814,play_store,IN,Rajnikant Singh,5,,good,2026-08-21T14:49:26.711Z,0,4.2606.31,https://play.google.com/store/apps/details?id=com.myntra.android&reviewId=6260ae9c-082f-46a6-960c-15cf18f34814
7016f5cf-ed85-40d5-be9e-43202f0a0e6b,play_store,IN,Divyansh Gupta,5,,best quality clothes and variety available at best prices,2026-08-21T14:48:47.808Z,0,4.2608.20,https://play.google.com/store/apps/details?id=com.myntra.android&reviewId=7016f5cf-ed85-40d5-be9e-43202f0a0e6b
025f74db-6dfe-4f92-a806-205b015171cc,play_store,IN,Akhil Mitra,3,,good,2026-08-21T14:48:32.439Z,0,4.2608.20,https://play.google.com/store/apps/details?id=com.myntra.android&reviewId=025f74db-6dfe-4f92-a806-205b015171cc
db6e6abd-67f3-4d16-a813-5b5761b8feba,play_store,IN,Rishabh Prakash,5,,siuuu,2026-08-21T14:47:25.378Z,0,4.2608.20,https://play.google.com/store/apps/details?id=com.myntra.android&reviewId=db6e6abd-67f3-4d16-a813-5b5761b8feba
79ad732a-9303-40e4-9ec4-0973df8dceae,play_store,IN,sanskar gedam,5,,loved the discount they provide on big brands,2026-08-21T14:46:02.971Z,0,4.2606.31,https://play.google.com/store/apps/details?id=com.myntra.android&reviewId=79ad732a-9303-40e4-9ec4-0973df8dceae
34e49e53-c66e-42c0-9656-461345805ea6,play_store,IN,Lakshya Chauhan,5,,amazing,2026-08-21T14:42:29.181Z,0,4.2606.31,https://play.google.com/store/apps/details?id=com.myntra.android&reviewId=34e49e53-c66e-42c0-9656-461345805ea6
bf638aa6-4d28-463c-bc9e-ade100037b1b,play_store,IN,Neha Pathak Kulkarni,4,,good,2026-08-21T14:42:01.223Z,0,4.2608.20,https://play.google.com/store/apps/details?id=com.myntra.android&reviewId=bf638aa6-4d28-463c-bc9e-ade100037b1b
689ad2a2-39a9-43f8-b21d-b79ee5abb89f,play_store,IN,Prem Shirsath,5,,nice,2026-08-21T14:38:12.448Z,0,4.2608.20,https://play.google.com/store/apps/details?id=com.myntra.android&reviewId=689ad2a2-39a9-43f8-b21d-b79ee5abb89f
033df7b0-05af-4b9c-a7ac-d788bb1d1c23,play_store,IN,ALAM ENTERPRISES,5,,Better than best,2026-08-21T14:37:24.976Z,0,4.2608.20,https://play.google.com/store/apps/details?id=com.myntra.android&reviewId=033df7b0-05af-4b9c-a7ac-d788bb1d1c23
2b86dcfc-ba06-40d7-a463-23cf42867e85,play_store,IN,Mantu Kumar,4,,this is too good app and this helpful and to trusted app,2026-08-21T14:33:00.720Z,0,4.2608.20,https://play.google.com/store/apps/details?id=com.myntra.android&reviewId=2b86dcfc-ba06-40d7-a463-23cf42867e85
0561b01b-15e0-4e39-9a27-833d69db3147,play_store,IN,Connel Fernandes,5,,good,2026-08-21T14:28:17.365Z,0,,https://play.google.com/store/apps/details?id=com.myntra.android&reviewId=0561b01b-15e0-4e39-9a27-833d69db3147
6bf6ab8b-9fcf-478b-b8e3-97f38413d1c3,play_store,IN,SANJAT KESHARI PATI,1,,"Myntra service day by day getting worst. Delivery service is very bad even after charging bogus platform fee. Its so ridiculous, this company eating commission from seller and customer as well by charging platform fee. This issue should be raised in appropriate platforms. Review date 21.08.2026.......... Mytra's service is terrible again. Orders are getting canceled without permission.",2026-08-21T14:25:31.284Z,0,4.2606.31,https://play.google.com/store/apps/details?id=com.myntra.android&reviewId=6bf6ab8b-9fcf-478b-b8e3-97f38413d1c3
3049a672-9b1c-4aad-a4bf-468e1d53eae2,play_store,IN,Play Movie,5,,great app...wow,2026-08-21T14:20:18.404Z,0,,https://play.google.com/store/apps/details?id=com.myntra.android&reviewId=3049a672-9b1c-4aad-a4bf-468e1d53eae2
bcec0a9e-f9cf-4600-ab42-774882f5bfdd,play_store,IN,Ramshree,5,,amezing,2026-08-21T14:16:28.776Z,0,4.2608.20,https://play.google.com/store/apps/details?id=com.myntra.android&reviewId=bcec0a9e-f9cf-4600-ab42-774882f5bfdd
e39f0d93-cc55-478b-890a-f50cfc901904,play_store,IN,Hannan Ahmed,5,,good,2026-08-21T14:15:35.484Z,0,4.2608.20,https://play.google.com/store/apps/details?id=com.myntra.android&reviewId=e39f0d93-cc55-478b-890a-f50cfc901904
2fbc40a6-1807-4d90-812d-818eb3cf6a5d,play_store,IN,Sunny Raj,5,,good,2026-08-21T14:05:18.740Z,0,4.2607.43,https://play.google.com/store/apps/details?id=com.myntra.android&reviewId=2fbc40a6-1807-4d90-812d-818eb3cf6a5d
9bd87c39-9dca-4d6c-bdeb-7f82ee880bdf,play_store,IN,Ameena Begum,5,,excellent,2026-08-21T14:03:50.120Z,0,4.2608.20,https://play.google.com/store/apps/details?id=com.myntra.android&reviewId=9bd87c39-9dca-4d6c-bdeb-7f82ee880bdf
9a49f43c-ebf5-41b1-9576-265261a53ebc,play_store,IN,prince notiyal,5,,great,2026-08-21T14:02:43.170Z,0,4.2608.20,https://play.google.com/store/apps/details?id=com.myntra.android&reviewId=9a49f43c-ebf5-41b1-9576-265261a53ebc
50a48919-a74b-449b-8877-ad14fb32e7e5,play_store,IN,GOPAL KUMAR,5,,My experience says any product bought from Myntra has unique quality regardless of its price.,2026-08-21T14:00:49.650Z,0,4.2608.20,https://play.google.com/store/apps/details?id=com.myntra.android&reviewId=50a48919-a74b-449b-8877-ad14fb32e7e5
4b6fe48f-0521-4954-80ed-dbf138399926,play_store,IN,Anika Kushwaha,5,,Amazing face powder . after using this product face looking glory and shiny.Thanks a lot myntra for this product.,2026-08-21T13:59:45.410Z,0,4.2607.43,https://play.google.com/store/apps/details?id=com.myntra.android&reviewId=4b6fe48f-0521-4954-80ed-dbf138399926
c2189d80-aec7-4f1a-b4d6-3f75c81a1ecd,play_store,IN,Manjeeta gohal,5,,great app,2026-08-21T13:57:18.567Z,0,4.2608.20,https://play.google.com/store/apps/details?id=com.myntra.android&reviewId=c2189d80-aec7-4f1a-b4d6-3f75c81a1ecd
b2aa1d2e-2185-48b7-a0cd-c0493f3649d8,play_store,IN,Kajal Viswakarma,5,,nice 👍,2026-08-21T13:53:04.889Z,0,,https://play.google.com/store/apps/details?id=com.myntra.android&reviewId=b2aa1d2e-2185-48b7-a0cd-c0493f3649d8
36232666-f076-48c0-9fc2-38c836d81f6f,play_store,IN,Yathira Yasmine,5,,offers are unbelievable,2026-08-21T13:52:20.794Z,0,4.2608.20,https://play.google.com/store/apps/details?id=com.myntra.android&reviewId=36232666-f076-48c0-9fc2-38c836d81f6f
d5aa1bb1-bff8-41ab-9630-710be451ab31,play_store,IN,Renu Gautam,5,,best experience best service,2026-08-21T13:50:05.848Z,0,4.2608.20,https://play.google.com/store/apps/details?id=com.myntra.android&reviewId=d5aa1bb1-bff8-41ab-9630-710be451ab31
6471905d-d127-47c1-8486-89cb6f91b7c8,play_store,IN,Lipakshi Sharma,5,,very good,2026-08-21T13:47:29.498Z,0,4.2607.11,https://play.google.com/store/apps/details?id=com.myntra.android&reviewId=6471905d-d127-47c1-8486-89cb6f91b7c8
97ac75c9-a381-4ebe-93df-b248bbc53952,play_store,IN,Nirmal Shahi,5,,it's a very good app for online shopping. you can trust on this. overall satisfied.,2026-08-21T13:46:43.960Z,0,4.2608.20,https://play.google.com/store/apps/details?id=com.myntra.android&reviewId=97ac75c9-a381-4ebe-93df-b248bbc53952
4e123ff7-11fb-401c-a7c3-73a7a78a9ee1,play_store,IN,Money Court,1,,always orders are delayed... very bad delivery service...,2026-08-21T13:39:03.932Z,0,4.2607.43,https://play.google.com/store/apps/details?id=com.myntra.android&reviewId=4e123ff7-11fb-401c-a7c3-73a7a78a9ee1
e5118fa7-1bd8-4ee8-95bd-ae42e7def318,play_store,IN,Suravi Chakraborty,5,,good experience,2026-08-21T13:38:30.445Z,0,4.2608.20,https://play.google.com/store/apps/details?id=com.myntra.android&reviewId=e5118fa7-1bd8-4ee8-95bd-ae42e7def318
866d83cb-83de-43c7-9b3d-3a1f0f8a0ccb,play_store,IN,Riya Barman,5,,best,2026-08-21T13:38:26.381Z,0,4.2607.43,https://play.google.com/store/apps/details?id=com.myntra.android&reviewId=866d83cb-83de-43c7-9b3d-3a1f0f8a0ccb
99e67e91-4eb0-4f47-9a91-57f766e4c6e3,play_store,IN,Supritha,5,,it was soooooo good,2026-08-21T13:37:17.400Z,0,4.2608.20,https://play.google.com/store/apps/details?id=com.myntra.android&reviewId=99e67e91-4eb0-4f47-9a91-57f766e4c6e3
57d8e613-7aa2-4725-adbc-c4c8fa4b6ac2,play_store,IN,Hasnain Raza,5,,Nice,2026-08-21T13:35:59.101Z,0,4.2604.20,https://play.google.com/store/apps/details?id=com.myntra.android&reviewId=57d8e613-7aa2-4725-adbc-c4c8fa4b6ac2
faebe123-f0a5-4f4f-a450-3751c7787046,play_store,IN,Tanvi Verma,4,,verryy nice,2026-08-21T13:35:57.520Z,0,4.2608.20,https://play.google.com/store/apps/details?id=com.myntra.android&reviewId=faebe123-f0a5-4f4f-a450-3751c7787046
a6b6012f-09f1-4112-8640-241170e6d0a7,play_store,IN,Swathi dusari,5,,good,2026-08-21T13:31:32.411Z,0,,https://play.google.com/store/apps/details?id=com.myntra.android&reviewId=a6b6012f-09f1-4112-8640-241170e6d0a7
0816830b-b824-4d4f-86a8-c8fcb827c4af,play_store,IN,Irfan Ahmad,5,,🥰very Good myntra shopping app🥰,2026-08-21T13:30:24.631Z,0,4.2607.32,https://play.google.com/store/apps/details?id=com.myntra.android&reviewId=0816830b-b824-4d4f-86a8-c8fcb827c4af
83c4d93c-d8ec-4d08-8e21-abe6ee2424cb,play_store,IN,Stuti Nigam,5,,best shopping app,2026-08-21T13:26:46.802Z,0,4.2608.20,https://play.google.com/store/apps/details?id=com.myntra.android&reviewId=83c4d93c-d8ec-4d08-8e21-abe6ee2424cb
1b798f18-7066-461c-9ac7-f2de5f33f146,play_store,IN,Hamsa S Mahadi,5,,super,2026-08-21T13:26:22.469Z,0,4.2607.43,https://play.google.com/store/apps/details?id=com.myntra.android&reviewId=1b798f18-7066-461c-9ac7-f2de5f33f146
b31a4d05-5a6d-4299-9b40-7d3f0d66c4fe,play_store,IN,Ashik Khan,3,,nice,2026-08-21T13:25:34.973Z,0,4.2607.43,https://play.google.com/store/apps/details?id=com.myntra.android&reviewId=b31a4d05-5a6d-4299-9b40-7d3f0d66c4fe
70f29e48-3612-445b-890e-7445e6309fac,play_store,IN,Priya Vishwakarma,5,,good,2026-08-21T13:23:56.762Z,0,4.2608.20,https://play.google.com/store/apps/details?id=com.myntra.android&reviewId=70f29e48-3612-445b-890e-7445e6309fac
967b5586-f063-4fa2-acda-6989a8f74661,play_store,IN,Divya rafeek,5,,very good products,2026-08-21T13:22:26.520Z,0,4.2607.43,https://play.google.com/store/apps/details?id=com.myntra.android&reviewId=967b5586-f063-4fa2-acda-6989a8f74661
e8c2ce9f-f9f1-48b8-9792-958e1b41eed2,play_store,IN,Manju Rani Rakshit,5,,very good,2026-08-21T13:21:23.745Z,0,4.2608.20,https://play.google.com/store/apps/details?id=com.myntra.android&reviewId=e8c2ce9f-f9f1-48b8-9792-958e1b41eed2
3d22ed7b-2b38-4a62-bda3-3771f00e11cd,play_store,IN,Md Aazan,5,,"Dot & Key is a wonderful skincare brand that offers a variety of products designed to make skincare simple, effective, and enjoyable. I recently tried a Dot & Key product and had a really positive experience with it. The product has a pleasant texture, feels comfortable on the skin, and is easy to use as part of a daily skincare routine. One of the things I liked most is that it feels lightweight and does not leave an uncomfortable or heavy feeling after application. I loved this product .🥰🤩😍",2026-08-21T13:21:12.321Z,0,4.2608.20,https://play.google.com/store/apps/details?id=com.myntra.android&reviewId=3d22ed7b-2b38-4a62-bda3-3771f00e11cd
4e95560a-e91a-46d3-8055-0aa9f52914b3,play_store,IN,Rakib uddin,5,,myntra is good,2026-08-21T13:20:16.350Z,0,,https://play.google.com/store/apps/details?id=com.myntra.android&reviewId=4e95560a-e91a-46d3-8055-0aa9f52914b3
2a569aa5-a8d5-4dd1-ad35-bef840d3d83b,play_store,IN,Walmik Mandale,5,,good,2026-08-21T13:20:04.713Z,0,4.2606.31,https://play.google.com/store/apps/details?id=com.myntra.android&reviewId=2a569aa5-a8d5-4dd1-ad35-bef840d3d83b
40ce7dd8-1cdd-4471-a134-14d1604f5ed2,play_store,IN,Gaurav RAJAK,5,,this is best in other shopping app,2026-08-21T13:19:10.425Z,0,,https://play.google.com/store/apps/details?id=com.myntra.android&reviewId=40ce7dd8-1cdd-4471-a134-14d1604f5ed2
66f14137-e7a0-46c3-b093-533495fe3b5d,play_store,IN,Bibek Bag Bibek Bag,4,,very good shopping app,2026-08-21T13:15:16.691Z,0,4.2608.20,https://play.google.com/store/apps/details?id=com.myntra.android&reviewId=66f14137-e7a0-46c3-b093-533495fe3b5d
d0f6585a-1549-430d-8789-0cf11f8cb359,play_store,IN,Gulshan Bhanu,5,,vere nise,2026-08-21T13:09:44.975Z,0,4.2602.11,https://play.google.com/store/apps/details?id=com.myntra.android&reviewId=d0f6585a-1549-430d-8789-0cf11f8cb359
9881993d-15d4-424d-a033-f5d54e9df144,play_store,IN,Manzoor Ahmed,5,,I ordered few items from Myntra but I am extremely happy with the products that I bought. i ordered it and got delivered on time Good products.. Amazing quality,2026-08-21T13:09:24.274Z,0,4.2608.20,https://play.google.com/store/apps/details?id=com.myntra.android&reviewId=9881993d-15d4-424d-a033-f5d54e9df144
7c5f2469-aac5-49d5-a019-0f514287c6bb,play_store,IN,Bhaskar Debsingha,5,,Nice Product Highly Recommend.,2026-08-21T13:08:57.711Z,0,,https://play.google.com/store/apps/details?id=com.myntra.android&reviewId=7c5f2469-aac5-49d5-a019-0f514287c6bb
6bd421f7-f086-43d3-8b1a-1b84ba4e4b07,play_store,IN,Huma Zaidi,5,,all the product of Myantra is really good 👍.,2026-08-21T13:08:26.127Z,0,4.2608.20,https://play.google.com/store/apps/details?id=com.myntra.android&reviewId=6bd421f7-f086-43d3-8b1a-1b84ba4e4b07
0a031adb-77fa-4a9b-9857-cef5d66a77c3,play_store,IN,Khushal Dhiwar,4,,grab good,2026-08-21T13:07:54.253Z,0,4.2607.11,https://play.google.com/store/apps/details?id=com.myntra.android&reviewId=0a031adb-77fa-4a9b-9857-cef5d66a77c3
c6b7d005-fae0-4361-bb97-8fdce13d0226,play_store,IN,Pinki Aggarwal,5,,nice product 😄,2026-08-21T13:06:20.259Z,0,4.2608.20,https://play.google.com/store/apps/details?id=com.myntra.android&reviewId=c6b7d005-fae0-4361-bb97-8fdce13d0226
c4d90919-99fb-4c65-8f56-fa3c3f42c879,play_store,IN,Babita Mishra,1,,veryyy bad service. They don't provide the tracking option and they are always unable to reach us. I ordered something and after I don't recive my order I wanted to contact agent but there are no option of typing also. and I try to reach the agent because I want my order at the scheduled date but they don't solve the problem.,2026-08-21T13:04:45.656Z,1,4.2606.30,https://play.google.com/store/apps/details?id=com.myntra.android&reviewId=c4d90919-99fb-4c65-8f56-fa3c3f42c879
be181171-756a-4e4a-97ec-58d7fb5a5a1e,play_store,IN,Parvez Sayeed,4,,Decent,2026-08-21T13:03:29.994Z,0,4.2608.20,https://play.google.com/store/apps/details?id=com.myntra.android&reviewId=be181171-756a-4e4a-97ec-58d7fb5a5a1e
c74c89d9-bdb2-4aae-9b04-5fcd5816546c,play_store,IN,Siddhartha Naidu Butu,5,,super,2026-08-21T13:00:56.669Z,0,4.2608.20,https://play.google.com/store/apps/details?id=com.myntra.android&reviewId=c74c89d9-bdb2-4aae-9b04-5fcd5816546c
d621ffae-b139-4a32-aa77-c90437449e97,play_store,IN,Anurag,5,,just wow! quality products myntra provides must go for it and don't hesitate to believe...you must believe on it blindly,2026-08-21T12:57:43.920Z,0,4.2608.20,https://play.google.com/store/apps/details?id=com.myntra.android&reviewId=d621ffae-b139-4a32-aa77-c90437449e97
0164c137-8d6f-4a88-899e-6896f156d56b,play_store,IN,Supriya,5,,i like it,2026-08-21T12:55:12.873Z,0,4.2608.20,https://play.google.com/store/apps/details?id=com.myntra.android&reviewId=0164c137-8d6f-4a88-899e-6896f156d56b
3a2790ab-68b6-4c2d-b596-d7e7a951bf68,play_store,IN,Rajni Ojha,5,,good 😊,2026-08-21T12:53:46.933Z,0,4.2607.43,https://play.google.com/store/apps/details?id=com.myntra.android&reviewId=3a2790ab-68b6-4c2d-b596-d7e7a951bf68
db0225fa-d379-4e29-a70d-d24a59f19be6,play_store,IN,Bhadreshwar Sarkar,5,,best shopping app,2026-08-21T12:53:27.780Z,0,4.2606.20,https://play.google.com/store/apps/details?id=com.myntra.android&reviewId=db0225fa-d379-4e29-a70d-d24a59f19be6
e5d441de-53dd-4eb9-83cb-d38b28cf613e,play_store,IN,Prem Bater,5,,good,2026-08-21T12:50:15.111Z,0,4.2606.31,https://play.google.com/store/apps/details?id=com.myntra.android&reviewId=e5d441de-53dd-4eb9-83cb-d38b28cf613e
f2419fae-7d76-44dc-8269-22054630ac30,play_store,IN,Mamta Devi,4,,Nice,2026-08-21T12:49:00.243Z,0,4.2608.20,https://play.google.com/store/apps/details?id=com.myntra.android&reviewId=f2419fae-7d76-44dc-8269-22054630ac30
01257c24-b7c0-40e1-9c17-ea79219aa49e,play_store,IN,Rupali Alfred,1,,1. delayed delivery three times in a week 2. customer care never have solution 3. they always keep customer on hold in the name of transferring call to seniors 4.seniors are never available to talk 5. they never have solution take money and delayed order.. 6. no etiquettes of customer care 7. poorand Third class service,2026-08-21T12:47:35.307Z,0,,https://play.google.com/store/apps/details?id=com.myntra.android&reviewId=01257c24-b7c0-40e1-9c17-ea79219aa49e
b60eb66b-4228-47ee-88cb-79f829edfde7,play_store,IN,Maseera Nadkar,5,,best app,2026-08-21T12:47:07.530Z,0,4.2608.20,https://play.google.com/store/apps/details?id=com.myntra.android&reviewId=b60eb66b-4228-47ee-88cb-79f829edfde7
d174f31a-1f80-417f-8737-e3aad0ab9517,play_store,IN,Deepak sahani,5,,good experience,2026-08-21T12:46:38.570Z,0,4.2608.20,https://play.google.com/store/apps/details?id=com.myntra.android&reviewId=d174f31a-1f80-417f-8737-e3aad0ab9517
2d515570-c9c9-4fa8-b116-d3be9f9ac13e,play_store,IN,Palchhin Birta,5,,all over good experience and good quality of clothes,2026-08-21T12:45:50.433Z,0,4.2608.20,https://play.google.com/store/apps/details?id=com.myntra.android&reviewId=2d515570-c9c9-4fa8-b116-d3be9f9ac13e
66c25a78-354a-4f2b-be86-3758b98a4e45,play_store,IN,Mujeeb Kizhakkan,1,,Myntra provides Very Bad Service,2026-08-21T12:44:39.840Z,0,4.2607.43,https://play.google.com/store/apps/details?id=com.myntra.android&reviewId=66c25a78-354a-4f2b-be86-3758b98a4e45
c2d10608-41c5-4ee1-a2a9-aa745cc4a321,play_store,IN,Karan,1,,alert 🚨 (Fraud) no support no integrity I order sleepers from Myntra in khaki color but I received gray color i placed for return but they put my order onhold and after investigation they said you are wrong .,2026-08-21T12:44:06.681Z,0,4.2608.20,https://play.google.com/store/apps/details?id=com.myntra.android&reviewId=c2d10608-41c5-4ee1-a2a9-aa745cc4a321
f60e05cd-fd88-4b9e-b917-b29a7e95a24f,play_store,IN,Pinaki Mohanty,1,,worst app ever,2026-08-21T12:43:45.600Z,0,4.2608.20,https://play.google.com/store/apps/details?id=com.myntra.android&reviewId=f60e05cd-fd88-4b9e-b917-b29a7e95a24f
78ff424f-5f1a-40e2-a097-344d2d603358,play_store,IN,Sonal Yadav,5,,🥰,2026-08-21T12:43:38.434Z,0,,https://play.google.com/store/apps/details?id=com.myntra.android&reviewId=78ff424f-5f1a-40e2-a097-344d2d603358
29988d48-9ad2-4922-ac8e-50f025d1b092,play_store,IN,shilpi das,5,,best shopping app ever I used,2026-08-21T12:40:24.157Z,0,4.2608.20,https://play.google.com/store/apps/details?id=com.myntra.android&reviewId=29988d48-9ad2-4922-ac8e-50f025d1b092
657a95a1-e453-49a3-91a9-89c6bc238f15,play_store,IN,Laxmi Vikas mittal,5,,good👍,2026-08-21T12:40:10.589Z,0,4.2604.20,https://play.google.com/store/apps/details?id=com.myntra.android&reviewId=657a95a1-e453-49a3-91a9-89c6bc238f15
f55f60d5-0109-4e6a-af97-cac50f883353,play_store,IN,ANJU M J,1,,"Ordered a yellow dress but received a pink one.Even with the invoice, tags, and photo proof and after my multiple efforts, Myntra refused my return claiming they delivered the correct product. Customer support is painfully slow, and every reply takes around 24 hours. Their customer support is almost impossible to reach—calls don't connect, and chat is just automated with no real help.I wasted 3 days of my time behind this. Very disappointing and irresponsible service😕",2026-08-21T12:39:33.200Z,1,4.2608.20,https://play.google.com/store/apps/details?id=com.myntra.android&reviewId=f55f60d5-0109-4e6a-af97-cac50f883353
a270545f-299a-4660-8761-472dc5d24e50,play_store,IN,rachna agnihotri,5,,fantastic,2026-08-21T12:39:13.940Z,0,4.2608.20,https://play.google.com/store/apps/details?id=com.myntra.android&reviewId=a270545f-299a-4660-8761-472dc5d24e50
1a198116-2759-4c04-8837-354ea0fd2f10,play_store,IN,Akash Kumar,5,,"⭐⭐⭐⭐⭐ Myntra is one of my favorite shopping apps! The collection is amazing, the app is easy to use, and the overall shopping experience is smooth and convenient. Great choice for fashion and lifestyle shopping! 🛍️✨",2026-08-21T12:37:44.700Z,0,4.2608.20,https://play.google.com/store/apps/details?id=com.myntra.android&reviewId=1a198116-2759-4c04-8837-354ea0fd2f10
c0481a8b-20af-44c6-9ea7-83cc640798e1,play_store,IN,neha shukla,5,,"very professional, best quality products , fast delivery thanks myntra for best services",2026-08-21T12:34:35.334Z,0,4.2608.20,https://play.google.com/store/apps/details?id=com.myntra.android&reviewId=c0481a8b-20af-44c6-9ea7-83cc640798e1
4a99da7e-b756-49e3-9481-96e133dd9292,play_store,IN,Sushruth s Gowda,1,,worst customer care experience,2026-08-21T12:34:09.526Z,0,4.2606.31,https://play.google.com/store/apps/details?id=com.myntra.android&reviewId=4a99da7e-b756-49e3-9481-96e133dd9292
f781b119-1801-4f4d-9783-acb2b090c69e,play_store,IN,Sanatan Patel,5,,I am so happy 😊 very very good app 👏 😊,2026-08-21T12:33:59.604Z,0,4.2608.20,https://play.google.com/store/apps/details?id=com.myntra.android&reviewId=f781b119-1801-4f4d-9783-acb2b090c69e
94702069-031b-4736-aae3-e19a7d3f4468,play_store,IN,Farzana Sayyed,1,,Boht hi bekar app h return ke nam pr kch ni hota isme jb kroge to 100 bahane bnaenge Boht bekar app h koi bhi install mt Krna,2026-08-21T12:30:04.195Z,0,4.2608.20,https://play.google.com/store/apps/details?id=com.myntra.android&reviewId=94702069-031b-4736-aae3-e19a7d3f4468
a54223c1-e736-4e12-8df7-85c88400dd74,play_store,IN,sam Kochewad,5,,good,2026-08-21T12:25:24.285Z,0,4.2606.31,https://play.google.com/store/apps/details?id=com.myntra.android&reviewId=a54223c1-e736-4e12-8df7-85c88400dd74
e70471a7-1e32-40af-ad39-d1efaf05edfd,play_store,IN,Malathi Murugan,5,,it's really a amezing app go for it guys,2026-08-21T12:24:55.974Z,0,4.2608.20,https://play.google.com/store/apps/details?id=com.myntra.android&reviewId=e70471a7-1e32-40af-ad39-d1efaf05edfd
3ce26bb7-cd69-437b-a3c2-961bb56c71c4,play_store,IN,Harsh Kumar,4,,noice,2026-08-21T12:24:17.409Z,0,4.2607.43,https://play.google.com/store/apps/details?id=com.myntra.android&reviewId=3ce26bb7-cd69-437b-a3c2-961bb56c71c4
84089c4c-a833-40f3-886d-33715a3f6f62,play_store,IN,simran saini,5,,good and genuine app,2026-08-21T12:23:18.510Z,0,4.2608.20,https://play.google.com/store/apps/details?id=com.myntra.android&reviewId=84089c4c-a833-40f3-886d-33715a3f6f62
96b61160-8c65-4312-b1ca-6194b0b595e3,play_store,IN,aneeta devi,5,,super quality clothes..,2026-08-21T12:21:49.526Z,0,4.2608.20,https://play.google.com/store/apps/details?id=com.myntra.android&reviewId=96b61160-8c65-4312-b1ca-6194b0b595e3
d7af4521-b0c5-45db-ad7a-a97feaebc84b,play_store,IN,Tanishq Tiwari,5,,nyc app easy to handle and every product is genuine and branded cloth,2026-08-21T12:20:06.872Z,0,4.2608.20,https://play.google.com/store/apps/details?id=com.myntra.android&reviewId=d7af4521-b0c5-45db-ad7a-a97feaebc84b
9acfbe1e-135d-49c9-8fea-19780784dee0,play_store,IN,Anushka Singh,5,,nyc experience,2026-08-21T12:19:46.570Z,0,4.2607.43,https://play.google.com/store/apps/details?id=com.myntra.android&reviewId=9acfbe1e-135d-49c9-8fea-19780784dee0
574dd1cb-724f-4820-b6c3-8f4e8bef0fe6,play_store,IN,Preeti Varma,5,,"This is a really great online shopping app. The quality of the clothes is superb, and you can find stylish clothing at very affordable prices. I would definitely give it a 5 out of 5 rating. Highly recommended!",2026-08-21T12:17:48.855Z,0,4.2608.20,https://play.google.com/store/apps/details?id=com.myntra.android&reviewId=574dd1cb-724f-4820-b6c3-8f4e8bef0fe6
fd452ac1-8701-4c9e-850f-d3725776488f,play_store,IN,Riya,5,,v.good.always satisfied,2026-08-21T12:17:37.201Z,0,4.2607.43,https://play.google.com/store/apps/details?id=com.myntra.android&reviewId=fd452ac1-8701-4c9e-850f-d3725776488f
7a9fbb56-b1a9-42c4-9637-af5810c2e780,play_store,IN,Albert Joseph,5,,Excellent app for shopping 🛍️,2026-08-21T12:17:05.855Z,0,,https://play.google.com/store/apps/details?id=com.myntra.android&reviewId=7a9fbb56-b1a9-42c4-9637-af5810c2e780
5f1a89b7-d41f-421a-8cc7-5515bc3eebc9,play_store,IN,Ayaan Mansuri,5,,good,2026-08-21T12:14:01.277Z,0,4.2606.31,https://play.google.com/store/apps/details?id=com.myntra.android&reviewId=5f1a89b7-d41f-421a-8cc7-5515bc3eebc9
fa2ddc5a-57c0-4a7b-8f2c-58dcd5b3be8f,play_store,IN,sudhir singh,5,,Too much good💯,2026-08-21T12:12:32.930Z,0,4.2608.20,https://play.google.com/store/apps/details?id=com.myntra.android&reviewId=fa2ddc5a-57c0-4a7b-8f2c-58dcd5b3be8f
f2c08618-b3d8-49a5-9576-aab23eff75bb,play_store,IN,Shiv._.ansh09,5,,nice and good app,2026-08-21T12:07:02.211Z,0,4.2608.20,https://play.google.com/store/apps/details?id=com.myntra.android&reviewId=f2c08618-b3d8-49a5-9576-aab23eff75bb
2ee1e81d-c0e8-40ab-b148-e6208f8a2a8e,play_store,IN,Hentric John,4,,one of the best online store apps,2026-08-21T12:03:51.115Z,0,,https://play.google.com/store/apps/details?id=com.myntra.android&reviewId=2ee1e81d-c0e8-40ab-b148-e6208f8a2a8e
14ae8300-0d9a-4f34-a7e0-ea5992a2376d,play_store,IN,Subhash Vaza,5,,best online shopping app,2026-08-21T11:56:16.629Z,0,4.2607.43,https://play.google.com/store/apps/details?id=com.myntra.android&reviewId=14ae8300-0d9a-4f34-a7e0-ea5992a2376d
fb45a376-6a62-410e-a0b8-ab4e6ff9bb8d,play_store,IN,Ayushi Raj,4,,good,2026-08-21T11:54:50.366Z,0,,https://play.google.com/store/apps/details?id=com.myntra.android&reviewId=fb45a376-6a62-410e-a0b8-ab4e6ff9bb8d
ae2686b1-43c8-4489-8a26-e2a05df494b7,play_store,IN,Jayaraj R,5,,👍,2026-08-21T11:52:19.570Z,0,4.2608.20,https://play.google.com/store/apps/details?id=com.myntra.android&reviewId=ae2686b1-43c8-4489-8a26-e2a05df494b7
55d20aa6-9f81-4f75-9b4f-72e513caaa3d,play_store,IN,Nandhini Kalai,5,,I like ur Myntraaa,2026-08-21T11:52:08.267Z,0,4.2608.20,https://play.google.com/store/apps/details?id=com.myntra.android&reviewId=55d20aa6-9f81-4f75-9b4f-72e513caaa3d
8ba6cff9-a0de-45d5-919d-b1c18d9ee863,play_store,IN,Legend True,5,,The experience about this app is very good and reliable.Myntra offers a fast delivery service to get the product you ordered to you.,2026-08-21T11:49:18.866Z,0,4.2608.20,https://play.google.com/store/apps/details?id=com.myntra.android&reviewId=8ba6cff9-a0de-45d5-919d-b1c18d9ee863
b4f61662-66d7-4b1e-91fd-a49aa13cb65e,play_store,IN,Kamal Birda,3,,best,2026-08-21T11:47:56.222Z,0,4.2608.20,https://play.google.com/store/apps/details?id=com.myntra.android&reviewId=b4f61662-66d7-4b1e-91fd-a49aa13cb65e
91b6705a-4fb2-4178-8e7b-6515987515d5,play_store,IN,ayub16hussain@gmail.in waris798,1,,im order from this platform myntra mochi Shoes i have received old used pair return pickup not still myntra chitting openly with when customer care sarvice call there tomorrow morning fixing evening 14 day's playing with customers fored doing with customers please don't know what happened but very poor quality staff chatting with customers please don't buy in this application myntra,2026-08-21T11:45:22.592Z,0,4.2608.20,https://play.google.com/store/apps/details?id=com.myntra.android&reviewId=91b6705a-4fb2-4178-8e7b-6515987515d5
a0753e97-88cb-46af-b587-1fe06b949e18,play_store,IN,Kethavath Janiki,5,,amazing app those the exact app iam searching,2026-08-21T11:43:33.254Z,0,4.2608.20,https://play.google.com/store/apps/details?id=com.myntra.android&reviewId=a0753e97-88cb-46af-b587-1fe06b949e18
2a6bf206-c109-4322-bffd-25e892385b5d,play_store,IN,Kirti Rajbhar,5,,Good app....,2026-08-21T11:42:06.159Z,0,4.2608.20,https://play.google.com/store/apps/details?id=com.myntra.android&reviewId=2a6bf206-c109-4322-bffd-25e892385b5d
5ba66fe4-c07d-4a0d-a235-09f12e1c97c8,play_store,IN,mavia qamar,4,,good,2026-08-21T11:40:50.864Z,0,,https://play.google.com/store/apps/details?id=com.myntra.android&reviewId=5ba66fe4-c07d-4a0d-a235-09f12e1c97c8
05de7695-a313-4b64-adcc-4b97d329e2a4,play_store,IN,Ayush,5,,order quality is better and order is delivered faster than other platforms,2026-08-21T11:39:17.236Z,0,4.2606.31,https://play.google.com/store/apps/details?id=com.myntra.android&reviewId=05de7695-a313-4b64-adcc-4b97d329e2a4
7acaa9ff-64ce-4770-a8ed-15e5106e058c,play_store,IN,shweta gupta,5,,Best app for shopping,2026-08-21T11:37:03.108Z,0,4.2607.43,https://play.google.com/store/apps/details?id=com.myntra.android&reviewId=7acaa9ff-64ce-4770-a8ed-15e5106e058c
6cb07e78-5999-493b-b00a-ee280ba64c09,play_store,IN,Tharun Kaviyashri,5,,such an affordable prices,2026-08-21T11:32:19.857Z,0,,https://play.google.com/store/apps/details?id=com.myntra.android&reviewId=6cb07e78-5999-493b-b00a-ee280ba64c09
3454c583-b808-4def-8494-9fb08827e1b7,play_store,IN,Sonal Gaud,5,,it's a good app for any product,2026-08-21T11:29:04.949Z,0,4.2608.20,https://play.google.com/store/apps/details?id=com.myntra.android&reviewId=3454c583-b808-4def-8494-9fb08827e1b7
96f1902f-c648-48d8-8eff-52d3c50eb851,play_store,IN,Tanvi Sawant,5,,good,2026-08-21T11:27:10.606Z,0,4.2605.21,https://play.google.com/store/apps/details?id=com.myntra.android&reviewId=96f1902f-c648-48d8-8eff-52d3c50eb851
cca346cc-53b7-4220-b1dc-f931d90cb164,play_store,IN,Jagdish Meena,1,,very bad experience...i install Mantra app but otp didn't support.and accepted... there is no customer care in india....I have mailed 7 days before but no response....... very very bad ....if you stuck in order buy or return parcal .... what will you do....so i will not install in my phone 🤳,2026-08-21T11:26:39.497Z,0,,https://play.google.com/store/apps/details?id=com.myntra.android&reviewId=cca346cc-53b7-4220-b1dc-f931d90cb164
fe36593e-b166-4b52-9efd-807f819c7548,play_store,IN,Raju Kohli,5,,osm,2026-08-21T11:25:54.686Z,0,4.2606.31,https://play.google.com/store/apps/details?id=com.myntra.android&reviewId=fe36593e-b166-4b52-9efd-807f819c7548
aeb340b5-6fe6-4f6e-b6b0-dfb8329aa6dc,play_store,IN,Sangeeta Gangwar,5,,good,2026-08-21T11:25:50.886Z,0,,https://play.google.com/store/apps/details?id=com.myntra.android&reviewId=aeb340b5-6fe6-4f6e-b6b0-dfb8329aa6dc
af8f5336-0334-4f5b-9b38-27f137a81760,play_store,IN,Shubham Agarwal,1,,worst experience....fraud delivery agent .... boycott myntra.,2026-08-21T11:25:41.373Z,0,4.2606.31,https://play.google.com/store/apps/details?id=com.myntra.android&reviewId=af8f5336-0334-4f5b-9b38-27f137a81760
7d411be1-2f53-47b7-8157-ef2bc626f9cb,play_store,IN,Dr Suprita Pawar,1,,so myntra has replaced customer support team to an AI. Myntra are you scamming now? I haven't got refund when I checked my yono bank statement. you have refunded only for one product and you haven't for another item. it's not an human error its an AI error,2026-08-21T11:24:28.669Z,0,4.2606.31,https://play.google.com/store/apps/details?id=com.myntra.android&reviewId=7d411be1-2f53-47b7-8157-ef2bc626f9cb
8bc398fb-61f4-4ce9-9a87-7f466b773ef1,play_store,IN,Priya Sarkar vlog,5,,good product,2026-08-21T11:22:56.531Z,0,4.2607.43,https://play.google.com/store/apps/details?id=com.myntra.android&reviewId=8bc398fb-61f4-4ce9-9a87-7f466b773ef1
a96e2202-6240-432d-9d61-1c8d55d38776,play_store,IN,Pradeep Singh,5,,awesome and branded products is hair,2026-08-21T11:21:48.783Z,0,4.2608.20,https://play.google.com/store/apps/details?id=com.myntra.android&reviewId=a96e2202-6240-432d-9d61-1c8d55d38776
3c25e5a6-69d8-4567-a42a-6026efb7ee0a,play_store,IN,V Sharma,5,,excellent,2026-08-21T11:16:45.868Z,0,4.2608.20,https://play.google.com/store/apps/details?id=com.myntra.android&reviewId=3c25e5a6-69d8-4567-a42a-6026efb7ee0a
51dfb19c-83a5-465a-8c78-8fd8754081ae,play_store,IN,Mahi Shaw,1,,return exchange krne me inlogo ne itna presan kr diya mujhe ky bolu coustomer care se bt kro fir bhi koi solution nhi,2026-08-21T11:14:46.960Z,0,4.2606.31,https://play.google.com/store/apps/details?id=com.myntra.android&reviewId=51dfb19c-83a5-465a-8c78-8fd8754081ae
95c07d17-66c3-4434-8c0d-4889a1c78bec,play_store,IN,Debjit Chatterjee,5,,amazing experience,2026-08-21T11:13:24.201Z,0,4.2606.31,https://play.google.com/store/apps/details?id=com.myntra.android&reviewId=95c07d17-66c3-4434-8c0d-4889a1c78bec
06061e07-5680-4771-9d15-4d67920f3e87,play_store,IN,Basudev Halder,4,,👍👍👍,2026-08-21T11:12:48.511Z,0,4.2606.20,https://play.google.com/store/apps/details?id=com.myntra.android&reviewId=06061e07-5680-4771-9d15-4d67920f3e87
f25e5236-9146-4362-a6b7-a5fd6d0847cd,play_store,IN,Aparna AR,5,,👍🏻,2026-08-21T11:12:41.950Z,0,,https://play.google.com/store/apps/details?id=com.myntra.android&reviewId=f25e5236-9146-4362-a6b7-a5fd6d0847cd
56b9f89a-740b-4c3e-907b-6dc390ea3305,play_store,IN,Harshal Kulkarni,1,,"Not a trust worthy platform. Pictures of the product used are always deceiver, they look rich and opulent but delivered products are cheap, despicable and low standard. If somebody is very obsessed with this platform be careful and buy only genuine branded items.",2026-08-21T11:10:48.992Z,0,4.2608.20,https://play.google.com/store/apps/details?id=com.myntra.android&reviewId=56b9f89a-740b-4c3e-907b-6dc390ea3305
4d643aab-e0b6-4ec9-81c1-a5c44bc022e2,play_store,IN,Priyanka Dawar,5,,good,2026-08-21T11:10:17.303Z,0,4.2608.20,https://play.google.com/store/apps/details?id=com.myntra.android&reviewId=4d643aab-e0b6-4ec9-81c1-a5c44bc022e2
2a95a5c3-ed9a-4043-b08a-45a4e9948ed3,play_store,IN,Sunny Variganji,5,,fast delivery,2026-08-21T11:09:14.792Z,0,4.2608.20,https://play.google.com/store/apps/details?id=com.myntra.android&reviewId=2a95a5c3-ed9a-4043-b08a-45a4e9948ed3
38d96a80-71fd-4101-a798-6220fa01657b,play_store,IN,alka singh,1,,"I am extremely disappointed with my recent shopping experience on Myntra. The product I received was of poor quality and appeared to be a used product rather than a new one. The most concerning issue was that the original brand tag was missing from the product at the time of delivery. The missing brand tag has now become a major hindrance in returning the product. My experience with Myntra customer care was very disappointing. Overall, this experience has seriously affected my trust in Myntra.",2026-08-21T11:06:21.176Z,1,4.2608.20,https://play.google.com/store/apps/details?id=com.myntra.android&reviewId=38d96a80-71fd-4101-a798-6220fa01657b
3d01e7d6-1e14-427a-8a11-38c4092b447a,play_store,IN,Aditya Yadav 6036,5,,"Really happy with this purchase. The product quality is good, the fit is comfortable, and it looks exactly like the pictures. Myntra is also a great and reliable platform with a smooth shopping experience. The product is worth the price. Definitely recommended",2026-08-21T11:05:27.290Z,0,4.2608.20,https://play.google.com/store/apps/details?id=com.myntra.android&reviewId=3d01e7d6-1e14-427a-8a11-38c4092b447a
c699b0b2-0f19-469f-b79d-4ea5db2f7c7b,play_store,IN,Bindu Panchal,5,,Recd the product in good condition. Packaging was perfect. Loved the rakhi..it is same as shown in the image. Thanks.,2026-08-21T11:03:56.951Z,0,4.2608.20,https://play.google.com/store/apps/details?id=com.myntra.android&reviewId=c699b0b2-0f19-469f-b79d-4ea5db2f7c7b
17d7a260-c9e1-4b37-9978-e4fd7232308f,play_store,IN,Ashmi C M,5,,good,2026-08-21T10:59:33.976Z,0,4.2607.32,https://play.google.com/store/apps/details?id=com.myntra.android&reviewId=17d7a260-c9e1-4b37-9978-e4fd7232308f
651bf0bc-cca4-4f2d-83f4-71e96b79c7de,play_store,IN,Sakshi Gupta,5,,soft and awesome product at a reasonable price.,2026-08-21T10:57:42.406Z,0,,https://play.google.com/store/apps/details?id=com.myntra.android&reviewId=651bf0bc-cca4-4f2d-83f4-71e96b79c7de
e71b00ce-5b03-4fe9-a217-caba1ab873f3,play_store,IN,Tapaswini Nayak,5,,awesome 👍😎,2026-08-21T10:57:27.735Z,0,4.2608.20,https://play.google.com/store/apps/details?id=com.myntra.android&reviewId=e71b00ce-5b03-4fe9-a217-caba1ab873f3
1d58545f-9da3-4580-bf39-54336706a632,play_store,IN,pankaj mehta,5,,best online purchase experience,2026-08-21T10:55:21.678Z,0,4.2608.20,https://play.google.com/store/apps/details?id=com.myntra.android&reviewId=1d58545f-9da3-4580-bf39-54336706a632
f17c4bad-0c97-4835-9e92-c2fa6d292a13,play_store,IN,priyanka samayam,5,,I purchased apple airpods which was upto the mark,2026-08-21T10:50:26.529Z,0,4.2608.20,https://play.google.com/store/apps/details?id=com.myntra.android&reviewId=f17c4bad-0c97-4835-9e92-c2fa6d292a13
4e7a3945-9af2-494c-927b-6afbcd6f8db9,play_store,IN,Ajit kumar Chourasia,4,,good,2026-08-21T10:49:47.730Z,0,4.2608.20,https://play.google.com/store/apps/details?id=com.myntra.android&reviewId=4e7a3945-9af2-494c-927b-6afbcd6f8db9
8b67d08c-12ca-4d29-b602-051d34fed96a,play_store,IN,Sikharani Khora,5,,good 👍,2026-08-21T10:48:57.305Z,0,4.2608.20,https://play.google.com/store/apps/details?id=com.myntra.android&reviewId=8b67d08c-12ca-4d29-b602-051d34fed96a
f5fe3a53-e549-424b-987d-50d2f945d523,play_store,IN,Shrikant Bhalerao,5,,very good,2026-08-21T10:47:38.651Z,0,4.2608.20,https://play.google.com/store/apps/details?id=com.myntra.android&reviewId=f5fe3a53-e549-424b-987d-50d2f945d523
04620649-0047-4aa4-af0c-8c380a08410c,play_store,IN,Anurag Chaudhary,4,,good 👍😊 very nice fast delivery,2026-08-21T10:47:28.436Z,0,4.2607.43,https://play.google.com/store/apps/details?id=com.myntra.android&reviewId=04620649-0047-4aa4-af0c-8c380a08410c
082a08bb-1413-4900-bfd0-005374f847cd,play_store,IN,Saksham Sharma,5,,nice 👍,2026-08-21T10:43:34.994Z,0,,https://play.google.com/store/apps/details?id=com.myntra.android&reviewId=082a08bb-1413-4900-bfd0-005374f847cd
46685727-8e81-47af-b67e-25c628512f88,play_store,IN,Tyagi Taanvi,5,,valuable price and branded products are here.. please go for it,2026-08-21T10:43:25.472Z,0,4.2605.21,https://play.google.com/store/apps/details?id=com.myntra.android&reviewId=46685727-8e81-47af-b67e-25c628512f88
582a45df-adec-4cb1-8fb9-648016fe11d7,play_store,IN,Md Rehan,1,,bad experience I orderd a smart watch but delevery agent not arrived and he told in WhatsApp I did not pick the call,2026-08-21T10:37:33.499Z,0,,https://play.google.com/store/apps/details?id=com.myntra.android&reviewId=582a45df-adec-4cb1-8fb9-648016fe11d7
43529ec5-7bc2-4789-b4fa-e3b5d592d853,play_store,IN,Yogendra Patel,5,,Best,2026-08-21T10:36:32.709Z,0,4.2608.20,https://play.google.com/store/apps/details?id=com.myntra.android&reviewId=43529ec5-7bc2-4789-b4fa-e3b5d592d853
a1b1c8ad-aff3-4485-8280-cc9fb5060fbf,play_store,IN,Shweta Sinha,5,,very good app for having good quality of clothes,2026-08-21T10:34:54.563Z,0,,https://play.google.com/store/apps/details?id=com.myntra.android&reviewId=a1b1c8ad-aff3-4485-8280-cc9fb5060fbf
baaa206d-03a9-446f-8595-bf1555b8ac1c,play_store,IN,Siddhi Sharma,5,,easy to use and quality of product is too good,2026-08-21T10:32:39.703Z,0,4.2608.20,https://play.google.com/store/apps/details?id=com.myntra.android&reviewId=baaa206d-03a9-446f-8595-bf1555b8ac1c
4f86c499-489e-4cb5-afb6-0fd6a7b59e98,play_store,IN,Farhat Shahrukh,1,,ek to time pr delivery nhi krte ho aur khud hi order cancel kr dete ho customer service se baat krne k liye request kro to call back bhi nahi krte aur to aur insaan to baat hi krte customer service me ek setting kr di h bas wahi ulta seedha bata deti hai 😡😡,2026-08-21T10:26:59.567Z,0,4.2608.20,https://play.google.com/store/apps/details?id=com.myntra.android&reviewId=4f86c499-489e-4cb5-afb6-0fd6a7b59e98
156c1918-5b38-4ab7-b229-dd3a56c2e4af,play_store,IN,Soumen Pal,5,,Good portion,2026-08-21T10:19:25.775Z,0,4.2608.20,https://play.google.com/store/apps/details?id=com.myntra.android&reviewId=156c1918-5b38-4ab7-b229-dd3a56c2e4af
720e8b17-5af0-4636-932d-506d035941f6,play_store,IN,Mahesh Patole,5,,👍🏻,2026-08-21T10:16:03.813Z,0,4.2608.20,https://play.google.com/store/apps/details?id=com.myntra.android&reviewId=720e8b17-5af0-4636-932d-506d035941f6
3f06b835-0886-4cdc-886f-9edd46bacdaf,play_store,IN,mamta yadav,5,,superb site for affordable shopping....,2026-08-21T10:14:38.739Z,0,4.2608.20,https://play.google.com/store/apps/details?id=com.myntra.android&reviewId=3f06b835-0886-4cdc-886f-9edd46bacdaf
3960c910-121d-44de-ab0c-d04ca34c4e03,play_store,IN,Khusi Sain,5,,nice,2026-08-21T10:13:17.803Z,0,4.2607.43,https://play.google.com/store/apps/details?id=com.myntra.android&reviewId=3960c910-121d-44de-ab0c-d04ca34c4e03
7d13eace-9f90-496a-a4d5-a87c9bdf11bc,play_store,IN,Deepa Sharma,5,,really nice app for me ty Myntra,2026-08-21T10:11:42.312Z,0,4.2608.20,https://play.google.com/store/apps/details?id=com.myntra.android&reviewId=7d13eace-9f90-496a-a4d5-a87c9bdf11bc
903488ee-1bc4-48bc-b0a9-df923d229b4f,play_store,IN,Manju Jummal,5,,one of the best things that I was fond of Myntra is its style exchange amazing experience hurhee,2026-08-21T10:10:27.840Z,0,4.2608.20,https://play.google.com/store/apps/details?id=com.myntra.android&reviewId=903488ee-1bc4-48bc-b0a9-df923d229b4f
d7a3cd60-78b7-4b39-9421-e15107f9da10,play_store,IN,Sarah John,5,,It was a nice experience!💕,2026-08-21T10:06:00.576Z,0,4.2608.20,https://play.google.com/store/apps/details?id=com.myntra.android&reviewId=d7a3cd60-78b7-4b39-9421-e15107f9da10
5178f00a-8ae3-48a9-b9e8-58a42e469aa1,play_store,IN,Anita Haldar,4,,Thank You,2026-08-21T10:05:43.683Z,0,4.2607.43,https://play.google.com/store/apps/details?id=com.myntra.android&reviewId=5178f00a-8ae3-48a9-b9e8-58a42e469aa1
35ee784f-cd47-4ec3-8b9f-f32e28dc881c,play_store,IN,Akki Mourya,3,,produced order kiya hai only,2026-08-21T10:01:55.264Z,0,4.2608.20,https://play.google.com/store/apps/details?id=com.myntra.android&reviewId=35ee784f-cd47-4ec3-8b9f-f32e28dc881c
ad29e90e-9a75-42ff-8e7d-fccb24e6035a,play_store,IN,Harikrishnan Durai,1,,"one of the worst app , most of the products they delivers are wrong product",2026-08-21T10:01:01.514Z,0,,https://play.google.com/store/apps/details?id=com.myntra.android&reviewId=ad29e90e-9a75-42ff-8e7d-fccb24e6035a
791463dc-963e-468b-8962-7ad3174a5ca4,play_store,IN,Vaishnavi Kumari,5,,Best app,2026-08-21T10:00:05.256Z,0,,https://play.google.com/store/apps/details?id=com.myntra.android&reviewId=791463dc-963e-468b-8962-7ad3174a5ca4
219c5da9-a1a9-44c6-9fdc-e4a214851cd6,play_store,IN,Urmila devi,5,,good,2026-08-21T09:58:30.660Z,0,,https://play.google.com/store/apps/details?id=com.myntra.android&reviewId=219c5da9-a1a9-44c6-9fdc-e4a214851cd6
3ba6c5c0-db86-4882-8ba6-d2cf7342f0c1,play_store,IN,Yunus Khan,5,,very affordable,2026-08-21T09:55:18.119Z,0,,https://play.google.com/store/apps/details?id=com.myntra.android&reviewId=3ba6c5c0-db86-4882-8ba6-d2cf7342f0c1
7ae3bba1-df43-47aa-b9ef-8674d4b5a2b9,play_store,IN,Fahima Rafik,5,,very good,2026-08-21T09:54:48.687Z,0,4.2608.20,https://play.google.com/store/apps/details?id=com.myntra.android&reviewId=7ae3bba1-df43-47aa-b9ef-8674d4b5a2b9
d540e989-045a-409e-8f8e-3e2559b4fa6c,play_store,IN,Aniket Gupta,4,,"exploring wishlist, wishlisted , bookmark",2026-08-21T09:53:37.300Z,0,4.2606.31,https://play.google.com/store/apps/details?id=com.myntra.android&reviewId=d540e989-045a-409e-8f8e-3e2559b4fa6c
38e6b311-2e33-43cc-8b53-88edd1b20a16,play_store,IN,Syedkassyed Syed,5,,excellent service good price good product,2026-08-21T09:52:36.444Z,0,4.2608.20,https://play.google.com/store/apps/details?id=com.myntra.android&reviewId=38e6b311-2e33-43cc-8b53-88edd1b20a16
d686aa9b-82df-4c9e-b409-94e158a094a6,play_store,IN,Il Mina,5,,good,2026-08-21T09:52:10.170Z,0,4.2608.20,https://play.google.com/store/apps/details?id=com.myntra.android&reviewId=d686aa9b-82df-4c9e-b409-94e158a094a6
5332d3ac-978e-4b77-ad6e-c16b4933c61e,play_store,IN,Riya Singh,5,,"very good app , I loved it very much",2026-08-21T09:49:04.271Z,0,4.2607.32,https://play.google.com/store/apps/details?id=com.myntra.android&reviewId=5332d3ac-978e-4b77-ad6e-c16b4933c61e
a5d88981-4123-4e8c-9254-3d4618e6bb72,play_store,IN,Ayub Mohammed Pathan,5,,Good,2026-08-21T09:44:41.388Z,0,4.2607.32,https://play.google.com/store/apps/details?id=com.myntra.android&reviewId=a5d88981-4123-4e8c-9254-3d4618e6bb72
2ea6df5b-97ae-4f25-9764-66ef9efe55db,play_store,IN,S Praveen Kumar Pandey,5,,good product फ़ास्ट डिलीवरी,2026-08-21T09:43:49.818Z,0,4.2607.43,https://play.google.com/store/apps/details?id=com.myntra.android&reviewId=2ea6df5b-97ae-4f25-9764-66ef9efe55db
b6d62e15-b7eb-439d-bdc4-39cb07d7b44c,play_store,IN,Seora Bodh,5,,best shopping app,2026-08-21T09:37:33.268Z,0,4.2608.20,https://play.google.com/store/apps/details?id=com.myntra.android&reviewId=b6d62e15-b7eb-439d-bdc4-39cb07d7b44c
aa76e7b5-46b2-45ad-8bb1-36e7b67ee1ce,play_store,IN,CHANDRAKETU MANDAL,5,,nice,2026-08-21T09:34:20.938Z,0,4.2608.20,https://play.google.com/store/apps/details?id=com.myntra.android&reviewId=aa76e7b5-46b2-45ad-8bb1-36e7b67ee1ce
7889c581-e014-4c05-b4d6-9f620f17c870,play_store,IN,Shreya Karn,5,,very good app,2026-08-21T09:33:46.867Z,0,4.2604.20,https://play.google.com/store/apps/details?id=com.myntra.android&reviewId=7889c581-e014-4c05-b4d6-9f620f17c870
4ef82034-e459-40ee-b1e4-4c4692da2e8c,play_store,IN,Aishwarya Jamdhade,5,,it was good shopping at myntra online. quality of the products and cloths are great..!!,2026-08-21T09:31:30.664Z,0,4.2606.31,https://play.google.com/store/apps/details?id=com.myntra.android&reviewId=4ef82034-e459-40ee-b1e4-4c4692da2e8c
d849dde9-d99f-43f9-925a-4b00dfc6c669,play_store,IN,Diksha Wadhwani,5,,vry njce,2026-08-21T09:31:23.827Z,0,,https://play.google.com/store/apps/details?id=com.myntra.android&reviewId=d849dde9-d99f-43f9-925a-4b00dfc6c669
18c7d34a-5594-4802-a43a-630ce1ffcc12,play_store,IN,Yeshwanth Kumar,4,,UI and the layout of this application is super user friendly,2026-08-21T09:28:21.591Z,0,4.2608.20,https://play.google.com/store/apps/details?id=com.myntra.android&reviewId=18c7d34a-5594-4802-a43a-630ce1ffcc12
457bcccb-e841-410a-bccd-955988f74dd5,play_store,IN,Varun b m,5,,good,2026-08-21T09:19:10.996Z,0,,https://play.google.com/store/apps/details?id=com.myntra.android&reviewId=457bcccb-e841-410a-bccd-955988f74dd5
e92db1c4-24c0-4014-9988-d5d250d55210,play_store,IN,Muntaz Begum,1,,The worst delivery experience... The worst customer care service..... I ordered one eight shoes and received damaged product and they are saying that the only way around is return and there is no exchange or compensation.... Such worst experience.... Shameful,2026-08-21T09:18:32.980Z,0,4.2608.20,https://play.google.com/store/apps/details?id=com.myntra.android&reviewId=e92db1c4-24c0-4014-9988-d5d250d55210
c4df2146-a293-4a12-9b0f-5fd78b1ee696,play_store,IN,Akash Sahani,5,,excellent 👌,2026-08-21T09:17:03.373Z,0,4.2607.43,https://play.google.com/store/apps/details?id=com.myntra.android&reviewId=c4df2146-a293-4a12-9b0f-5fd78b1ee696
fb8f8def-6de8-4ddf-9b20-513f1172b7f7,play_store,IN,Mun Brahma,5,,Good Shopping Apps,2026-08-21T09:13:22.775Z,0,4.2608.20,https://play.google.com/store/apps/details?id=com.myntra.android&reviewId=fb8f8def-6de8-4ddf-9b20-513f1172b7f7
77cb4f4e-db3a-4942-9e7a-154677297742,play_store,IN,Gulnaz Praveen,5,,too good for shopping,2026-08-21T09:11:13.547Z,0,4.2607.43,https://play.google.com/store/apps/details?id=com.myntra.android&reviewId=77cb4f4e-db3a-4942-9e7a-154677297742
349e69fd-5bfb-4dca-9896-90979a217f53,play_store,IN,Harendra Kumar,5,,super,2026-08-21T09:05:42.500Z,0,4.2608.20,https://play.google.com/store/apps/details?id=com.myntra.android&reviewId=349e69fd-5bfb-4dca-9896-90979a217f53
b61be88e-6162-4f2a-913a-9276418e6359,play_store,IN,viren kumar,5,,nice app for all age group 👍,2026-08-21T09:03:16.951Z,0,,https://play.google.com/store/apps/details?id=com.myntra.android&reviewId=b61be88e-6162-4f2a-913a-9276418e6359
bfb3981b-b03f-4288-88d5-b38996a7197c,play_store,IN,Lakshmi Kampati,5,,happy customer 😍,2026-08-21T09:01:27.333Z,0,4.2606.31,https://play.google.com/store/apps/details?id=com.myntra.android&reviewId=bfb3981b-b03f-4288-88d5-b38996a7197c
b573b225-4fce-4bd7-b34c-0b6031241e37,play_store,IN,Swayam Dhakad,4,,it's good app for online shopping and the delivery time also short to other shopping apps,2026-08-21T09:00:30.106Z,0,4.2608.20,https://play.google.com/store/apps/details?id=com.myntra.android&reviewId=b573b225-4fce-4bd7-b34c-0b6031241e37
d5114ca6-11b5-4da8-992a-04ce658234be,play_store,IN,rahul yadav,1,,worst app it uses to be good then but no more ..they do not deliver item if price of that item has been increased before your order gets delivered,2026-08-21T09:00:04.261Z,0,4.2608.20,https://play.google.com/store/apps/details?id=com.myntra.android&reviewId=d5114ca6-11b5-4da8-992a-04ce658234be
e99ef6f6-f728-466e-bbe1-254f7581fcdb,play_store,IN,Binant Chakma,5,,This product is good,2026-08-21T08:59:03.672Z,0,4.2607.43,https://play.google.com/store/apps/details?id=com.myntra.android&reviewId=e99ef6f6-f728-466e-bbe1-254f7581fcdb
e53ee084-38ae-4342-a56d-1ca722aa9dcf,play_store,IN,Rajbala Poonia,5,,my myntra experience is superb,2026-08-21T08:58:39.484Z,0,4.2606.31,https://play.google.com/store/apps/details?id=com.myntra.android&reviewId=e53ee084-38ae-4342-a56d-1ca722aa9dcf
0ea09616-214a-410c-a661-8158df296658,play_store,IN,Poonam kondalkar,4,,best and useful,2026-08-21T08:58:33.308Z,0,4.2608.20,https://play.google.com/store/apps/details?id=com.myntra.android&reviewId=0ea09616-214a-410c-a661-8158df296658
218e6400-5604-4bd9-b484-d02bee340e9b,play_store,IN,OMKAR JAVKAR,5,,its too good,2026-08-21T08:58:29.550Z,0,4.2608.20,https://play.google.com/store/apps/details?id=com.myntra.android&reviewId=218e6400-5604-4bd9-b484-d02bee340e9b
08cfdb8e-654c-43ac-a849-5601f1c046fb,play_store,IN,ANEDA TIJO,1,,it's unbelievably unreliable now.... worst experience now a days,2026-08-21T08:54:54.328Z,1,4.2608.20,https://play.google.com/store/apps/details?id=com.myntra.android&reviewId=08cfdb8e-654c-43ac-a849-5601f1c046fb
c7047ab5-b3d6-48bc-9b53-8fa568bb74e1,play_store,IN,Anugya Rawat,5,,good,2026-08-21T08:54:38.359Z,0,,https://play.google.com/store/apps/details?id=com.myntra.android&reviewId=c7047ab5-b3d6-48bc-9b53-8fa568bb74e1
b9518c40-0361-4434-958a-630c1d158b52,play_store,IN,Hasnain,1,,amazing,2026-08-21T08:53:16.856Z,0,4.2607.43,https://play.google.com/store/apps/details?id=com.myntra.android&reviewId=b9518c40-0361-4434-958a-630c1d158b52
5cf8d3a8-f4f1-442a-861a-6729096ac1b3,play_store,IN,Indra Kumar,5,,good,2026-08-21T08:48:56.949Z,0,,https://play.google.com/store/apps/details?id=com.myntra.android&reviewId=5cf8d3a8-f4f1-442a-861a-6729096ac1b3
4af4bd1d-588a-473a-8c27-29ce4f3e6c84,play_store,IN,Amitt Ssharma,5,,awesome,2026-08-21T08:48:47.212Z,0,4.2608.20,https://play.google.com/store/apps/details?id=com.myntra.android&reviewId=4af4bd1d-588a-473a-8c27-29ce4f3e6c84
7209016d-e417-494d-8889-1369d3952aa0,play_store,IN,Bharat Mali,5,,op app,2026-08-21T08:47:42.657Z,0,4.2608.20,https://play.google.com/store/apps/details?id=com.myntra.android&reviewId=7209016d-e417-494d-8889-1369d3952aa0
a029b860-0f0a-4908-9309-596a8c499be7,play_store,IN,Puja Pal,4,,very good,2026-08-21T08:45:17.229Z,0,4.2608.20,https://play.google.com/store/apps/details?id=com.myntra.android&reviewId=a029b860-0f0a-4908-9309-596a8c499be7
8f4b646c-7afe-4698-94de-55dd47c0465f,play_store,IN,SHRIPAD BARVE,5,,"​Myntra का एक्सपीरियंस हमेशा 10/10 रहता है! ऑर्डर प्लेस करने से लेकर डिलीवरी तक सब कुछ बेहद आसान और फास्ट था। साड़ी की क्वालिटी, कलर और पैकेजिंग सब A1 है। ​Myntra से बेस्ट एक्सपीरियंस! फास्ट डिलीवरी, नीट पैकेजिंग और परफेक्ट क्वालिटी प्रोडक्ट। 5/5 स्टार्स बिना किसी शक के! शॉपिंग के लिए Myntra हमेशा मेरी पहली पसंद रहेगा!",2026-08-21T08:40:40.539Z,0,4.2608.20,https://play.google.com/store/apps/details?id=com.myntra.android&reviewId=8f4b646c-7afe-4698-94de-55dd47c0465f
ac5bc034-e516-4b71-ac8c-aebbb577ab61,play_store,IN,Kalp Sharma,5,,best shopping platform for every occasion.,2026-08-21T08:38:18.867Z,0,4.2608.20,https://play.google.com/store/apps/details?id=com.myntra.android&reviewId=ac5bc034-e516-4b71-ac8c-aebbb577ab61
48438f66-981d-4bd7-8584-4d7f423a69b1,play_store,IN,Ruksana Masud sk,5,,wonderful products quality are very good 😊 purchase karne ke liye bahut hi achcha hai,2026-08-21T08:36:01.727Z,0,4.2608.20,https://play.google.com/store/apps/details?id=com.myntra.android&reviewId=48438f66-981d-4bd7-8584-4d7f423a69b1
56930ea3-971f-4752-90bf-fbaa2cc7a249,play_store,IN,Shiba Marndi,5,,nice 👍🙂,2026-08-21T08:35:50.780Z,0,4.2608.20,https://play.google.com/store/apps/details?id=com.myntra.android&reviewId=56930ea3-971f-4752-90bf-fbaa2cc7a249
545f9f12-5155-4bf5-a8f8-8a806736ec77,play_store,IN,Debanjan Barman,5,,Just Wow,2026-08-21T08:34:22.670Z,0,4.2604.20,https://play.google.com/store/apps/details?id=com.myntra.android&reviewId=545f9f12-5155-4bf5-a8f8-8a806736ec77
3ab9957d-85b8-4427-8d9f-47a514f6a4d1,play_store,IN,Souparna Deb nath,1,,order has been cancelled on delivery date😒,2026-08-21T08:33:43.307Z,0,4.2608.20,https://play.google.com/store/apps/details?id=com.myntra.android&reviewId=3ab9957d-85b8-4427-8d9f-47a514f6a4d1
22913ed7-ddec-4f04-ade2-4123abe06942,play_store,IN,rahul saini,1,,i have very bad experience on this app,2026-08-21T08:33:13.875Z,0,4.2608.20,https://play.google.com/store/apps/details?id=com.myntra.android&reviewId=22913ed7-ddec-4f04-ade2-4123abe06942
5515dc70-783f-4407-ac42-4f9052acdfd7,play_store,IN,Raaaz Roy,4,,good 😊,2026-08-21T08:32:17.879Z,0,,https://play.google.com/store/apps/details?id=com.myntra.android&reviewId=5515dc70-783f-4407-ac42-4f9052acdfd7
1b023044-a7b6-4172-9d68-0cb41e07139b,play_store,IN,Redmi Note10 backup,5,,nothing to say all is well.,2026-08-21T08:31:34.807Z,0,4.2608.20,https://play.google.com/store/apps/details?id=com.myntra.android&reviewId=1b023044-a7b6-4172-9d68-0cb41e07139b
1ca8d3ce-fb4b-4f9d-a46d-125dfe3a347f,play_store,IN,Mohammed Affan,5,,in so thankfull,2026-08-21T08:22:57.404Z,0,4.2606.31,https://play.google.com/store/apps/details?id=com.myntra.android&reviewId=1ca8d3ce-fb4b-4f9d-a46d-125dfe3a347f
f82ee003-5635-4b9a-a6ff-978dbd3223b0,play_store,IN,ritu bhardwaj,5,,nice,2026-08-21T08:21:09.921Z,0,4.2608.20,https://play.google.com/store/apps/details?id=com.myntra.android&reviewId=f82ee003-5635-4b9a-a6ff-978dbd3223b0
292ba04f-414c-4cd7-b1eb-77640f3a6689,play_store,IN,Krishna Kumar Garg,4,,good app,2026-08-21T08:17:09.686Z,0,4.2608.20,https://play.google.com/store/apps/details?id=com.myntra.android&reviewId=292ba04f-414c-4cd7-b1eb-77640f3a6689
cbace21d-1e0c-4d8e-885a-8492886766d7,play_store,IN,Sarika Bathra,5,,very nice good quality product I love it thanks mytra,2026-08-21T08:14:13.847Z,0,,https://play.google.com/store/apps/details?id=com.myntra.android&reviewId=cbace21d-1e0c-4d8e-885a-8492886766d7
405b96c7-f2cb-46aa-9e82-68c6b6bf2e8c,play_store,IN,Anu Anuuu,5,,good packaging and shipment also 👌,2026-08-21T08:13:20.809Z,0,4.2608.20,https://play.google.com/store/apps/details?id=com.myntra.android&reviewId=405b96c7-f2cb-46aa-9e82-68c6b6bf2e8c
07080662-8ec7-4ebc-afeb-6608966cf965,play_store,IN,Gaurav Dahiya,5,,good Experience,2026-08-21T08:12:24.291Z,0,4.2606.31,https://play.google.com/store/apps/details?id=com.myntra.android&reviewId=07080662-8ec7-4ebc-afeb-6608966cf965
329e2bc8-1e13-4181-bf98-01ebcdaa3c3e,play_store,IN,Sangsangi Ralte,5,,good,2026-08-21T08:10:43.591Z,0,4.2608.20,https://play.google.com/store/apps/details?id=com.myntra.android&reviewId=329e2bc8-1e13-4181-bf98-01ebcdaa3c3e
5e0722f2-35ae-4dcb-a493-b554f5126337,play_store,IN,Fathima Rahim,5,,♥️♥️♥️♥️,2026-08-21T08:09:01.698Z,0,,https://play.google.com/store/apps/details?id=com.myntra.android&reviewId=5e0722f2-35ae-4dcb-a493-b554f5126337
28e1b043-c43c-4734-9ca6-eb65d146a3a0,play_store,IN,Rohan Reji,1,,"Worst app, worst experience. Please don't trust Myntra, they can't do their job properly. I had to do their job of trying to collect my order from their warehouse because they never made any real delivery attempt and instead cancelled it by saying they made multiple attempts. Utter waste of my time and money. I don't recommend this experience to anyone.",2026-08-21T08:07:19.472Z,1,4.2608.20,https://play.google.com/store/apps/details?id=com.myntra.android&reviewId=28e1b043-c43c-4734-9ca6-eb65d146a3a0
b48087e6-2ba4-44c0-8a30-86f8ab26c21a,play_store,IN,Anirudh Kalyan,5,,absolute 🎉super collections,2026-08-21T08:04:36.871Z,0,,https://play.google.com/store/apps/details?id=com.myntra.android&reviewId=b48087e6-2ba4-44c0-8a30-86f8ab26c21a
19bb210f-0910-4c00-8987-fc7a715eb307,play_store,IN,shalaka patil,4,,excellent,2026-08-21T07:54:33.504Z,0,,https://play.google.com/store/apps/details?id=com.myntra.android&reviewId=19bb210f-0910-4c00-8987-fc7a715eb307
5a02e02b-e873-40d1-946d-01846128cac1,play_store,IN,Parth Bansal,5,,Nice platform,2026-08-21T07:54:18.340Z,0,,https://play.google.com/store/apps/details?id=com.myntra.android&reviewId=5a02e02b-e873-40d1-946d-01846128cac1
62c8a2c6-624b-4243-8169-8aafe23177ff,play_store,IN,Iqra Ansari,5,,Great app,2026-08-21T07:52:12.781Z,0,4.2604.10,https://play.google.com/store/apps/details?id=com.myntra.android&reviewId=62c8a2c6-624b-4243-8169-8aafe23177ff
87124068-24d1-4069-9952-c7fc28ea5c02,play_store,IN,Prajjwal Raikar,2,,"⭐ After the recent Myntra app update, I’m facing a serious issue with MynCash and Myntra Credit. My MynCash works only when I don’t use Myntra Credit. If I select Myntra Credit for payment, MynCash doesn’t get applied and sometimes the page keeps loading. However, when I don’t use Myntra Credit and choose UPI or Cash on Delivery, MynCash gets applied properly. This was working differently before the recent update. I’ve already contacted customer care, but the issue was not properly understood",2026-08-21T07:45:28.904Z,1,4.2608.20,https://play.google.com/store/apps/details?id=com.myntra.android&reviewId=87124068-24d1-4069-9952-c7fc28ea5c02
96ea0ce6-231d-4d80-93f1-d03952fea0e0,play_store,IN,*EXPHUB* DEVA,4,,good,2026-08-21T07:44:06.240Z,0,4.2608.20,https://play.google.com/store/apps/details?id=com.myntra.android&reviewId=96ea0ce6-231d-4d80-93f1-d03952fea0e0
81e6eeea-802f-4563-a8f1-aae218a580d2,play_store,IN,Sakthi Vel,5,,ok,2026-08-21T07:40:23.261Z,0,4.2608.20,https://play.google.com/store/apps/details?id=com.myntra.android&reviewId=81e6eeea-802f-4563-a8f1-aae218a580d2
08715f5a-fffd-43cb-ad18-9150a3dcb7c1,play_store,IN,Riya Choubey,1,,very bad customer service,2026-08-21T07:38:55.721Z,1,4.2503.21,https://play.google.com/store/apps/details?id=com.myntra.android&reviewId=08715f5a-fffd-43cb-ad18-9150a3dcb7c1
c0667f9a-b208-4bd3-9ae8-afcf73085ce5,play_store,IN,Deepak AwastHi,5,,best app for shopping,2026-08-21T07:38:20.386Z,0,4.2608.20,https://play.google.com/store/apps/details?id=com.myntra.android&reviewId=c0667f9a-b208-4bd3-9ae8-afcf73085ce5
fefdac03-1b77-48e9-a3f5-7ec13aea6f16,play_store,IN,Harshada Rilkar-Mhatre,5,,Edit - Myntra has definitely improved their logistics and customer support. Keep it up.,2026-08-21T07:37:57.634Z,1,4.2608.20,https://play.google.com/store/apps/details?id=com.myntra.android&reviewId=fefdac03-1b77-48e9-a3f5-7ec13aea6f16
efdd2bfd-c353-467b-8390-f9e76314682a,play_store,IN,Pankaj Kumar,5,,Amazing Experience ✴️✴️✴️✴️✴️,2026-08-21T07:36:09.850Z,0,4.2607.43,https://play.google.com/store/apps/details?id=com.myntra.android&reviewId=efdd2bfd-c353-467b-8390-f9e76314682a
ea8ceb24-537a-40ed-9147-4140407f7714,play_store,IN,Chameli Podder,5,,Best quality shopping app,2026-08-21T07:34:47.878Z,0,4.2608.20,https://play.google.com/store/apps/details?id=com.myntra.android&reviewId=ea8ceb24-537a-40ed-9147-4140407f7714
f11dc2cf-b19d-4675-a6b6-ff411a334463,play_store,IN,Tulika Munshi,1,,Extremely poor customer service. Delivered a wrong product and now finding difficulty to exchange,2026-08-21T07:33:03.206Z,1,4.2608.20,https://play.google.com/store/apps/details?id=com.myntra.android&reviewId=f11dc2cf-b19d-4675-a6b6-ff411a334463
1ac44717-0c21-4417-8b53-f35d8717a8f0,play_store,IN,Anshika Gupta,5,,best quality app i highly recommend service returs exchanges refunds are so smooth and with in an hour its done ... i am happy to use it and also prefer everybody to use 🥹,2026-08-21T07:31:49.795Z,0,4.2608.20,https://play.google.com/store/apps/details?id=com.myntra.android&reviewId=1ac44717-0c21-4417-8b53-f35d8717a8f0
527a5ac2-e79b-4ae0-9e66-2a02eae4db30,play_store,IN,Chandrakla Sinha,5,,very nice product,2026-08-21T07:31:15.481Z,0,4.2606.31,https://play.google.com/store/apps/details?id=com.myntra.android&reviewId=527a5ac2-e79b-4ae0-9e66-2a02eae4db30
7ff9c782-4ce1-4935-b398-3c1814e4b712,play_store,IN,Gayatri Wankhade,5,,trustable app,2026-08-21T07:27:29.728Z,0,4.2607.43,https://play.google.com/store/apps/details?id=com.myntra.android&reviewId=7ff9c782-4ce1-4935-b398-3c1814e4b712
49f3c003-4ea2-4249-b83f-e08afc5fe4d1,play_store,IN,Ruby Lama,4,,Very good,2026-08-21T07:26:09.831Z,0,4.2604.20,https://play.google.com/store/apps/details?id=com.myntra.android&reviewId=49f3c003-4ea2-4249-b83f-e08afc5fe4d1
ae6b6514-b07c-4c17-ab2d-8b85b059911b,play_store,IN,Mahima Chaurasia,5,,Best,2026-08-21T07:26:09.460Z,0,4.2607.43,https://play.google.com/store/apps/details?id=com.myntra.android&reviewId=ae6b6514-b07c-4c17-ab2d-8b85b059911b
74718f09-87ad-408d-9cba-5118df4014ad,play_store,IN,Parul,5,,wonderfull experience,2026-08-21T07:22:02.476Z,0,,https://play.google.com/store/apps/details?id=com.myntra.android&reviewId=74718f09-87ad-408d-9cba-5118df4014ad
0b3aca93-8150-4dbe-90e6-2c60e32ee1fb,play_store,IN,Vishakha More,1,,"The delivery is taking a very long time. The delivery person is not answering the call ,and they are not attending delivery again either.",2026-08-21T07:21:47.225Z,0,4.2608.20,https://play.google.com/store/apps/details?id=com.myntra.android&reviewId=0b3aca93-8150-4dbe-90e6-2c60e32ee1fb
decc80f5-0daa-4afa-bbcb-068bbabcf7f9,play_store,IN,Tutu Moni,5,,Excellent.,2026-08-21T07:20:10.968Z,0,4.2606.31,https://play.google.com/store/apps/details?id=com.myntra.android&reviewId=decc80f5-0daa-4afa-bbcb-068bbabcf7f9
65b4cbaf-3800-4f86-8890-6ce696b04866,play_store,IN,K.P. Jadhav,3,,good 👍,2026-08-21T07:19:43.487Z,0,4.2608.20,https://play.google.com/store/apps/details?id=com.myntra.android&reviewId=65b4cbaf-3800-4f86-8890-6ce696b04866
9a75198f-4532-49af-b197-9f3cb223096d,play_store,IN,ranjith Kumar,5,,having low price product,2026-08-21T07:19:23.420Z,0,4.2607.43,https://play.google.com/store/apps/details?id=com.myntra.android&reviewId=9a75198f-4532-49af-b197-9f3cb223096d
a7ddf791-9d70-4fb3-96db-411e7f50364c,play_store,IN,Atul Singh,1,,worst delivery service. even after sharing details there is no response why are you email I'd in each comment when you are giving any response,2026-08-21T07:18:38.220Z,1,4.2607.43,https://play.google.com/store/apps/details?id=com.myntra.android&reviewId=a7ddf791-9d70-4fb3-96db-411e7f50364c
0232c779-bf13-456a-bd4c-2d6b0dfa142d,play_store,IN,Disha Gupta,1,,i have seen the previous customers with same issue but still ordered trusting myntra and its return policy but guess what i was wrong they are telling me that correct item was delivered but i did not receive the correct brand product only i guess u should start open box delivery only then will u know how 5hey repack the cheap prroducts,2026-08-21T07:18:06.470Z,1,4.2608.20,https://play.google.com/store/apps/details?id=com.myntra.android&reviewId=0232c779-bf13-456a-bd4c-2d6b0dfa142d
ba50a54d-1585-4cf7-b3b3-b70ef4a1ee12,play_store,IN,Naina Mehra,5,,very nice,2026-08-21T07:17:18.227Z,0,4.2608.20,https://play.google.com/store/apps/details?id=com.myntra.android&reviewId=ba50a54d-1585-4cf7-b3b3-b70ef4a1ee12
a61104d7-811c-4173-b491-6ecbbd8a9f46,play_store,IN,Pallavi Banerjee,1,,worst exchange process is so bad khud hi cancel ho jata h exchange wala process or exchange portal bhi bnd ho jata h jiske wajah ye log exchange hi nhi krtee had a very bad experience with customer care isse accha toh chota sa app meesho k exchange return policy better h aur help centre toh kissi kaam k nhi,2026-08-21T07:15:58.815Z,1,4.2608.20,https://play.google.com/store/apps/details?id=com.myntra.android&reviewId=a61104d7-811c-4173-b491-6ecbbd8a9f46
aaba08e2-0a92-4951-b0b9-cce6f58bc351,play_store,IN,kulwinder kaur,5,,excellent 👌👍,2026-08-21T07:14:22.120Z,0,4.2608.20,https://play.google.com/store/apps/details?id=com.myntra.android&reviewId=aaba08e2-0a92-4951-b0b9-cce6f58bc351
21a51218-65dd-45c4-a2c5-9569fad03698,play_store,IN,Mee Jay,5,,very good quality 😃,2026-08-21T07:13:54.181Z,0,4.2608.20,https://play.google.com/store/apps/details?id=com.myntra.android&reviewId=21a51218-65dd-45c4-a2c5-9569fad03698
360aa3aa-4281-47a9-8e2f-61bd565a5188,play_store,IN,Rameshwari Jha,5,,excellent,2026-08-21T07:11:50.386Z,0,4.2608.20,https://play.google.com/store/apps/details?id=com.myntra.android&reviewId=360aa3aa-4281-47a9-8e2f-61bd565a5188
a137516d-53a0-438b-a61a-d8954a639cab,play_store,IN,Krishna Nath,5,,best app ever,2026-08-21T07:10:04.752Z,0,4.2608.20,https://play.google.com/store/apps/details?id=com.myntra.android&reviewId=a137516d-53a0-438b-a61a-d8954a639cab
ebe429f8-4c03-45c9-aa26-c24d88a3895d,play_store,IN,Ayush Dixit,5,,great experience,2026-08-21T07:08:45.441Z,1,4.2607.43,https://play.google.com/store/apps/details?id=com.myntra.android&reviewId=ebe429f8-4c03-45c9-aa26-c24d88a3895d
8c1d27c0-fb68-461f-a553-68ce9ec7fbac,play_store,IN,Bikash Hemram,5,,good 😊,2026-08-21T07:08:34.306Z,0,4.2608.20,https://play.google.com/store/apps/details?id=com.myntra.android&reviewId=8c1d27c0-fb68-461f-a553-68ce9ec7fbac
5361c8ec-c40b-4307-b9ec-27536907cb42,play_store,IN,NIHARIKA CHAUHAN,5,,very good,2026-08-21T07:08:33.133Z,0,4.2607.32,https://play.google.com/store/apps/details?id=com.myntra.android&reviewId=5361c8ec-c40b-4307-b9ec-27536907cb42
020513dc-8e73-4a34-962b-d33c07a58a0f,play_store,IN,anu s,5,,I always enjoy shopping on this app. they have a huge variety of designs of shoes and clothes ...material of all the things was as described. Good pics and right explanations. I find shoppers reviews very useful.,2026-08-21T07:06:35.479Z,0,4.2608.20,https://play.google.com/store/apps/details?id=com.myntra.android&reviewId=020513dc-8e73-4a34-962b-d33c07a58a0f
1f333530-693a-4f25-b9d9-6f7ff6e8cbe4,play_store,IN,Aanchal Garg,1,,"very disappointing experience with myntra. this has happen to me twice now. i returned the products and the app showed that the refund has been processed, but I still haven't received the money in my account and the after waiting ,the refund amount has not been created. facing the same issue twice.. and I call the myntra help centre they was not responding properly.",2026-08-21T07:03:04.805Z,0,,https://play.google.com/store/apps/details?id=com.myntra.android&reviewId=1f333530-693a-4f25-b9d9-6f7ff6e8cbe4
34ca538f-54a2-462f-9a0f-02a39cdf5e95,play_store,IN,Ramjit Parmar,5,,nice,2026-08-21T06:58:54.203Z,0,4.2607.43,https://play.google.com/store/apps/details?id=com.myntra.android&reviewId=34ca538f-54a2-462f-9a0f-02a39cdf5e95
e554ea79-2a59-476c-bf30-d5525fce9359,play_store,IN,Shahrukh Raza Khan,5,,Nice Product,2026-08-21T06:58:53.195Z,0,,https://play.google.com/store/apps/details?id=com.myntra.android&reviewId=e554ea79-2a59-476c-bf30-d5525fce9359
09cafbf4-9911-473f-ac23-d48aedc6f3c7,play_store,IN,Atikur Rahman,5,,Good,2026-08-21T06:58:51.550Z,0,4.2608.20,https://play.google.com/store/apps/details?id=com.myntra.android&reviewId=09cafbf4-9911-473f-ac23-d48aedc6f3c7
ac6c5bde-be22-4cef-a1c0-24bb14028927,play_store,IN,Naga Ramani,5,,"getting few items within 2hrs and 1hr is superb, if we have lot more availability for the same day delivery, then it would be more great!!!",2026-08-21T06:58:44.120Z,0,4.2608.20,https://play.google.com/store/apps/details?id=com.myntra.android&reviewId=ac6c5bde-be22-4cef-a1c0-24bb14028927
8985c088-a08e-4c8b-92e2-0350619875f5,play_store,IN,Shivani Gusain,5,,quility and fiting is good,2026-08-21T06:58:07.591Z,0,4.2608.20,https://play.google.com/store/apps/details?id=com.myntra.android&reviewId=8985c088-a08e-4c8b-92e2-0350619875f5
a4484b6a-039a-44ce-b159-db32c32593f6,play_store,IN,Anushka Gupta,4,,Good,2026-08-21T06:57:36.447Z,0,4.2607.43,https://play.google.com/store/apps/details?id=com.myntra.android&reviewId=a4484b6a-039a-44ce-b159-db32c32593f6
74864b23-9ce6-415a-a7e3-a433aac7286f,play_store,IN,Arya Jain,5,,the aap is good,2026-08-21T06:56:19.862Z,0,4.2608.20,https://play.google.com/store/apps/details?id=com.myntra.android&reviewId=74864b23-9ce6-415a-a7e3-a433aac7286f
f1ef51fb-dc96-46f7-80c4-76e42ead070b,play_store,IN,Golu Singh,5,,osm🥰,2026-08-21T06:55:57.868Z,0,4.2606.30,https://play.google.com/store/apps/details?id=com.myntra.android&reviewId=f1ef51fb-dc96-46f7-80c4-76e42ead070b
4897a203-ebd0-46eb-9a24-6d8d9babb5a7,play_store,IN,Mampi Bhowmik,5,,good 😊👍,2026-08-21T06:54:46.618Z,0,4.2607.43,https://play.google.com/store/apps/details?id=com.myntra.android&reviewId=4897a203-ebd0-46eb-9a24-6d8d9babb5a7
af667ddb-4d74-4a59-93d8-beed926e1aad,play_store,IN,TANVI NEWASKAR,5,,superb delivery and service,2026-08-21T06:50:34.250Z,0,4.2608.20,https://play.google.com/store/apps/details?id=com.myntra.android&reviewId=af667ddb-4d74-4a59-93d8-beed926e1aad
e54b152e-7d42-4a6b-acc0-61e5f4f7ca67,play_store,IN,Harjeet Kaur,5,,fantastic purchase,2026-08-21T06:50:26.825Z,0,4.2608.20,https://play.google.com/store/apps/details?id=com.myntra.android&reviewId=e54b152e-7d42-4a6b-acc0-61e5f4f7ca67
6992ccdc-122e-456f-a2ef-ac11f0d8539b,play_store,IN,Dhiraj Kumar,2,,disaster,2026-08-21T06:49:11.181Z,0,4.2608.20,https://play.google.com/store/apps/details?id=com.myntra.android&reviewId=6992ccdc-122e-456f-a2ef-ac11f0d8539b
04ceeef2-4a91-424d-8bfe-24e5501eaea4,play_store,IN,pankaj baghel,4,,good,2026-08-21T06:47:32.182Z,0,4.2607.43,https://play.google.com/store/apps/details?id=com.myntra.android&reviewId=04ceeef2-4a91-424d-8bfe-24e5501eaea4
7b07483a-f430-4053-a6fd-bab85f515cba,play_store,IN,Chirag,5,,amazing 😍,2026-08-21T06:47:11.230Z,0,4.2608.20,https://play.google.com/store/apps/details?id=com.myntra.android&reviewId=7b07483a-f430-4053-a6fd-bab85f515cba
f5c01515-1d2b-43ea-b272-74a30c9089ea,play_store,IN,Anita raj Malviya,5,,product quality wow so superb 👍👍👍👍👍👍👍👍👍👍👍👍👍,2026-08-21T06:46:43.747Z,0,4.2607.32,https://play.google.com/store/apps/details?id=com.myntra.android&reviewId=f5c01515-1d2b-43ea-b272-74a30c9089ea
136dc33a-1270-4b7b-9399-9d73e59371bb,play_store,IN,kirti komatwar,5,,I like using the app,2026-08-21T06:40:32.686Z,0,4.2608.20,https://play.google.com/store/apps/details?id=com.myntra.android&reviewId=136dc33a-1270-4b7b-9399-9d73e59371bb
d323aacd-9cb9-404f-85a6-32a7fe3b8dd3,play_store,IN,Ritu,5,,Always happy with Myntra product,2026-08-21T06:38:42.985Z,0,,https://play.google.com/store/apps/details?id=com.myntra.android&reviewId=d323aacd-9cb9-404f-85a6-32a7fe3b8dd3
f1302f78-6680-4669-b33e-0e6376aa2f17,play_store,IN,Bluepipes Healthcare Sales2,5,,amazing app i really liked the offers on myntra nice experience,2026-08-21T06:37:30.145Z,0,4.2608.20,https://play.google.com/store/apps/details?id=com.myntra.android&reviewId=f1302f78-6680-4669-b33e-0e6376aa2f17
fcfe8ac4-f13b-46d8-afa5-dafe38c1fdd5,play_store,IN,Jayashree Naidu,5,,Fabric is very soft and much comfortable to wear Ekdum First class Loving it,2026-08-21T06:35:11.595Z,0,4.2606.31,https://play.google.com/store/apps/details?id=com.myntra.android&reviewId=fcfe8ac4-f13b-46d8-afa5-dafe38c1fdd5
feff9e17-01eb-4a31-a564-95559efe94ef,play_store,IN,Sankar Pradhan,5,,excellent experience. nice products. good behavior all delivery boys.,2026-08-21T06:34:43.874Z,0,4.2608.20,https://play.google.com/store/apps/details?id=com.myntra.android&reviewId=feff9e17-01eb-4a31-a564-95559efe94ef
c61cea3c-cad0-47c0-a85b-86462bad4df6,play_store,IN,Nitya Singh,5,,I love this application,2026-08-21T06:30:28.210Z,0,4.2607.32,https://play.google.com/store/apps/details?id=com.myntra.android&reviewId=c61cea3c-cad0-47c0-a85b-86462bad4df6
e9e7980f-cfff-4570-9d66-a74c856941ff,play_store,IN,Badal Pradhan,5,,fantastic,2026-08-21T06:25:50.257Z,0,4.2608.20,https://play.google.com/store/apps/details?id=com.myntra.android&reviewId=e9e7980f-cfff-4570-9d66-a74c856941ff
febbd858-b08a-405c-9cfa-e29f8d778238,play_store,IN,Preety Kumari,5,,very good,2026-08-21T06:23:46.918Z,0,4.2606.31,https://play.google.com/store/apps/details?id=com.myntra.android&reviewId=febbd858-b08a-405c-9cfa-e29f8d778238
3d312643-3b7a-4451-b4e6-069700955bdd,play_store,IN,Supriya Singh,5,,good,2026-08-21T06:23:34.961Z,0,4.2607.43,https://play.google.com/store/apps/details?id=com.myntra.android&reviewId=3d312643-3b7a-4451-b4e6-069700955bdd
5ac37d4d-02c5-4a0b-a868-ffa127a9062a,play_store,IN,Sachin Hirpara,5,,prompt service,2026-08-21T06:22:30.679Z,0,4.2608.20,https://play.google.com/store/apps/details?id=com.myntra.android&reviewId=5ac37d4d-02c5-4a0b-a868-ffa127a9062a
a6ea8af5-eeaf-449e-8506-f57724daa274,play_store,IN,Jatin Kumar,5,,nice feature and exciting offers,2026-08-21T06:20:46.685Z,0,4.2607.32,https://play.google.com/store/apps/details?id=com.myntra.android&reviewId=a6ea8af5-eeaf-449e-8506-f57724daa274
037dc332-ec37-40dd-be44-9eddafa011e6,play_store,IN,Kunal Chandra,5,,Perfect,2026-08-21T06:20:39.978Z,0,4.2606.31,https://play.google.com/store/apps/details?id=com.myntra.android&reviewId=037dc332-ec37-40dd-be44-9eddafa011e6
24df5292-c49a-4ef2-973a-3bde2689670e,play_store,IN,Nehadeep Kaur,5,,amazing 😍😍🤩🤩,2026-08-21T06:19:23.686Z,0,4.2606.31,https://play.google.com/store/apps/details?id=com.myntra.android&reviewId=24df5292-c49a-4ef2-973a-3bde2689670e
99a713ba-7900-4f44-9d77-1796c642f1cf,play_store,IN,Banti Sinha,5,,Nice,2026-08-21T06:18:38.862Z,0,,https://play.google.com/store/apps/details?id=com.myntra.android&reviewId=99a713ba-7900-4f44-9d77-1796c642f1cf
f8acbd2a-ef07-41dc-afb6-cb3c9bbda285,play_store,IN,Arman Arman thapar,5,,Nice app,2026-08-21T06:18:33.383Z,0,4.2608.20,https://play.google.com/store/apps/details?id=com.myntra.android&reviewId=f8acbd2a-ef07-41dc-afb6-cb3c9bbda285
e7ffb238-3eea-4a8f-82af-ad16b7977384,play_store,IN,Kushagra Agrawal,1,,"The customer support is not at all active. I have tried numerous times to contact and resolve my issues, but none have been answered. Absolutely waste.",2026-08-21T06:14:23.450Z,0,,https://play.google.com/store/apps/details?id=com.myntra.android&reviewId=e7ffb238-3eea-4a8f-82af-ad16b7977384
c8d6dd0c-ac33-40fd-a247-edba423a78e4,play_store,IN,Frianshi Parmar,5,,very nice,2026-08-21T06:09:22.984Z,0,4.2608.20,https://play.google.com/store/apps/details?id=com.myntra.android&reviewId=c8d6dd0c-ac33-40fd-a247-edba423a78e4
5733e09e-3646-4c8f-99cb-b5ed7b1d20ea,play_store,IN,Lejin {37 },5,,good,2026-08-21T06:07:32.407Z,0,4.2608.20,https://play.google.com/store/apps/details?id=com.myntra.android&reviewId=5733e09e-3646-4c8f-99cb-b5ed7b1d20ea
534acc07-61cf-4be4-a61f-68c8f62aa53b,play_store,IN,Bhupen Shah,5,,very good app,2026-08-21T06:04:26.970Z,0,,https://play.google.com/store/apps/details?id=com.myntra.android&reviewId=534acc07-61cf-4be4-a61f-68c8f62aa53b
623980a6-23d4-4a94-9050-cd2a4118444a,play_store,IN,Tajamul Shareef,5,,Genuine Good quality products available,2026-08-21T05:59:47.474Z,0,4.2607.32,https://play.google.com/store/apps/details?id=com.myntra.android&reviewId=623980a6-23d4-4a94-9050-cd2a4118444a
d82e11ae-b9bf-445e-b5af-e315e17dc93d,play_store,IN,Munni Kumari,4,,best products at bestest price,2026-08-21T05:47:16.113Z,0,4.2606.30,https://play.google.com/store/apps/details?id=com.myntra.android&reviewId=d82e11ae-b9bf-445e-b5af-e315e17dc93d
98ba54ba-b93f-41bc-b667-88fa303c37a7,play_store,IN,Salman Khan,5,,good,2026-08-21T05:46:48.238Z,0,4.2607.43,https://play.google.com/store/apps/details?id=com.myntra.android&reviewId=98ba54ba-b93f-41bc-b667-88fa303c37a7
938d396c-eabb-44eb-b7b9-c1c60c944608,play_store,IN,Hridip Kalita,5,,like this app,2026-08-21T05:46:06.812Z,0,4.2607.43,https://play.google.com/store/apps/details?id=com.myntra.android&reviewId=938d396c-eabb-44eb-b7b9-c1c60c944608
ac4c1f70-02e9-4ae8-a6b3-0fcba3d74285,play_store,IN,Ashok Baror,5,,good👍,2026-08-21T05:45:50.949Z,0,4.2608.20,https://play.google.com/store/apps/details?id=com.myntra.android&reviewId=ac4c1f70-02e9-4ae8-a6b3-0fcba3d74285
f30993f3-d2fb-4f08-92e2-ad2a57fc88b3,play_store,IN,rasik verma,5,,best,2026-08-21T05:44:51.233Z,0,4.2606.31,https://play.google.com/store/apps/details?id=com.myntra.android&reviewId=f30993f3-d2fb-4f08-92e2-ad2a57fc88b3
4b3430a5-edcf-46fb-964d-5f3316b14dc4,play_store,IN,PãRâS PãRdHãÄñ,5,,superb,2026-08-21T05:40:57.325Z,0,,https://play.google.com/store/apps/details?id=com.myntra.android&reviewId=4b3430a5-edcf-46fb-964d-5f3316b14dc4
cd523f63-1449-45c8-8dc6-ee9d7afa8d01,play_store,IN,Salim Sayed,5,,"One-stop shop for all my shopping needs! From hassle-free returns to reliable customer service and great price deals, this app never disappoints. 7 stars!",2026-08-21T05:40:56.787Z,2,4.2608.20,https://play.google.com/store/apps/details?id=com.myntra.android&reviewId=cd523f63-1449-45c8-8dc6-ee9d7afa8d01
f96af152-470a-4b98-acc8-7767e0c278d8,play_store,IN,Arman Ali,5,,𝔞𝔳𝔢𝔯𝔞𝔤𝔢,2026-08-21T05:40:44.780Z,0,4.2608.20,https://play.google.com/store/apps/details?id=com.myntra.android&reviewId=f96af152-470a-4b98-acc8-7767e0c278d8
e4f69971-7bde-48bd-b6c4-17c0a062998f,play_store,IN,Subhra Kar,5,,nice,2026-08-21T05:39:40.997Z,0,4.2607.32,https://play.google.com/store/apps/details?id=com.myntra.android&reviewId=e4f69971-7bde-48bd-b6c4-17c0a062998f
cbf6ac8e-7214-4971-8548-f7d8234d7fd7,play_store,IN,Shivika Rastogi,1,,"very bad experience in myntra....your delivery boy has cheated us and gives us the wrong delivery parcel....my husband ordered a mufti jeans from myntra and he gave me the wrong flipkart parcel labeling of mufti jeans , after knowing the otp ..I want a strict action towards him and I want my refund / my order .",2026-08-21T05:33:12.204Z,0,4.2606.31,https://play.google.com/store/apps/details?id=com.myntra.android&reviewId=cbf6ac8e-7214-4971-8548-f7d8234d7fd7
4afb475d-d8bd-4038-be0e-a28d738ebf35,play_store,IN,Muthu Kumar,5,,more collection I love it,2026-08-21T05:32:16.438Z,0,4.2608.20,https://play.google.com/store/apps/details?id=com.myntra.android&reviewId=4afb475d-d8bd-4038-be0e-a28d738ebf35
df308b60-7ae0-403c-9920-811540474844,play_store,IN,Pavan Kumar,5,,very good,2026-08-21T05:29:43.400Z,0,4.2608.20,https://play.google.com/store/apps/details?id=com.myntra.android&reviewId=df308b60-7ae0-403c-9920-811540474844
ec3a3834-4d5c-4e09-a77a-f796b4de5bc5,play_store,IN,Snehasish Ghosh,1,,"worst app ever. always cancelled my order after wasting my important time , the customer service is totally worse. Never try to order any single thing from this app , flipkart, amazon even meesho have better service than this worst app",2026-08-21T05:28:11.302Z,0,,https://play.google.com/store/apps/details?id=com.myntra.android&reviewId=ec3a3834-4d5c-4e09-a77a-f796b4de5bc5
287ddd0a-5d9d-47e6-b200-29005d8b8f59,play_store,IN,Ritika Bhagwani,1,,Most irritating shopping app ever they are just giving discounts to be good but they are not able to deliver that discounted items. Delivery delayed for toooooo long and then atlast the order is cancelled by there own side 😡😡😡😡😡,2026-08-21T05:27:11.690Z,0,4.2608.20,https://play.google.com/store/apps/details?id=com.myntra.android&reviewId=287ddd0a-5d9d-47e6-b200-29005d8b8f59
1475e7ea-0f4f-4e67-90fc-735c6b01f5b4,play_store,IN,Ashu31,5,,good experience,2026-08-21T05:26:29.578Z,0,4.2608.20,https://play.google.com/store/apps/details?id=com.myntra.android&reviewId=1475e7ea-0f4f-4e67-90fc-735c6b01f5b4
cdd58584-63c7-488c-901f-ce75f4e4cb07,play_store,IN,Deena Vijaya,5,,nice quality,2026-08-21T05:25:37.521Z,0,4.2608.20,https://play.google.com/store/apps/details?id=com.myntra.android&reviewId=cdd58584-63c7-488c-901f-ce75f4e4cb07
b4b99fd2-31dc-4c86-a6fe-9e00a97eb74d,play_store,IN,Kumar,1,,"dont order anything from myntra , they are carrying out systematic fraud .",2026-08-21T05:25:31.756Z,0,4.2607.43,https://play.google.com/store/apps/details?id=com.myntra.android&reviewId=b4b99fd2-31dc-4c86-a6fe-9e00a97eb74d
6b122ba0-aeb1-48cf-84c1-d0d1ceb95b60,play_store,IN,Aditya,5,,very good application to buy products in fashion,2026-08-21T05:24:53.534Z,0,,https://play.google.com/store/apps/details?id=com.myntra.android&reviewId=6b122ba0-aeb1-48cf-84c1-d0d1ceb95b60
b37c65f1-327d-4a2a-b0f1-26a8d91c667e,play_store,IN,Veena Fagna,5,,nice°°,2026-08-21T05:22:38.865Z,0,4.2608.20,https://play.google.com/store/apps/details?id=com.myntra.android&reviewId=b37c65f1-327d-4a2a-b0f1-26a8d91c667e
f6ae5585-f698-42b6-9a69-12620c79d97c,play_store,IN,Josey Akhter,5,,myntra products are superb,2026-08-21T05:16:34.309Z,0,4.2608.20,https://play.google.com/store/apps/details?id=com.myntra.android&reviewId=f6ae5585-f698-42b6-9a69-12620c79d97c
71125cd4-edde-41b2-836d-5a61234d4620,play_store,IN,Anurag Pandey,5,,Myntra is a very good shopping platform where you can get good quality products at low prices.,2026-08-21T05:16:28.867Z,0,4.2608.20,https://play.google.com/store/apps/details?id=com.myntra.android&reviewId=71125cd4-edde-41b2-836d-5a61234d4620
ce9b2a8c-7533-4c03-a0bd-3d2b7edc2616,play_store,IN,Akram Khan,5,,good products,2026-08-21T05:15:57.765Z,0,,https://play.google.com/store/apps/details?id=com.myntra.android&reviewId=ce9b2a8c-7533-4c03-a0bd-3d2b7edc2616
b9500396-087d-450c-96f2-f5b06c8b28bb,play_store,IN,Riya Singhania,5,,nice collection with good response,2026-08-21T05:14:07.824Z,0,4.2608.20,https://play.google.com/store/apps/details?id=com.myntra.android&reviewId=b9500396-087d-450c-96f2-f5b06c8b28bb
96a07cc1-b0e4-436c-837a-a08abfde0f0a,play_store,IN,Vicky,4,,"best aap , for shopping or discount",2026-08-21T05:12:44.548Z,0,4.2607.43,https://play.google.com/store/apps/details?id=com.myntra.android&reviewId=96a07cc1-b0e4-436c-837a-a08abfde0f0a
66899e34-8a0e-4916-b289-db79d72df017,play_store,IN,Anita Kamthe,5,,😍😍,2026-08-21T05:12:36.220Z,0,,https://play.google.com/store/apps/details?id=com.myntra.android&reviewId=66899e34-8a0e-4916-b289-db79d72df017
85c6a70c-9285-43c7-ba7d-5cc917af5713,play_store,IN,Pranab Saha,4,,Great shopping experience,2026-08-21T05:11:08.380Z,0,,https://play.google.com/store/apps/details?id=com.myntra.android&reviewId=85c6a70c-9285-43c7-ba7d-5cc917af5713
cd3bcf45-453a-465b-a4bc-08c3dab1e2ef,play_store,IN,AYUSH,5,,good aap,2026-08-21T05:10:38.998Z,0,4.2607.43,https://play.google.com/store/apps/details?id=com.myntra.android&reviewId=cd3bcf45-453a-465b-a4bc-08c3dab1e2ef
dd354948-36d7-4937-80e3-aab097bb273d,play_store,IN,Anshuman Singh,5,,nice app,2026-08-21T05:09:00.697Z,0,4.2608.20,https://play.google.com/store/apps/details?id=com.myntra.android&reviewId=dd354948-36d7-4937-80e3-aab097bb273d
7c8caa34-a32d-43ef-90c0-d8efe5b21074,play_store,IN,Ashish Sharma,5,,good service Myntra,2026-08-21T05:08:04.938Z,0,4.2607.43,https://play.google.com/store/apps/details?id=com.myntra.android&reviewId=7c8caa34-a32d-43ef-90c0-d8efe5b21074
066f40f7-bd45-44d0-a17e-d6ee621b7f6f,play_store,IN,Thenmozhi,4,,good quality materials from myntra with quick delivery,2026-08-21T05:04:07.593Z,0,4.2608.20,https://play.google.com/store/apps/details?id=com.myntra.android&reviewId=066f40f7-bd45-44d0-a17e-d6ee621b7f6f
21646979-0385-4a5b-b7fb-f85f21247f7a,play_store,IN,priyabrata ghosh,5,,good!!,2026-08-21T05:03:42.573Z,0,4.2608.20,https://play.google.com/store/apps/details?id=com.myntra.android&reviewId=21646979-0385-4a5b-b7fb-f85f21247f7a
9cda3ce3-d149-444d-9cb8-961c3e73ed8d,play_store,IN,Dhamecha Ketan,3,,it's good but sum time it's too expensive,2026-08-21T05:00:06.207Z,0,,https://play.google.com/store/apps/details?id=com.myntra.android&reviewId=9cda3ce3-d149-444d-9cb8-961c3e73ed8d
3cd25ed9-a234-4bdc-8db8-78b8a4e60529,play_store,IN,Parveen Shaikh,5,,one of the best shopping app fast deliver...what I love is most the team they are very sweet and and soft spoken...whatever I purchase from myntra was authentic original...,2026-08-21T04:59:06.595Z,0,4.2607.32,https://play.google.com/store/apps/details?id=com.myntra.android&reviewId=3cd25ed9-a234-4bdc-8db8-78b8a4e60529
5c59afb2-3e28-423e-8c4f-39962235c7dd,play_store,IN,Akshay Kumar,5,,nice for your daily style,2026-08-21T04:58:59.561Z,0,4.2608.20,https://play.google.com/store/apps/details?id=com.myntra.android&reviewId=5c59afb2-3e28-423e-8c4f-39962235c7dd
f3fa0862-280f-4eb3-a225-0af199577c2f,play_store,IN,Shehna Aseem,5,,"“I’ve had a really good experience shopping on Myntra. The products are good quality, stylish, and worth the price. I’m very happy with my purchases and will definitely shop again. Highly recommended!”",2026-08-21T04:54:32.900Z,0,4.2606.31,https://play.google.com/store/apps/details?id=com.myntra.android&reviewId=f3fa0862-280f-4eb3-a225-0af199577c2f
4592f630-a790-413b-bf28-37b02f709c93,play_store,IN,Amanat Saggu,5,,very good app to order any item better than all the online shopping apps it have good offers and good prices better than all the other apps,2026-08-21T04:54:03.803Z,0,,https://play.google.com/store/apps/details?id=com.myntra.android&reviewId=4592f630-a790-413b-bf28-37b02f709c93
1dd18aaf-8b70-4f45-a173-0fa9f01abd27,play_store,IN,Mohmmad Sajid,5,,best I ever see superb app,2026-08-21T04:53:47.744Z,0,4.2607.43,https://play.google.com/store/apps/details?id=com.myntra.android&reviewId=1dd18aaf-8b70-4f45-a173-0fa9f01abd27
084e8f69-ff6f-42f6-8467-5e142453c520,play_store,IN,Ji Vineet,5,,excellent,2026-08-21T04:51:14.250Z,0,4.2608.20,https://play.google.com/store/apps/details?id=com.myntra.android&reviewId=084e8f69-ff6f-42f6-8467-5e142453c520
02ea7b43-5c99-4f8b-aeba-a155fe4ccacf,play_store,IN,Pavan Kumar,1,,very worst app It will cancel your order automatically.,2026-08-21T04:49:23.312Z,0,,https://play.google.com/store/apps/details?id=com.myntra.android&reviewId=02ea7b43-5c99-4f8b-aeba-a155fe4ccacf
8e863c3a-111d-4713-a655-90ee45054740,play_store,IN,Kamzamuana Hilsia (Muantea Hilsia),5,,"Mantra Fashion has a great collection of stylish products at reasonable prices. The quality is good, and the products look just like the pictures. Delivery was quick and the packaging was neat. Overall, a smooth shopping experience—would definitely recommend. Customer support is excellent",2026-08-21T04:44:57.722Z,9,4.2608.20,https://play.google.com/store/apps/details?id=com.myntra.android&reviewId=8e863c3a-111d-4713-a655-90ee45054740
8e71f6a4-ef8f-4d75-843e-565ae52246dc,play_store,IN,Kalpana Pal,5,,"I had a wonderful experience shopping on the app. So far I have only purchased clothes, but the entire process has been extremely smooth and easy. The deliveries are prompt, and even the return process is quick and completely hassle-free—just a simple click. What impressed me most was the speed of the refunds; the amount was credited within hours on the very same day. Overall, it has been an amazing shopping experience. 😊",2026-08-21T04:43:50.254Z,0,4.2607.11,https://play.google.com/store/apps/details?id=com.myntra.android&reviewId=8e71f6a4-ef8f-4d75-843e-565ae52246dc
dc3079e5-6b56-43e9-b16d-af0a5b9b9280,play_store,IN,sarika,5,,"excellent place to shop. awsome quality products, easy and express shipping, affordable and stylish. A complete family styling store. Love shopping from myntra",2026-08-21T04:39:19.438Z,0,4.2608.20,https://play.google.com/store/apps/details?id=com.myntra.android&reviewId=dc3079e5-6b56-43e9-b16d-af0a5b9b9280
19322ae1-44d5-4d3c-a4f9-902eb3f0f5f6,play_store,IN,Geeta Anand,5,,bestest,2026-08-21T04:38:16.489Z,0,4.2608.20,https://play.google.com/store/apps/details?id=com.myntra.android&reviewId=19322ae1-44d5-4d3c-a4f9-902eb3f0f5f6
a36d6393-bcb4-4c7f-be46-be9b726bc234,play_store,IN,Dinesh Sharma,5,,good,2026-08-21T04:35:08.639Z,0,4.2608.20,https://play.google.com/store/apps/details?id=com.myntra.android&reviewId=a36d6393-bcb4-4c7f-be46-be9b726bc234
49f32131-967d-4ccd-bd96-b8bf51adee37,play_store,IN,Koyyana Saikishore,5,,good,2026-08-21T04:34:49.636Z,0,4.2607.43,https://play.google.com/store/apps/details?id=com.myntra.android&reviewId=49f32131-967d-4ccd-bd96-b8bf51adee37
3ce395ef-d740-4e48-8b82-ddddd669751b,play_store,IN,sunaxi Sajwan,4,,good experience 😸,2026-08-21T04:34:18.601Z,0,4.2608.20,https://play.google.com/store/apps/details?id=com.myntra.android&reviewId=3ce395ef-d740-4e48-8b82-ddddd669751b
f818d71c-ea52-44b2-97c6-105b163eed84,play_store,IN,psrinivas vas,5,,good,2026-08-21T04:33:49.341Z,0,4.2607.43,https://play.google.com/store/apps/details?id=com.myntra.android&reviewId=f818d71c-ea52-44b2-97c6-105b163eed84
a26c3e76-bed1-4520-9c7b-1ea81369e28b,play_store,IN,sujith appu,1,,really bad experience,2026-08-21T04:31:31.295Z,0,4.2608.20,https://play.google.com/store/apps/details?id=com.myntra.android&reviewId=a26c3e76-bed1-4520-9c7b-1ea81369e28b
9b264da9-b1ce-46d1-a4e7-6d88357dc403,play_store,IN,Nahid Naaz,5,,best,2026-08-21T04:28:44.253Z,0,,https://play.google.com/store/apps/details?id=com.myntra.android&reviewId=9b264da9-b1ce-46d1-a4e7-6d88357dc403
ca374ca1-c6a8-41f4-9619-f3a8e47a66ca,play_store,IN,Ballu Rajesh,5,,super,2026-08-21T04:26:22.371Z,0,4.2607.43,https://play.google.com/store/apps/details?id=com.myntra.android&reviewId=ca374ca1-c6a8-41f4-9619-f3a8e47a66ca
42c4fb21-e881-486e-a466-fff832fb6da9,play_store,IN,Muskan Yadav,4,,very amazing app for all the users,2026-08-21T04:26:04.670Z,0,,https://play.google.com/store/apps/details?id=com.myntra.android&reviewId=42c4fb21-e881-486e-a466-fff832fb6da9
9023dac1-203a-4a67-807c-47e5f4086909,play_store,IN,Tarun sikka,5,,excellent,2026-08-21T04:23:14.786Z,0,4.2607.43,https://play.google.com/store/apps/details?id=com.myntra.android&reviewId=9023dac1-203a-4a67-807c-47e5f4086909
15026ee8-780f-4e59-864b-c86ba2c26fae,play_store,IN,Maaz Akhtar,5,,very good app,2026-08-21T04:23:14.221Z,0,4.2607.43,https://play.google.com/store/apps/details?id=com.myntra.android&reviewId=15026ee8-780f-4e59-864b-c86ba2c26fae
6d27f105-f9b9-442c-ac43-1362397f2b4b,play_store,IN,Sandesh Ingale,5,,Best App,2026-08-21T04:21:28.620Z,0,,https://play.google.com/store/apps/details?id=com.myntra.android&reviewId=6d27f105-f9b9-442c-ac43-1362397f2b4b
1bf2cf20-4441-455a-b5b2-bd3ae56f1d48,play_store,IN,Alfisha Aaftab,5,,wonderful,2026-08-21T04:18:30.945Z,0,4.2608.20,https://play.google.com/store/apps/details?id=com.myntra.android&reviewId=1bf2cf20-4441-455a-b5b2-bd3ae56f1d48
5f9ff08b-34d4-4b75-8b57-8f7ee699d28d,play_store,IN,Veena Betageri,4,,unique product 💝,2026-08-21T04:17:56.276Z,0,4.2608.20,https://play.google.com/store/apps/details?id=com.myntra.android&reviewId=5f9ff08b-34d4-4b75-8b57-8f7ee699d28d
659919e3-b855-4a42-a74a-6be83c3ae6d2,play_store,IN,Abhinav kumar,4,,awesome,2026-08-21T04:17:47.994Z,0,,https://play.google.com/store/apps/details?id=com.myntra.android&reviewId=659919e3-b855-4a42-a74a-6be83c3ae6d2
c3335c2c-4ccc-4857-8a56-ce84ba4ecadc,play_store,IN,Sugumar SR,5,,good,2026-08-21T04:14:07.979Z,0,4.2608.20,https://play.google.com/store/apps/details?id=com.myntra.android&reviewId=c3335c2c-4ccc-4857-8a56-ce84ba4ecadc
37361d38-c73a-4541-960f-97742b5bb2b3,play_store,IN,Sanjay Kumar,5,,good Quality,2026-08-21T04:13:06.183Z,0,4.2607.32,https://play.google.com/store/apps/details?id=com.myntra.android&reviewId=37361d38-c73a-4541-960f-97742b5bb2b3
bdf9f752-c2c9-45bb-bc69-506f866c371d,play_store,IN,Reetushree,5,,the quality of the product are good,2026-08-21T04:11:34.697Z,0,4.2607.32,https://play.google.com/store/apps/details?id=com.myntra.android&reviewId=bdf9f752-c2c9-45bb-bc69-506f866c371d
b0cd2a1d-d41c-4f6d-96fa-199439c81462,play_store,IN,ANKIT KUMAR AKV,4,,good,2026-08-21T04:06:22.590Z,0,4.2608.20,https://play.google.com/store/apps/details?id=com.myntra.android&reviewId=b0cd2a1d-d41c-4f6d-96fa-199439c81462
90802ad4-2a25-4acd-ad0a-3941bac26388,play_store,IN,suman b,5,,very good app,2026-08-21T04:06:12.908Z,0,4.2607.32,https://play.google.com/store/apps/details?id=com.myntra.android&reviewId=90802ad4-2a25-4acd-ad0a-3941bac26388
0b8070b3-0469-4ec3-957c-d2424ba803f3,play_store,IN,Himani Chugh,5,,very good app for fashion,2026-08-21T04:05:53.729Z,0,4.2608.20,https://play.google.com/store/apps/details?id=com.myntra.android&reviewId=0b8070b3-0469-4ec3-957c-d2424ba803f3
18b241df-f00b-4a51-bb36-29d76d682f97,play_store,IN,Amar Ambekar,5,,all products is very good,2026-08-21T04:00:41.813Z,0,4.2603.10,https://play.google.com/store/apps/details?id=com.myntra.android&reviewId=18b241df-f00b-4a51-bb36-29d76d682f97
acdcf76f-7442-49cc-9a7b-5f598a564c74,play_store,IN,Goliath Bara,5,,Myntra is an amazing app. I love it because you never have to worry about the quality and authenticity of the brand plus the prices are also well moderated. Overall a great app and well maintained by the team.,2026-08-21T04:00:13.300Z,0,4.2607.43,https://play.google.com/store/apps/details?id=com.myntra.android&reviewId=acdcf76f-7442-49cc-9a7b-5f598a564c74
b8f99ddc-18fe-4c58-a280-e9b7c31446ff,play_store,IN,mansi yadav,5,,good app highly recommend,2026-08-21T03:54:54.250Z,0,,https://play.google.com/store/apps/details?id=com.myntra.android&reviewId=b8f99ddc-18fe-4c58-a280-e9b7c31446ff
a128faf5-0553-4feb-872c-23677bb5bc2e,play_store,IN,Vimalesh Chaturvedi,5,,good app for shoping,2026-08-21T03:52:03.352Z,0,4.2608.20,https://play.google.com/store/apps/details?id=com.myntra.android&reviewId=a128faf5-0553-4feb-872c-23677bb5bc2e
e26b2e43-8fdd-42c4-a87d-b8ddd9881032,play_store,IN,Divyanka Seth,5,,best shopping app,2026-08-21T03:50:10.774Z,0,,https://play.google.com/store/apps/details?id=com.myntra.android&reviewId=e26b2e43-8fdd-42c4-a87d-b8ddd9881032
00f771de-5399-416b-ba3e-e8691e08a44a,play_store,IN,Suresh Barik,5,,this is an amazing platform to buy real and original product,2026-08-21T03:48:27.435Z,0,4.2607.43,https://play.google.com/store/apps/details?id=com.myntra.android&reviewId=00f771de-5399-416b-ba3e-e8691e08a44a
4a161a97-8b83-4a01-bbf3-8686d3a2966b,play_store,IN,Sujata Thorat,5,,What I really appreciate is Myntra's style exchange ***** for that,2026-08-21T03:47:43.578Z,0,,https://play.google.com/store/apps/details?id=com.myntra.android&reviewId=4a161a97-8b83-4a01-bbf3-8686d3a2966b
0d2b18da-4222-4ead-bce5-a96f7f529da3,play_store,IN,RaviShankar Ahirwar,5,,awesome experience as a active user,2026-08-21T03:46:55.319Z,0,4.2608.20,https://play.google.com/store/apps/details?id=com.myntra.android&reviewId=0d2b18da-4222-4ead-bce5-a96f7f529da3
71cdd797-a55d-464e-9577-ebc685e8ac47,play_store,IN,Chandrima Chatterjee,5,,I like the website,2026-08-21T03:46:06.967Z,0,4.2608.20,https://play.google.com/store/apps/details?id=com.myntra.android&reviewId=71cdd797-a55d-464e-9577-ebc685e8ac47
df3d6f99-7712-477f-acc7-2b39c650a901,play_store,IN,Vasu,5,,The quality of the products are really good.,2026-08-21T03:45:21.545Z,0,4.2608.20,https://play.google.com/store/apps/details?id=com.myntra.android&reviewId=df3d6f99-7712-477f-acc7-2b39c650a901
48e068dc-3e2b-47cd-838f-5b8accb02e85,play_store,IN,ankur sahu,5,,great,2026-08-21T03:45:15.777Z,0,4.2608.20,https://play.google.com/store/apps/details?id=com.myntra.android&reviewId=48e068dc-3e2b-47cd-838f-5b8accb02e85
a42f476d-ad0a-4799-b35d-60196203f118,play_store,IN,Ashish ahirwar,4,,"Myntra has a fantastic collection of trendy clothes and top brands. The app interface is smooth, making it very easy to filter and find the right products. Delivery is consistently on time, and the tracking updates are accurate. The return and refund process is also hassle-free, making it a reliable app for everyday fashion shopping.""love myntra ❤️",2026-08-21T03:41:32.396Z,1,4.2608.20,https://play.google.com/store/apps/details?id=com.myntra.android&reviewId=a42f476d-ad0a-4799-b35d-60196203f118
84360290-8954-484e-922c-8b9aa13f6eb7,play_store,IN,vineet Chaudhary,4,,hyy myntra you are a great doing well work on good and genuine products I love to buy from.myntra,2026-08-21T03:40:48.899Z,0,4.2607.43,https://play.google.com/store/apps/details?id=com.myntra.android&reviewId=84360290-8954-484e-922c-8b9aa13f6eb7
f3d57ade-1758-4dd7-9d82-e3fe25a43a33,play_store,IN,Mahesh Dhaker,5,,bahuth aacha he,2026-08-21T03:40:27.416Z,0,,https://play.google.com/store/apps/details?id=com.myntra.android&reviewId=f3d57ade-1758-4dd7-9d82-e3fe25a43a33
0e367f2e-5637-41e1-af03-f203a1096dcf,play_store,IN,Samridhi gupta,4,,plz just decrease the price of convenience fee and delivery fee it 23 rupees is so high and other than that 10 for cod ...,2026-08-21T03:36:40.974Z,0,4.2608.20,https://play.google.com/store/apps/details?id=com.myntra.android&reviewId=0e367f2e-5637-41e1-af03-f203a1096dcf
f5d059bc-1a00-4fb0-8efb-5956924c0761,play_store,IN,Kashyap Gargi,5,,my experience was very good and positive with myntra,2026-08-21T03:34:04.929Z,0,4.2606.31,https://play.google.com/store/apps/details?id=com.myntra.android&reviewId=f5d059bc-1a00-4fb0-8efb-5956924c0761
8707ec38-7cb2-44b1-96c7-aa6e9a8711c7,play_store,IN,GUDAN KUMARI,5,,very beautiful and best quality product 💝💝 thank you myntra ❤️,2026-08-21T03:31:42.443Z,0,4.2607.43,https://play.google.com/store/apps/details?id=com.myntra.android&reviewId=8707ec38-7cb2-44b1-96c7-aa6e9a8711c7
ff3f0eb8-56c3-46bc-bd40-6380e922d9ba,play_store,IN,Shubham,5,,good,2026-08-21T03:30:35.732Z,0,,https://play.google.com/store/apps/details?id=com.myntra.android&reviewId=ff3f0eb8-56c3-46bc-bd40-6380e922d9ba
3d1158ac-a354-4608-9afd-cf9f203111a7,play_store,IN,Dhiraj Kumar,5,,The branded products are available with wide range and lots of comfort,2026-08-21T03:23:27.660Z,0,4.2608.20,https://play.google.com/store/apps/details?id=com.myntra.android&reviewId=3d1158ac-a354-4608-9afd-cf9f203111a7
75f85ccf-1090-4678-8038-10db8ad899f9,play_store,IN,Sweety Das,5,,1st time purchase.. I'm happy,2026-08-21T03:21:06.780Z,0,4.2607.43,https://play.google.com/store/apps/details?id=com.myntra.android&reviewId=75f85ccf-1090-4678-8038-10db8ad899f9
9a2234c8-84b5-49b7-b4d2-e4e481dd6429,play_store,IN,asif khan,1,,"I placed two orders with myntra, but not a single one arrived. very bad service 😞",2026-08-21T03:19:03.567Z,0,4.2608.20,https://play.google.com/store/apps/details?id=com.myntra.android&reviewId=9a2234c8-84b5-49b7-b4d2-e4e481dd6429
fa677b70-2997-49a0-99de-75e74596168a,play_store,IN,Basavaraj K,5,,High Quality Products,2026-08-21T03:15:46.635Z,0,4.2608.20,https://play.google.com/store/apps/details?id=com.myntra.android&reviewId=fa677b70-2997-49a0-99de-75e74596168a
4aa46743-e3e3-4928-97e1-679f2ef3a631,play_store,IN,Rajesh Raikar,5,,good,2026-08-21T03:12:15.608Z,0,4.2608.20,https://play.google.com/store/apps/details?id=com.myntra.android&reviewId=4aa46743-e3e3-4928-97e1-679f2ef3a631
fa1bad87-80e3-406b-ae88-0dcd08c585cc,play_store,IN,Sunil Gehlot,5,,very nice product,2026-08-21T03:09:55.753Z,0,4.2608.20,https://play.google.com/store/apps/details?id=com.myntra.android&reviewId=fa1bad87-80e3-406b-ae88-0dcd08c585cc
dc76e093-09f6-4a72-a761-079843d725e2,play_store,IN,Nidhi Reddy,5,,good,2026-08-21T03:07:53.870Z,0,,https://play.google.com/store/apps/details?id=com.myntra.android&reviewId=dc76e093-09f6-4a72-a761-079843d725e2
19abde7e-2928-4fa3-ac23-801dd953bacb,play_store,IN,Shibulal SS,5,,awesome,2026-08-21T03:01:58.935Z,0,,https://play.google.com/store/apps/details?id=com.myntra.android&reviewId=19abde7e-2928-4fa3-ac23-801dd953bacb
7aeec5fe-6ebe-4b08-9aa8-761b2442a74b,play_store,IN,Kavita Attri,5,,awesome,2026-08-21T03:01:03.399Z,0,4.2608.20,https://play.google.com/store/apps/details?id=com.myntra.android&reviewId=7aeec5fe-6ebe-4b08-9aa8-761b2442a74b
228eaba1-7dc5-4091-9e23-64178b72017d,play_store,IN,GANGANOOR SHARAN,5,,nice product,2026-08-21T02:52:26.748Z,0,,https://play.google.com/store/apps/details?id=com.myntra.android&reviewId=228eaba1-7dc5-4091-9e23-64178b72017d
bf28c48b-df09-4fc2-9340-7f8fc0c89d6d,play_store,IN,Queen Rajbongshi,5,,nice,2026-08-21T02:52:19.710Z,0,4.2606.11,https://play.google.com/store/apps/details?id=com.myntra.android&reviewId=bf28c48b-df09-4fc2-9340-7f8fc0c89d6d
e54129f8-ca91-4014-8c75-395b8f350890,play_store,IN,parmod sharma,5,,Very good experience,2026-08-21T02:49:23.220Z,0,4.2607.32,https://play.google.com/store/apps/details?id=com.myntra.android&reviewId=e54129f8-ca91-4014-8c75-395b8f350890
6cb7528f-5262-4e7b-9a7c-5b84f93a6f21,play_store,IN,Mahboob Ali,5,,"⭐ Great Shopping Experience! ⭐ My experience with Myntra has been really good so far. The app is easy to use, the product variety is excellent, and the product details are clearly mentioned. There are also some great discounts and offers available. I have recently placed my order and it is yet to be delivered, so I’m looking forward to receiving the product. Overall, my experience with Myntra has been smooth and impressive so far. ⭐⭐⭐⭐⭐",2026-08-21T02:48:55.664Z,0,4.2608.20,https://play.google.com/store/apps/details?id=com.myntra.android&reviewId=6cb7528f-5262-4e7b-9a7c-5b84f93a6f21
a25718a4-83e7-47d3-808a-45c0f86f27db,play_store,IN,Rohit Arya,4,,good,2026-08-21T02:39:20.216Z,0,4.2608.20,https://play.google.com/store/apps/details?id=com.myntra.android&reviewId=a25718a4-83e7-47d3-808a-45c0f86f27db
ab136926-29f1-4203-a92a-70e9a9e538db,play_store,IN,Prabh Prabha,5,,really nice products and I love this app 🥰🥰🥰,2026-08-21T02:37:30.638Z,0,4.2607.43,https://play.google.com/store/apps/details?id=com.myntra.android&reviewId=ab136926-29f1-4203-a92a-70e9a9e538db
c743ab1e-dc9f-4663-bc6a-54aa8ca92cd8,play_store,IN,Sweta Kumari,5,,good,2026-08-21T02:36:22.781Z,0,4.2607.32,https://play.google.com/store/apps/details?id=com.myntra.android&reviewId=c743ab1e-dc9f-4663-bc6a-54aa8ca92cd8
8bcfa7b4-99d5-4f98-bc9f-108b3b74fc4f,play_store,IN,Balkarn Singh,5,,Exclinet,2026-08-21T02:36:13.961Z,0,4.2608.20,https://play.google.com/store/apps/details?id=com.myntra.android&reviewId=8bcfa7b4-99d5-4f98-bc9f-108b3b74fc4f
4a0aadee-df31-4f1d-8bd6-5f20975bb28e,play_store,IN,Samit Anjankar,5,,good,2026-08-21T02:29:43.908Z,0,,https://play.google.com/store/apps/details?id=com.myntra.android&reviewId=4a0aadee-df31-4f1d-8bd6-5f20975bb28e
8e31788d-0160-4d4e-af65-1b6782b0d3c0,play_store,IN,Krishna S,5,,superb,2026-08-21T02:26:39.172Z,0,4.2606.11,https://play.google.com/store/apps/details?id=com.myntra.android&reviewId=8e31788d-0160-4d4e-af65-1b6782b0d3c0
166f6004-9994-4f8f-a30f-2e6f7262e169,play_store,IN,Ruby Kumari,5,,very good,2026-08-21T02:24:30.308Z,0,4.2608.20,https://play.google.com/store/apps/details?id=com.myntra.android&reviewId=166f6004-9994-4f8f-a30f-2e6f7262e169
783de70e-cb0d-4adc-98fe-aa0f654f7f61,play_store,IN,Sanjay sahu,5,,"Myntra support is pathetic nowadays according to the Myntra Insider page, customers who make purchases above a specified amount are eligible to move to the Icon tier. I made purchases exceeding the required amount. It has now been more than 60 days, but my Insider status and purchase details have still not been updated. My account continues to show me as an Elite member instead of upgrading me to the Icon tier, even though I believe I have already spent a significant amount.",2026-08-21T02:18:47.616Z,0,4.2606.31,https://play.google.com/store/apps/details?id=com.myntra.android&reviewId=783de70e-cb0d-4adc-98fe-aa0f654f7f61
c57fc0eb-ea40-4b89-a825-e010f1ae956a,play_store,IN,Shambhavi Srivastava,1,,It is a worse app and the support team is just so useless. They do not have any information to give to customer. My first order was pathetic experience then I tried to order from m now and the experience was worst. Pathetic & disappointing!!,2026-08-21T02:18:11.914Z,0,4.2608.20,https://play.google.com/store/apps/details?id=com.myntra.android&reviewId=c57fc0eb-ea40-4b89-a825-e010f1ae956a
e1f1a3cb-56c3-483c-94a9-140d2de2cc66,play_store,IN,Saniya Shiraguppi,5,,best,2026-08-21T02:17:43.887Z,0,4.2608.20,https://play.google.com/store/apps/details?id=com.myntra.android&reviewId=e1f1a3cb-56c3-483c-94a9-140d2de2cc66
c9eb800a-24a0-4b13-8fe9-ee90fbbb1d13,play_store,IN,deependra lora,1,,"The service is absolutely terrible. My order was cancelled five days after I placed it, and now the price of the item has gone up. I found this app to have the worst service of all.",2026-08-21T02:12:31.505Z,0,4.2608.20,https://play.google.com/store/apps/details?id=com.myntra.android&reviewId=c9eb800a-24a0-4b13-8fe9-ee90fbbb1d13
90ae07f5-aa5e-453f-992d-634dbac25b3f,play_store,IN,somashree jana maity,5,,very good apo,2026-08-21T02:08:11.555Z,0,4.2608.20,https://play.google.com/store/apps/details?id=com.myntra.android&reviewId=90ae07f5-aa5e-453f-992d-634dbac25b3f
9b885c35-18d2-41ab-af3e-6f3689c0f523,play_store,IN,A Google user,5,,I have always love myntra shopping,2026-08-21T02:08:08.639Z,0,4.2608.20,https://play.google.com/store/apps/details?id=com.myntra.android&reviewId=9b885c35-18d2-41ab-af3e-6f3689c0f523
057542ff-a3ea-471c-b2b5-462e5d5d01e0,play_store,IN,Shubham Yadav,1,,bad 😔,2026-08-21T02:05:53.827Z,0,4.2606.31,https://play.google.com/store/apps/details?id=com.myntra.android&reviewId=057542ff-a3ea-471c-b2b5-462e5d5d01e0
e99fdc86-a515-4721-a418-c0b16a33860f,play_store,IN,shrijita naik,5,,best app,2026-08-21T01:59:04.186Z,0,4.2608.20,https://play.google.com/store/apps/details?id=com.myntra.android&reviewId=e99fdc86-a515-4721-a418-c0b16a33860f
b4573e6c-95e8-4007-8453-ec19143ef5f6,play_store,IN,ittu si zindagi,5,,awsm,2026-08-21T01:53:38.560Z,0,4.2607.32,https://play.google.com/store/apps/details?id=com.myntra.android&reviewId=b4573e6c-95e8-4007-8453-ec19143ef5f6
6f43c87e-d9bd-4a91-94f2-bb02dc865776,play_store,IN,Sonam Yangzen,4,,till now everything is good.,2026-08-21T01:52:52.704Z,0,4.2608.20,https://play.google.com/store/apps/details?id=com.myntra.android&reviewId=6f43c87e-d9bd-4a91-94f2-bb02dc865776
b4ace9fa-918e-4e5b-8441-f185b05a7724,play_store,IN,Sunita Singh,5,,very nice,2026-08-21T01:52:18.620Z,0,4.2608.20,https://play.google.com/store/apps/details?id=com.myntra.android&reviewId=b4ace9fa-918e-4e5b-8441-f185b05a7724
431e1b92-6279-47ae-9193-f379ff2fa1a3,play_store,IN,Deepak Kumar,5,,nice,2026-08-21T01:51:44.720Z,0,4.2608.20,https://play.google.com/store/apps/details?id=com.myntra.android&reviewId=431e1b92-6279-47ae-9193-f379ff2fa1a3
18f3d233-8d7a-4d51-acda-080e7e74e146,play_store,IN,Chandu Nagasai143,5,,super app,2026-08-21T01:47:20.437Z,0,4.2608.20,https://play.google.com/store/apps/details?id=com.myntra.android&reviewId=18f3d233-8d7a-4d51-acda-080e7e74e146
4eba0548-b2a3-4ef4-aab3-cf42a0ef5dd0,play_store,IN,jay singh,5,,Mantra ka item costly thoda jarur hota hai per bahut achcha hota Hai,2026-08-21T01:39:17.510Z,0,,https://play.google.com/store/apps/details?id=com.myntra.android&reviewId=4eba0548-b2a3-4ef4-aab3-cf42a0ef5dd0
5b70df2e-9038-48b0-93e1-fbfe84c79a45,play_store,IN,Sonal Salunkhe,3,,ok,2026-08-21T01:32:42.818Z,1,4.2608.20,https://play.google.com/store/apps/details?id=com.myntra.android&reviewId=5b70df2e-9038-48b0-93e1-fbfe84c79a45
8f57d145-ee25-4c9b-8307-db0720ac9b0a,play_store,IN,Ratam Ruchitha,5,,good🥰🥰🥰,2026-08-21T01:31:37.944Z,0,4.2608.20,https://play.google.com/store/apps/details?id=com.myntra.android&reviewId=8f57d145-ee25-4c9b-8307-db0720ac9b0a
6bd3733d-5cfb-4c42-9591-5b0269a1a0ef,play_store,IN,NK Kumawat,5,,app experience is excellent but item track system should be improved,2026-08-21T01:21:23.488Z,0,4.2608.20,https://play.google.com/store/apps/details?id=com.myntra.android&reviewId=6bd3733d-5cfb-4c42-9591-5b0269a1a0ef
a72a1ec8-d238-4b7e-bd57-033275a7a025,play_store,IN,Isai Velu,5,,the products are really good👍🏻,2026-08-21T01:10:06.590Z,0,4.2608.20,https://play.google.com/store/apps/details?id=com.myntra.android&reviewId=a72a1ec8-d238-4b7e-bd57-033275a7a025
a0e2c42f-25d3-402b-8777-42f35f8fdc65,play_store,IN,MT Rahul,5,,best experience,2026-08-21T00:54:55.692Z,0,,https://play.google.com/store/apps/details?id=com.myntra.android&reviewId=a0e2c42f-25d3-402b-8777-42f35f8fdc65
1e07b0f5-ae6b-4e6e-a633-04dca87ac633,play_store,IN,Subhankar Malik,5,,mast😎😎😎😎,2026-08-21T00:44:16.980Z,0,4.2606.31,https://play.google.com/store/apps/details?id=com.myntra.android&reviewId=1e07b0f5-ae6b-4e6e-a633-04dca87ac633
6451f5b3-e17c-4783-acac-b5d851895ebe,play_store,IN,ajay Solanki,5,,great aap 👍👍👍,2026-08-21T00:37:38.447Z,0,,https://play.google.com/store/apps/details?id=com.myntra.android&reviewId=6451f5b3-e17c-4783-acac-b5d851895ebe
a97c3109-ee74-4181-8517-bc2e3ef6d913,play_store,IN,Rishav_Garg_1258,1,,worst Customer care service 😔 and no accountability for sending wrong products wish I could rate them 0 stars,2026-08-21T00:23:25.641Z,0,,https://play.google.com/store/apps/details?id=com.myntra.android&reviewId=a97c3109-ee74-4181-8517-bc2e3ef6d913
0875ace4-6b8d-4d43-83ee-4d3200f59356,play_store,IN,Prashant Kumar,5,,good job 👍,2026-08-21T00:12:39.884Z,0,4.2608.20,https://play.google.com/store/apps/details?id=com.myntra.android&reviewId=0875ace4-6b8d-4d43-83ee-4d3200f59356
73fb4908-8aa6-4c1c-9f5d-e4350a9cb247,play_store,IN,Bunny Rudra,5,,excellent app..loved it,2026-08-21T00:01:43.589Z,0,4.2608.20,https://play.google.com/store/apps/details?id=com.myntra.android&reviewId=73fb4908-8aa6-4c1c-9f5d-e4350a9cb247
4ab49712-b351-4998-bef2-3cbaadb38f52,play_store,IN,Saurav Roy,5,,platform for Original products with great discounts,2026-08-20T23:33:36.193Z,0,4.2606.31,https://play.google.com/store/apps/details?id=com.myntra.android&reviewId=4ab49712-b351-4998-bef2-3cbaadb38f52
a3891f6d-5dbc-4d34-9490-443cbe0c1d5f,play_store,IN,Laxmi Vijay,5,,good👍,2026-08-20T21:33:42.380Z,0,4.2608.20,https://play.google.com/store/apps/details?id=com.myntra.android&reviewId=a3891f6d-5dbc-4d34-9490-443cbe0c1d5f
e710f44d-b28a-4f58-855c-1c3a1dce8425,play_store,IN,Aulakh guri,5,,good🤩,2026-08-20T21:23:38.224Z,0,,https://play.google.com/store/apps/details?id=com.myntra.android&reviewId=e710f44d-b28a-4f58-855c-1c3a1dce8425
a0a9030b-2156-458b-83e3-8b1044b680ec,play_store,IN,Noor ilahi,1,,worst experience with you Myntra. my oder is still not delivered yet can you please make it possible tomorrow?,2026-08-20T21:21:06.620Z,0,4.2608.20,https://play.google.com/store/apps/details?id=com.myntra.android&reviewId=a0a9030b-2156-458b-83e3-8b1044b680ec
200570cf-c907-4a88-8b80-f16e7a105228,play_store,IN,Chandra Joshi,5,,fantastic,2026-08-20T20:58:06.294Z,0,4.2604.20,https://play.google.com/store/apps/details?id=com.myntra.android&reviewId=200570cf-c907-4a88-8b80-f16e7a105228
f117ba7e-334e-49bc-8b85-5c00c9f16dba,play_store,IN,Rihan,5,,Myntra my fevered app 😍,2026-08-20T20:50:23.204Z,1,4.2608.20,https://play.google.com/store/apps/details?id=com.myntra.android&reviewId=f117ba7e-334e-49bc-8b85-5c00c9f16dba
2ecfa7cb-f035-48bc-8703-7f2520c2f86a,play_store,IN,Likhumse y Sangtam,1,,"deley In delivery and from packing to shipping. no proper tracking and it took too much 10 to 20 days to reach the dispatch center, before it take less days to delivered at any corner of India. online shopping become unreliable this days.. No satisfies with helpline they provide.",2026-08-20T20:44:03.181Z,0,,https://play.google.com/store/apps/details?id=com.myntra.android&reviewId=2ecfa7cb-f035-48bc-8703-7f2520c2f86a
00e614a6-2c3c-4336-a8d9-bce0de1f2824,play_store,IN,Roshni Singh,5,,it's superb,2026-08-20T20:37:45.906Z,0,4.2607.43,https://play.google.com/store/apps/details?id=com.myntra.android&reviewId=00e614a6-2c3c-4336-a8d9-bce0de1f2824
2d8c8163-1d1b-4adb-84c6-81ba4ef31546,play_store,IN,Yamin Nagdawala,1,,"Very disappointing experience with Myntra. The product quality was extremely poor and felt like cheap/local material. It got damaged within just a couple of days. Customer care was of no help and wasted a lot of time without providing any proper solution. Even after opening a ticket, there was no responsible follow-up or satisfactory result. Their return, replacement and refund policies are extremely customer-unfriendly. Very poor after-sales service & a third-class policy. Highly dissatisfied.",2026-08-20T20:20:27.209Z,0,4.2307.10,https://play.google.com/store/apps/details?id=com.myntra.android&reviewId=2d8c8163-1d1b-4adb-84c6-81ba4ef31546
82fbe133-7d8a-486f-b7a1-a7e826a0e052,play_store,IN,Viplav Banjare,1,,Sach ka pathetic app and Shop app I ever used their customer care support is useless I ordered a pair of shoes and then order is suddenly dealy very bad experience with this app please don't use for shopping.... They replied me but they didn't take any action,2026-08-20T20:15:19.243Z,0,,https://play.google.com/store/apps/details?id=com.myntra.android&reviewId=82fbe133-7d8a-486f-b7a1-a7e826a0e052
5b182c39-a7af-4d1f-baf7-ed5318ffa7b4,play_store,IN,Sonam Kumari,5,,very good,2026-08-20T20:13:45.749Z,0,4.2608.20,https://play.google.com/store/apps/details?id=com.myntra.android&reviewId=5b182c39-a7af-4d1f-baf7-ed5318ffa7b4
ce2790aa-9dcf-4f30-ab6a-d0cb4d6f1d3c,play_store,IN,Pinky Color,5,,good,2026-08-20T20:12:04.259Z,0,4.2608.20,https://play.google.com/store/apps/details?id=com.myntra.android&reviewId=ce2790aa-9dcf-4f30-ab6a-d0cb4d6f1d3c
9fd0a288-4066-48de-9941-67f471be44cf,play_store,IN,Shreya Katyayan,5,,Amazing experience must buy products from myntra and I request to myntra that if possible bring some amazing deals for summer and winter,2026-08-20T20:09:11.735Z,0,4.2608.20,https://play.google.com/store/apps/details?id=com.myntra.android&reviewId=9fd0a288-4066-48de-9941-67f471be44cf
d2cbc536-872e-48b9-a386-aab4d3e712f4,play_store,IN,shreemoye kar,5,,very nice product,2026-08-20T20:03:03.678Z,1,4.2604.20,https://play.google.com/store/apps/details?id=com.myntra.android&reviewId=d2cbc536-872e-48b9-a386-aab4d3e712f4
b8067b87-7880-422d-801a-8a9c88b9bea3,play_store,IN,Kiran Sharma,4,,wonderful product quality budget friendly 😸 very comfortable for daily wear causals! must buy!!,2026-08-20T19:57:32.916Z,0,4.2608.20,https://play.google.com/store/apps/details?id=com.myntra.android&reviewId=b8067b87-7880-422d-801a-8a9c88b9bea3
94c2cc94-661c-4f52-a99a-fb9890f16ae8,play_store,IN,Subham Bal,5,,Good 😊,2026-08-20T19:57:23.807Z,0,4.2608.20,https://play.google.com/store/apps/details?id=com.myntra.android&reviewId=94c2cc94-661c-4f52-a99a-fb9890f16ae8
303b03c3-48f3-4287-bf91-fef11f37d92d,play_store,IN,WORLD MARVELS,5,,fabulous,2026-08-20T19:56:42.291Z,0,4.2608.20,https://play.google.com/store/apps/details?id=com.myntra.android&reviewId=303b03c3-48f3-4287-bf91-fef11f37d92d
37a75ca1-8c25-43de-a459-d8228aa217f9,play_store,IN,rupa mukhopadhyay,5,,great buy,2026-08-20T19:51:22.816Z,0,4.2606.31,https://play.google.com/store/apps/details?id=com.myntra.android&reviewId=37a75ca1-8c25-43de-a459-d8228aa217f9
d1e44e8b-c2c4-4434-b4b5-2bf10a9bf2d0,play_store,IN,Sanskar Singh,5,,probably the best app for fashion in india. totally satisfied,2026-08-20T19:39:29.371Z,0,4.2607.43,https://play.google.com/store/apps/details?id=com.myntra.android&reviewId=d1e44e8b-c2c4-4434-b4b5-2bf10a9bf2d0
4a160ea7-8f5b-4d58-90e5-e229b850d831,play_store,IN,Sourabh Saktel,1,,use myntra bonus minimum 400 rupees order worth think give old update,2026-08-20T19:38:34.935Z,0,4.2606.31,https://play.google.com/store/apps/details?id=com.myntra.android&reviewId=4a160ea7-8f5b-4d58-90e5-e229b850d831
4e74412b-e604-4103-a141-040420f000cd,play_store,IN,Mandar Patil,5,,Most Trustable Shopping Platform For Best Quality Products.,2026-08-20T19:30:20.143Z,0,4.2608.20,https://play.google.com/store/apps/details?id=com.myntra.android&reviewId=4e74412b-e604-4103-a141-040420f000cd
f9090c00-18dc-4f8e-a62c-4d8331b53550,play_store,IN,prince chauhan,5,,best app for fashion related shopping,2026-08-20T19:23:00.464Z,0,4.2608.20,https://play.google.com/store/apps/details?id=com.myntra.android&reviewId=f9090c00-18dc-4f8e-a62c-4d8331b53550
c41b89f7-a935-489b-b884-21cab4956185,play_store,IN,shoaib shaikh,1,,I booked a product on Myntra around 20 days ago They still do not give delivery and their Team gives lectures only and is a useless reason for delivery delay. useless brand & cheap level delivery & worst Team management and worst brand myntra 😡😡,2026-08-20T19:21:14.465Z,0,4.2607.32,https://play.google.com/store/apps/details?id=com.myntra.android&reviewId=c41b89f7-a935-489b-b884-21cab4956185
217d53c5-e69a-490b-94e8-8907fbc12ddd,play_store,IN,Lohitha Jidugu,5,,"Great shopping experience on Myntra! Easy to browse, good discounts, fast delivery, and quality products. Very satisfied with my purchase.",2026-08-20T19:10:34.451Z,0,4.2608.20,https://play.google.com/store/apps/details?id=com.myntra.android&reviewId=217d53c5-e69a-490b-94e8-8907fbc12ddd
a932adb1-c79e-475d-9c03-24f34bb50d50,play_store,IN,Akanksha Mishra,5,,it's too good can't except in this price quality of the clothes is too good,2026-08-20T19:08:21.930Z,0,4.2608.20,https://play.google.com/store/apps/details?id=com.myntra.android&reviewId=a932adb1-c79e-475d-9c03-24f34bb50d50
31a610d4-ca62-4028-847f-e5c9ec3b973e,play_store,IN,Nirjala Kumari,5,,bahut acha app h,2026-08-20T18:59:23.385Z,0,4.2608.20,https://play.google.com/store/apps/details?id=com.myntra.android&reviewId=31a610d4-ca62-4028-847f-e5c9ec3b973e
16fa5ea3-9103-494a-9062-a6405e0df46e,play_store,IN,Vijay Rajpoot,5,,authentic store,2026-08-20T18:58:55.431Z,0,,https://play.google.com/store/apps/details?id=com.myntra.android&reviewId=16fa5ea3-9103-494a-9062-a6405e0df46e
6ec62530-3bc9-4976-949a-a48df114bf11,play_store,IN,Yusra Chaudhary,5,,"amazing app , happy with myntra, can find any product any fashion on myntra",2026-08-20T18:56:26.600Z,0,4.2608.20,https://play.google.com/store/apps/details?id=com.myntra.android&reviewId=6ec62530-3bc9-4976-949a-a48df114bf11
b0205ab4-3fd8-4a39-bb15-89ecf39f3a9f,play_store,IN,Chethan Changappa,5,,amazing shoes,2026-08-20T18:51:03.156Z,1,4.2608.20,https://play.google.com/store/apps/details?id=com.myntra.android&reviewId=b0205ab4-3fd8-4a39-bb15-89ecf39f3a9f
8c0ec17e-a8c4-43f8-833e-c84fb3b0fa31,play_store,IN,SHUBHAM DHANESHREE,5,,Best app for Brand shopping with best discount and genuine products.,2026-08-20T18:47:41.370Z,0,4.2607.43,https://play.google.com/store/apps/details?id=com.myntra.android&reviewId=8c0ec17e-a8c4-43f8-833e-c84fb3b0fa31
038b8fb4-f721-4f7b-87f3-b96e6011316b,play_store,IN,SHIVANI CHATURVEDI,3,,nice,2026-08-20T18:46:44.218Z,0,4.2606.30,https://play.google.com/store/apps/details?id=com.myntra.android&reviewId=038b8fb4-f721-4f7b-87f3-b96e6011316b
007f89c0-0acb-4b99-bc48-a9eb639d71cb,play_store,IN,Suresh babu P,5,,best and nice product ever delivered.. without any issue i got all my stuffs with best quality in cheap price 💗,2026-08-20T18:45:59.708Z,0,4.2607.43,https://play.google.com/store/apps/details?id=com.myntra.android&reviewId=007f89c0-0acb-4b99-bc48-a9eb639d71cb
1a4ad1a0-387f-45e4-9637-a82ff4ce7e1b,play_store,IN,Shivani Jinghala,5,,मेरा एक्सपीरियंस बहुत अच्छा है। सारे प्रोडक्ट बहुत बढ़िया आते है ।,2026-08-20T18:45:06.172Z,0,4.2608.20,https://play.google.com/store/apps/details?id=com.myntra.android&reviewId=1a4ad1a0-387f-45e4-9637-a82ff4ce7e1b
11ad6eda-a9c9-4a73-828a-b27dd5902467,play_store,IN,Rishi Chaudhary,5,,bohot badiyaaaaaa,2026-08-20T18:43:02.371Z,0,4.2606.31,https://play.google.com/store/apps/details?id=com.myntra.android&reviewId=11ad6eda-a9c9-4a73-828a-b27dd5902467
26b3527c-0929-4fea-a6a2-a8dc3d5f215e,play_store,IN,Bidisha Sarkar,5,,so good,2026-08-20T18:42:02.805Z,0,4.2608.20,https://play.google.com/store/apps/details?id=com.myntra.android&reviewId=26b3527c-0929-4fea-a6a2-a8dc3d5f215e
c6f5c4ac-c381-44b4-8241-fc85dfddde7d,play_store,IN,Arvind Jeevan,5,,good,2026-08-20T18:41:09.649Z,0,4.2608.20,https://play.google.com/store/apps/details?id=com.myntra.android&reviewId=c6f5c4ac-c381-44b4-8241-fc85dfddde7d
dd552bdd-eee1-42d3-9692-704972693de0,play_store,IN,Siddharth Rajul,5,,good for fashion purchases,2026-08-20T18:35:01.187Z,0,4.2608.20,https://play.google.com/store/apps/details?id=com.myntra.android&reviewId=dd552bdd-eee1-42d3-9692-704972693de0
9993624f-bec8-43fb-a60f-ff48aeaa68ff,play_store,IN,Yashashri Sharma,1,,mujhe cash back rewards nhi mil Raha pahele mil raha tha... isliye myntra mujhe bahut gusaa aa raha hai,2026-08-20T18:30:17.495Z,0,4.2608.20,https://play.google.com/store/apps/details?id=com.myntra.android&reviewId=9993624f-bec8-43fb-a60f-ff48aeaa68ff
f57c7f40-2a43-4a55-8db6-14d2b1b726cb,play_store,IN,Danish Rizvi,1,,I ordered a lakme pouch.my order damaged in transit.and automatically my order is cancelled and got without my information myntra credited 100rs voucher.. How funny it is,2026-08-20T18:28:12.276Z,0,4.2608.20,https://play.google.com/store/apps/details?id=com.myntra.android&reviewId=f57c7f40-2a43-4a55-8db6-14d2b1b726cb
c4c0b53f-2166-4768-b89f-ec68ffca51ac,play_store,IN,SHALINEE MAURYA,5,,lovely all products,2026-08-20T18:25:45.420Z,0,4.2608.20,https://play.google.com/store/apps/details?id=com.myntra.android&reviewId=c4c0b53f-2166-4768-b89f-ec68ffca51ac
12d51ab4-182c-40aa-ac69-08c2e7020c6e,play_store,IN,Deepanshi Dubey,5,,This is great app for shopping.,2026-08-20T18:21:22.553Z,0,,https://play.google.com/store/apps/details?id=com.myntra.android&reviewId=12d51ab4-182c-40aa-ac69-08c2e7020c6e
3828040b-06aa-413d-877c-f8446a432fe1,play_store,IN,Lalat Parida,5,,great experience!,2026-08-20T18:17:36.735Z,0,4.2608.20,https://play.google.com/store/apps/details?id=com.myntra.android&reviewId=3828040b-06aa-413d-877c-f8446a432fe1
0e680864-a950-4fde-ae1a-a68a37b001dd,play_store,IN,Jyoti Bhoir,5,,very nice,2026-08-20T18:15:21.240Z,0,,https://play.google.com/store/apps/details?id=com.myntra.android&reviewId=0e680864-a950-4fde-ae1a-a68a37b001dd
39958703-08fe-4c08-9645-42c7d0fde2bd,play_store,IN,Meenakshi Malik,5,,excellent,2026-08-20T18:14:16.996Z,0,4.2608.20,https://play.google.com/store/apps/details?id=com.myntra.android&reviewId=39958703-08fe-4c08-9645-42c7d0fde2bd
8e038ade-fdc9-4b57-8cc2-a16f6b84b184,play_store,IN,anoop c,5,,best purchasing app,2026-08-20T18:10:51.482Z,0,4.2607.11,https://play.google.com/store/apps/details?id=com.myntra.android&reviewId=8e038ade-fdc9-4b57-8cc2-a16f6b84b184
64afde3a-719a-4e77-85ec-663d11655362,play_store,IN,Sristi Chakraborty,5,,Great app 👍🏻,2026-08-20T18:01:26.961Z,0,4.2608.20,https://play.google.com/store/apps/details?id=com.myntra.android&reviewId=64afde3a-719a-4e77-85ec-663d11655362
8dea8507-b5fd-482a-ab46-5028e66bab15,play_store,IN,MODEL _70,5,,good product and very good delivery boy😊,2026-08-20T18:01:22.927Z,0,4.2608.20,https://play.google.com/store/apps/details?id=com.myntra.android&reviewId=8dea8507-b5fd-482a-ab46-5028e66bab15
3e4ef29e-fbaa-4457-b8ca-fcc08c45dbd7,play_store,IN,MADHUSMITA HATI,4,,good one,2026-08-20T17:59:21.901Z,0,4.2608.20,https://play.google.com/store/apps/details?id=com.myntra.android&reviewId=3e4ef29e-fbaa-4457-b8ca-fcc08c45dbd7
5dd3c39b-7c16-4c19-ac22-1e8d930413a7,play_store,IN,Leena Das,4,,I love myntra outfits,2026-08-20T17:51:49.806Z,0,4.2607.43,https://play.google.com/store/apps/details?id=com.myntra.android&reviewId=5dd3c39b-7c16-4c19-ac22-1e8d930413a7
b4a4a6c4-4eca-4eea-8955-9e6264fe5534,play_store,IN,Bhatt rumiayaameen,5,,good,2026-08-20T17:48:56.191Z,0,,https://play.google.com/store/apps/details?id=com.myntra.android&reviewId=b4a4a6c4-4eca-4eea-8955-9e6264fe5534
d60a06dc-a570-4aa2-8614-3cb626defe03,play_store,IN,Siddhant Gaikwad,5,,nice app,2026-08-20T17:46:46.251Z,0,4.2607.43,https://play.google.com/store/apps/details?id=com.myntra.android&reviewId=d60a06dc-a570-4aa2-8614-3cb626defe03
5db674fd-cdb8-4fc0-a8b7-6b5e5af18b09,play_store,IN,sanjay kumar shaw,5,,good product,2026-08-20T17:44:31.857Z,0,4.2607.43,https://play.google.com/store/apps/details?id=com.myntra.android&reviewId=5db674fd-cdb8-4fc0-a8b7-6b5e5af18b09
5dd759d0-d523-49d7-9c5c-36ff2c801956,play_store,IN,Vivek G.M,5,,Trustable app. Never disappointed in product qualit6,2026-08-20T17:42:14.858Z,0,4.2608.20,https://play.google.com/store/apps/details?id=com.myntra.android&reviewId=5dd759d0-d523-49d7-9c5c-36ff2c801956
8c952423-c3a4-4d1a-9890-1a640993c80f,play_store,IN,David Chauhan,1,,"fraudster hai ye log galat cheej bhej k customer service baat hi nahi karna chahti ,don't buy anything from them",2026-08-20T17:37:27.202Z,0,4.2607.32,https://play.google.com/store/apps/details?id=com.myntra.android&reviewId=8c952423-c3a4-4d1a-9890-1a640993c80f
74ad8aab-5aa6-4ca7-8c03-8dfbcf1c1b28,play_store,IN,Surya,1,,"Basterds, return pickup is not being initiated, scoundrels",2026-08-20T17:35:54.882Z,0,,https://play.google.com/store/apps/details?id=com.myntra.android&reviewId=74ad8aab-5aa6-4ca7-8c03-8dfbcf1c1b28
1563ee28-d203-431a-bd70-46b2d178f25b,play_store,IN,Shyamli Kumari,5,,Super And Most Satisfied products ❤️🫰Love it,2026-08-20T17:35:34.314Z,0,4.2606.31,https://play.google.com/store/apps/details?id=com.myntra.android&reviewId=1563ee28-d203-431a-bd70-46b2d178f25b
c8d485e6-1a1e-402f-8003-dfa9a96cefde,play_store,IN,Sangita Singh,5,,very nice 👍,2026-08-20T17:28:46.539Z,0,4.2608.20,https://play.google.com/store/apps/details?id=com.myntra.android&reviewId=c8d485e6-1a1e-402f-8003-dfa9a96cefde
1fc4a85b-2138-48a5-931f-59afda021a63,play_store,IN,Muskan Bharti,5,,shopping gets easy hear...❤️,2026-08-20T17:26:16.847Z,0,,https://play.google.com/store/apps/details?id=com.myntra.android&reviewId=1fc4a85b-2138-48a5-931f-59afda021a63
2dccd52f-0b6d-44f9-810d-b6d4c2f0e00c,play_store,IN,Anil Setia,5,,User friendly app,2026-08-20T17:25:41.552Z,0,,https://play.google.com/store/apps/details?id=com.myntra.android&reviewId=2dccd52f-0b6d-44f9-810d-b6d4c2f0e00c
715750f2-e888-4929-933c-e03a376279ec,play_store,IN,Bhagwan D. Jadhav outstanding performance,5,,good 👍,2026-08-20T17:24:07.479Z,0,4.2608.20,https://play.google.com/store/apps/details?id=com.myntra.android&reviewId=715750f2-e888-4929-933c-e03a376279ec
e3c90e2a-3aed-47ea-820b-cd29ebf045b5,play_store,IN,Md Sarim,5,,best platform to buy anything!!✨✨,2026-08-20T17:22:47.860Z,0,4.2608.20,https://play.google.com/store/apps/details?id=com.myntra.android&reviewId=e3c90e2a-3aed-47ea-820b-cd29ebf045b5
e65f22ce-d972-42ea-aa8c-b91797bb69af,play_store,IN,Sahil Ahmed,5,,very good,2026-08-20T17:19:47.634Z,0,,https://play.google.com/store/apps/details?id=com.myntra.android&reviewId=e65f22ce-d972-42ea-aa8c-b91797bb69af
206682bd-b794-43b7-bdca-191c04a1c9ea,play_store,IN,abc def,5,,excellent. a great online shopping app.Its products are superb quality and delivery is also reliable.,2026-08-20T17:19:04.267Z,0,4.2608.20,https://play.google.com/store/apps/details?id=com.myntra.android&reviewId=206682bd-b794-43b7-bdca-191c04a1c9ea
86de51dd-a3c9-4eaa-b446-787fb4be4c6c,play_store,IN,Vansh Katyal,1,,horrible experience with customer care 0 level of customer care,2026-08-20T17:18:40.700Z,0,4.2608.20,https://play.google.com/store/apps/details?id=com.myntra.android&reviewId=86de51dd-a3c9-4eaa-b446-787fb4be4c6c
adf50619-3e66-4365-bf02-1051fb678806,play_store,IN,Shameer Khan,5,,always get the expected choice on my Myntra,2026-08-20T17:17:07.999Z,0,4.2607.32,https://play.google.com/store/apps/details?id=com.myntra.android&reviewId=adf50619-3e66-4365-bf02-1051fb678806
2e1eda1c-7444-441c-b96f-44e5c120621d,play_store,IN,manish kumar,5,,good product,2026-08-20T17:13:49.811Z,0,,https://play.google.com/store/apps/details?id=com.myntra.android&reviewId=2e1eda1c-7444-441c-b96f-44e5c120621d
6c8386ba-4315-4c13-a663-1eefa95d1ebc,play_store,IN,Asad Babu,5,,👌,2026-08-20T17:12:52.639Z,0,4.2606.31,https://play.google.com/store/apps/details?id=com.myntra.android&reviewId=6c8386ba-4315-4c13-a663-1eefa95d1ebc
20c197e4-73d7-4d05-b555-9dbf03ab71d0,play_store,IN,tenzo,5,,nice,2026-08-20T17:12:31.554Z,0,4.2512.21,https://play.google.com/store/apps/details?id=com.myntra.android&reviewId=20c197e4-73d7-4d05-b555-9dbf03ab71d0
d8778064-d17c-439f-a8ad-d72499334aad,play_store,IN,saraswati Panda,5,,best app for teenagers,2026-08-20T17:12:27.224Z,0,,https://play.google.com/store/apps/details?id=com.myntra.android&reviewId=d8778064-d17c-439f-a8ad-d72499334aad
c5f13f57-8567-49bb-af1a-2b3fed35aa15,play_store,IN,Yash Kumar,5,,👍 nice,2026-08-20T17:11:53.766Z,0,4.2608.20,https://play.google.com/store/apps/details?id=com.myntra.android&reviewId=c5f13f57-8567-49bb-af1a-2b3fed35aa15
e2617da0-c7c6-44c1-a348-ef3a0e969367,play_store,IN,Anakha arun,5,,Always the best worthy platform for shopping ❤️❤️❤️,2026-08-20T17:10:53.478Z,0,4.2608.20,https://play.google.com/store/apps/details?id=com.myntra.android&reviewId=e2617da0-c7c6-44c1-a348-ef3a0e969367
a141a1bd-0d73-408c-830e-d62c25bf92d6,play_store,IN,sharath B R,5,,AWSOME,2026-08-20T17:01:20.719Z,0,4.2607.43,https://play.google.com/store/apps/details?id=com.myntra.android&reviewId=a141a1bd-0d73-408c-830e-d62c25bf92d6
e61c4eb4-a8fe-4536-b857-2515dab1b028,play_store,IN,R.BHÀVANI PRIYA,5,,good,2026-08-20T17:00:39.956Z,0,4.2607.43,https://play.google.com/store/apps/details?id=com.myntra.android&reviewId=e61c4eb4-a8fe-4536-b857-2515dab1b028
792ad854-788a-4898-8a54-21fb26dce133,play_store,IN,Alux Glass Profile,5,,one of the best online shopping aap reasonable rate with super quality ❤️❤️❤️,2026-08-20T16:59:20.107Z,0,4.2607.43,https://play.google.com/store/apps/details?id=com.myntra.android&reviewId=792ad854-788a-4898-8a54-21fb26dce133
348a5154-e4fb-4e11-a818-f90ff21e3c35,play_store,IN,Paromita Chatterjee,5,,An excellent app for a variety of things.,2026-08-20T16:57:30.571Z,0,4.2608.20,https://play.google.com/store/apps/details?id=com.myntra.android&reviewId=348a5154-e4fb-4e11-a818-f90ff21e3c35
c7d2c124-fba5-47b5-bd6e-2885af3fe288,play_store,IN,Muskan Yadav,5,,best,2026-08-20T16:57:00.123Z,0,4.2608.20,https://play.google.com/store/apps/details?id=com.myntra.android&reviewId=c7d2c124-fba5-47b5-bd6e-2885af3fe288
0ea3c881-fda6-405d-aa20-a4f9385567c0,play_store,IN,muhammed shahul,1,,please dont use this app..very bad service.,2026-08-20T16:55:14.804Z,0,,https://play.google.com/store/apps/details?id=com.myntra.android&reviewId=0ea3c881-fda6-405d-aa20-a4f9385567c0
b39ec03d-aa4f-43ce-923f-cb0c1cfdc094,play_store,IN,Sachin Nautiyal,5,,best online option available in this app,2026-08-20T16:52:51.765Z,0,4.2608.20,https://play.google.com/store/apps/details?id=com.myntra.android&reviewId=b39ec03d-aa4f-43ce-923f-cb0c1cfdc094
7cf51740-f45e-4dd5-9f9b-953d6909bfda,play_store,IN,Teena Kandhoul,5,,Myntra is very good aap,2026-08-20T16:52:51.246Z,0,4.2607.32,https://play.google.com/store/apps/details?id=com.myntra.android&reviewId=7cf51740-f45e-4dd5-9f9b-953d6909bfda
bba2acdc-a401-4cfe-a970-8d8452c8a24b,play_store,IN,mrindian Paaji13,4,,I liked delivery on time policy 😊,2026-08-20T16:49:27.690Z,0,,https://play.google.com/store/apps/details?id=com.myntra.android&reviewId=bba2acdc-a401-4cfe-a970-8d8452c8a24b
e4e11293-6095-47f9-9389-aae8d1418ab4,play_store,IN,ajeet chaudhary,5,,"I'm using myntra 12 years, awesome original product thank myntra love it",2026-08-20T16:48:32.613Z,0,4.2606.30,https://play.google.com/store/apps/details?id=com.myntra.android&reviewId=e4e11293-6095-47f9-9389-aae8d1418ab4
5217f4bc-4af2-4204-89ab-ba0b23b0db03,play_store,IN,amit kumar,5,,good,2026-08-20T16:47:43.290Z,0,4.2608.20,https://play.google.com/store/apps/details?id=com.myntra.android&reviewId=5217f4bc-4af2-4204-89ab-ba0b23b0db03
ecafff6d-b62e-4b36-be38-2d68e8be16ee,play_store,IN,Bhupendra Singh Bisht,5,,good experience at Myntra,2026-08-20T16:43:58.579Z,0,4.2608.20,https://play.google.com/store/apps/details?id=com.myntra.android&reviewId=ecafff6d-b62e-4b36-be38-2d68e8be16ee
7ea66a92-10ed-4b71-8084-54296f2e5e74,play_store,IN,Moksh Jain,5,,this is a great app and have great deals love it.,2026-08-20T16:42:19.713Z,0,4.2608.20,https://play.google.com/store/apps/details?id=com.myntra.android&reviewId=7ea66a92-10ed-4b71-8084-54296f2e5e74
ed615b19-5d8c-49ab-a2ad-ac6da37bdd68,play_store,IN,priyanka artake,1,,"Myntra's delivery quality is degrading day by day. This my second horrible experience with Myntra in a span of 2 months. For the last product I have not received any refund, no relief provided by customer support as well despite talking to them 5-6 times and delivery partner misbehaved. And this time also same thing happened the delivery partner misbehaved and was very arrogant. Now I feel stupid for trusting myntra.",2026-08-20T16:39:42.799Z,0,4.2607.43,https://play.google.com/store/apps/details?id=com.myntra.android&reviewId=ed615b19-5d8c-49ab-a2ad-ac6da37bdd68
93cda675-8173-455c-8fbe-0f8fcbbe5b4c,play_store,IN,Rudra Payasi,5,,so good,2026-08-20T16:39:20.422Z,0,4.2608.20,https://play.google.com/store/apps/details?id=com.myntra.android&reviewId=93cda675-8173-455c-8fbe-0f8fcbbe5b4c
de5201ba-b715-4d94-8482-afcd0d82cfcc,play_store,IN,Crystal Bestflower,2,,"My goto app for all shopping for many years now. Yet this time a product was delivered in a different colour and when I raised the return with the same reason, the pick up agent wouldn't take the return saying the product colour is different. What happened to this simple thing called communication, between your people, guys?",2026-08-20T16:38:22.959Z,2,4.2608.20,https://play.google.com/store/apps/details?id=com.myntra.android&reviewId=de5201ba-b715-4d94-8482-afcd0d82cfcc
036d2b4b-3bef-40b2-9f10-acda08e63e55,play_store,IN,Aman Rathore,5,,good product,2026-08-20T16:36:30.528Z,0,4.2608.20,https://play.google.com/store/apps/details?id=com.myntra.android&reviewId=036d2b4b-3bef-40b2-9f10-acda08e63e55
1525e605-52b4-4b26-b102-2ab44e6e9f66,play_store,IN,Hetal hetal,5,,best app,2026-08-20T16:36:12.940Z,0,4.2608.20,https://play.google.com/store/apps/details?id=com.myntra.android&reviewId=1525e605-52b4-4b26-b102-2ab44e6e9f66
1f661f28-fd48-47da-b58d-e0b9b88dc493,play_store,IN,Geeta Lakhara,5,,very best app,2026-08-20T16:35:53.545Z,0,4.2607.43,https://play.google.com/store/apps/details?id=com.myntra.android&reviewId=1f661f28-fd48-47da-b58d-e0b9b88dc493
ac454bf6-280a-4bed-99c3-15422e55a3fe,play_store,IN,Utkarsh Pal,5,,The quality is perfect and after 2 years i review these Slippers bcz just they have broken...... Good Experience with Carlton London,2026-08-20T16:35:13.377Z,0,4.2608.20,https://play.google.com/store/apps/details?id=com.myntra.android&reviewId=ac454bf6-280a-4bed-99c3-15422e55a3fe
fa3c5ff1-e534-405a-a178-6e38a648f5d9,play_store,IN,Agna,1,,"Worst delivery service. My order was delayed for several days despite repeated complaints. I was asked to wait until August 22, but the order was suddenly cancelled due to a delay from Myntra’s side. Customer service could only apologize and couldn’t provide any solution. Very disappointing experience.",2026-08-20T16:35:04.524Z,0,,https://play.google.com/store/apps/details?id=com.myntra.android&reviewId=fa3c5ff1-e534-405a-a178-6e38a648f5d9
8e9340f3-70bb-4fdd-9243-f97919e5e251,play_store,IN,Aditi Goswami,5,,app is really good,2026-08-20T16:30:39.976Z,0,4.2607.43,https://play.google.com/store/apps/details?id=com.myntra.android&reviewId=8e9340f3-70bb-4fdd-9243-f97919e5e251
467f184e-8e09-4e83-a967-ae6dab0e2a23,play_store,IN,Samrudhi Kaskar,5,,best coustomer service 💗,2026-08-20T16:24:17.740Z,0,4.2603.10,https://play.google.com/store/apps/details?id=com.myntra.android&reviewId=467f184e-8e09-4e83-a967-ae6dab0e2a23
6ee95540-f00e-4cf0-bc6c-009a7868fd84,play_store,IN,SAKSHI AGRAWAL,5,,good,2026-08-20T16:22:32.913Z,0,4.2607.43,https://play.google.com/store/apps/details?id=com.myntra.android&reviewId=6ee95540-f00e-4cf0-bc6c-009a7868fd84
068bcdb7-2080-4835-9ebf-6a5aaee97da1,play_store,IN,Rajdip Paul,5,,awesome,2026-08-20T16:21:13.500Z,0,4.2605.21,https://play.google.com/store/apps/details?id=com.myntra.android&reviewId=068bcdb7-2080-4835-9ebf-6a5aaee97da1
66d4ffd6-3554-49b0-a38b-56a137f3b622,play_store,IN,Sarun S.A,5,,nice app ☺️,2026-08-20T16:20:49.720Z,0,,https://play.google.com/store/apps/details?id=com.myntra.android&reviewId=66d4ffd6-3554-49b0-a38b-56a137f3b622
a1b3d71d-b1c5-4882-aa0a-88e0ce5598f1,play_store,IN,Rakibul Zehan,4,,good experience but I am excited to see my first ordee,2026-08-20T16:20:43.410Z,0,4.2608.20,https://play.google.com/store/apps/details?id=com.myntra.android&reviewId=a1b3d71d-b1c5-4882-aa0a-88e0ce5598f1
d4d1e3ec-01b2-486b-8ef6-344894a3a715,play_store,IN,Somnath Mandal,5,,good,2026-08-20T16:18:55.781Z,0,,https://play.google.com/store/apps/details?id=com.myntra.android&reviewId=d4d1e3ec-01b2-486b-8ef6-344894a3a715
5aa6eee6-4970-4a76-bb10-423e1a12ce0b,play_store,IN,saleem saleem,5,,very smooth return process i like most. i order somthing first time and surprised.,2026-08-20T16:17:29.650Z,0,4.2607.43,https://play.google.com/store/apps/details?id=com.myntra.android&reviewId=5aa6eee6-4970-4a76-bb10-423e1a12ce0b
8b583f0a-6a60-4b94-80f2-4f915f1a0867,play_store,IN,Varun Nani,5,,Amazing experience,2026-08-20T16:16:28.539Z,0,4.2608.20,https://play.google.com/store/apps/details?id=com.myntra.android&reviewId=8b583f0a-6a60-4b94-80f2-4f915f1a0867
6281a3c8-30ab-432a-9aef-edc9c5b6c1af,play_store,IN,jhon cena,5,,good,2026-08-20T16:16:28.468Z,0,,https://play.google.com/store/apps/details?id=com.myntra.android&reviewId=6281a3c8-30ab-432a-9aef-edc9c5b6c1af
a05d7b8a-15a6-4838-91df-e4c5a1c80110,play_store,IN,tom santosh,5,,nice rakhis,2026-08-20T16:16:15.900Z,0,4.2608.20,https://play.google.com/store/apps/details?id=com.myntra.android&reviewId=a05d7b8a-15a6-4838-91df-e4c5a1c80110
715e0e4e-9e22-4550-aa2c-612608c8243e,play_store,IN,Mudassar Thakor,1,,"Terrible experience – Wrong color delivered twice! I received the wrong color on my original order. Requested a replacement, but they sent the exact same wrong color again. Total waste of time and zero quality check. Very disappointed!",2026-08-20T16:16:02.834Z,0,4.2608.20,https://play.google.com/store/apps/details?id=com.myntra.android&reviewId=715e0e4e-9e22-4550-aa2c-612608c8243e
53aef51f-1ce8-40bb-a190-358f62eba9da,play_store,IN,Aishwarya Mainkar,5,,Always Happy With Satisfactory Results,2026-08-20T16:16:00.103Z,0,4.2608.20,https://play.google.com/store/apps/details?id=com.myntra.android&reviewId=53aef51f-1ce8-40bb-a190-358f62eba9da
884a830d-1cc9-4884-ae10-3d66e8b196dd,play_store,IN,AI Tech Toons,5,,❤️❤️❤️,2026-08-20T16:11:06.641Z,0,,https://play.google.com/store/apps/details?id=com.myntra.android&reviewId=884a830d-1cc9-4884-ae10-3d66e8b196dd
1540f580-4286-4a97-9afc-d35f5cecdf7e,play_store,IN,Piyush Singh,5,,super product and exact sized i ordered in affordable prices,2026-08-20T16:05:06.777Z,0,,https://play.google.com/store/apps/details?id=com.myntra.android&reviewId=1540f580-4286-4a97-9afc-d35f5cecdf7e
7e7dbf1d-5355-4a72-9ec4-023568fb1951,play_store,IN,Deeksha Tyagi,5,,awesome,2026-08-20T16:04:31.228Z,0,4.2607.32,https://play.google.com/store/apps/details?id=com.myntra.android&reviewId=7e7dbf1d-5355-4a72-9ec4-023568fb1951
b851c1fc-d9bd-4e92-b2da-8ed035cc91a7,play_store,IN,rahul hubli,5,,Genuine app,2026-08-20T16:04:12.501Z,0,4.2608.20,https://play.google.com/store/apps/details?id=com.myntra.android&reviewId=b851c1fc-d9bd-4e92-b2da-8ed035cc91a7
bd0db7af-bc80-4dd3-aef1-7f152aebd788,play_store,IN,Biyavarwala Sajid,5,,Very nice very rewarded apps,2026-08-20T16:03:08.480Z,0,4.2608.20,https://play.google.com/store/apps/details?id=com.myntra.android&reviewId=bd0db7af-bc80-4dd3-aef1-7f152aebd788
444b028a-2cf4-462e-93c9-e50846c8d639,play_store,IN,Akul Op,5,,best app,2026-08-20T16:00:15.505Z,0,,https://play.google.com/store/apps/details?id=com.myntra.android&reviewId=444b028a-2cf4-462e-93c9-e50846c8d639
51a73c63-5509-40fe-956a-cfac32b8569b,play_store,IN,Rahul Kumar,5,,bast app,2026-08-20T15:59:20.730Z,0,4.2608.20,https://play.google.com/store/apps/details?id=com.myntra.android&reviewId=51a73c63-5509-40fe-956a-cfac32b8569b
8e3f7b8e-3f92-4554-bf3b-9a25cd006b8c,play_store,IN,Mayank Sharma,5,,great 👍 product,2026-08-20T15:59:03.859Z,0,,https://play.google.com/store/apps/details?id=com.myntra.android&reviewId=8e3f7b8e-3f92-4554-bf3b-9a25cd006b8c
fa1100fe-9a17-42bb-a06f-50458cb5a647,play_store,IN,Bhaskar Kumar,5,,"Myntra is one of my favorite shopping apps! 🛍️ The app is easy to use, the collection is amazing, and the delivery experience has been really good. I also love the variety of fashion products and offers. ❤️ Overall, a smooth and reliable shopping experience. Highly recommended! 👌✨",2026-08-20T15:57:46.842Z,0,,https://play.google.com/store/apps/details?id=com.myntra.android&reviewId=fa1100fe-9a17-42bb-a06f-50458cb5a647
4f0c4d4f-fdda-402e-922f-a6b7913f3fbf,play_store,IN,Seema Rani,5,,best shopping for rakhi great deal more beautiful rakhi online delivery at time I have save my time and money. I always purchased rakhi on that platform there is many brand avalable.,2026-08-20T15:55:07.226Z,0,4.2607.43,https://play.google.com/store/apps/details?id=com.myntra.android&reviewId=4f0c4d4f-fdda-402e-922f-a6b7913f3fbf
70a7a62b-2d25-44b4-a476-35abd6d870f2,play_store,IN,Pranedhar Reddy,5,,good,2026-08-20T15:50:36.120Z,0,4.2606.31,https://play.google.com/store/apps/details?id=com.myntra.android&reviewId=70a7a62b-2d25-44b4-a476-35abd6d870f2
203aac2e-d449-4dd1-abba-c6cb6e4de026,play_store,IN,Sonam Bhutia,5,,very good product,2026-08-20T15:48:01.461Z,0,4.2608.20,https://play.google.com/store/apps/details?id=com.myntra.android&reviewId=203aac2e-d449-4dd1-abba-c6cb6e4de026
2cc0ecfa-57ba-4dbd-87bb-a89e0f095331,play_store,IN,Surbhi Kaushal,5,,fast delivery,2026-08-20T15:46:17.503Z,0,4.2608.20,https://play.google.com/store/apps/details?id=com.myntra.android&reviewId=2cc0ecfa-57ba-4dbd-87bb-a89e0f095331
b6e0dd9b-58b8-4436-bff7-302e454c4575,play_store,IN,pankaj mohan,5,,i like shopping from mayantra genuine products,2026-08-20T15:40:15.750Z,0,4.2608.20,https://play.google.com/store/apps/details?id=com.myntra.android&reviewId=b6e0dd9b-58b8-4436-bff7-302e454c4575
886868e0-17fc-4aa7-acfa-f2419227f2f1,play_store,IN,Abhi Kakileti,5,,I enjoy the experience every time when I do shopping in Myntra. it's showing variety types in all the categories the products and the qualities are very super,2026-08-20T15:32:19.203Z,2,4.2608.20,https://play.google.com/store/apps/details?id=com.myntra.android&reviewId=886868e0-17fc-4aa7-acfa-f2419227f2f1
690dda3d-dd7c-419d-84dc-5d4d36888dd1,play_store,IN,Vaikuntarao Gorakala,5,,super,2026-08-20T15:29:43.399Z,0,4.2608.20,https://play.google.com/store/apps/details?id=com.myntra.android&reviewId=690dda3d-dd7c-419d-84dc-5d4d36888dd1
df1f5de6-7b51-4944-b442-04eeb124914f,play_store,IN,Harshitha Chityala,5,,nice app,2026-08-20T15:28:18.700Z,0,4.2608.20,https://play.google.com/store/apps/details?id=com.myntra.android&reviewId=df1f5de6-7b51-4944-b442-04eeb124914f
f24a198e-f8b7-4c98-9931-3c2d0f5477ef,play_store,IN,Vashu Deo,5,,nice and get genuine products,2026-08-20T15:26:05.627Z,0,4.2608.20,https://play.google.com/store/apps/details?id=com.myntra.android&reviewId=f24a198e-f8b7-4c98-9931-3c2d0f5477ef
3f790f2b-c208-4f4f-bd46-14d3b4dd5815,play_store,IN,Sharukh Srk,5,,good,2026-08-20T15:25:29.241Z,0,4.2608.20,https://play.google.com/store/apps/details?id=com.myntra.android&reviewId=3f790f2b-c208-4f4f-bd46-14d3b4dd5815
75be231b-adfd-4924-9e58-ac2fb6425e51,play_store,IN,Senjuti Chatterjee,5,,very good...,2026-08-20T15:25:03.262Z,0,,https://play.google.com/store/apps/details?id=com.myntra.android&reviewId=75be231b-adfd-4924-9e58-ac2fb6425e51
f42b6e8c-a63a-45c9-935e-e8684b25700c,play_store,IN,Shreya Kulkarni,5,,the quality of cloths are so much better that any other app.,2026-08-20T15:24:27.530Z,0,,https://play.google.com/store/apps/details?id=com.myntra.android&reviewId=f42b6e8c-a63a-45c9-935e-e8684b25700c
54d1837f-bc5a-4bcf-86c1-2acbf903246c,play_store,IN,Deepak Shah,5,,amazing,2026-08-20T15:23:10.561Z,0,4.2606.30,https://play.google.com/store/apps/details?id=com.myntra.android&reviewId=54d1837f-bc5a-4bcf-86c1-2acbf903246c
4ceb5401-5e81-4479-baca-837ce45ca14c,play_store,IN,Shubham Verma,5,,🤌🏻,2026-08-20T15:20:07.347Z,0,4.2608.20,https://play.google.com/store/apps/details?id=com.myntra.android&reviewId=4ceb5401-5e81-4479-baca-837ce45ca14c
9fa09820-2276-4379-8593-865259aa8057,play_store,IN,Brahmesh Mishra,5,,mantra is best app for all things ❤️,2026-08-20T15:14:44.765Z,0,4.2209.3,https://play.google.com/store/apps/details?id=com.myntra.android&reviewId=9fa09820-2276-4379-8593-865259aa8057
1673ee08-e62a-44f9-bc83-a76dd43337d6,play_store,IN,Ravisha Ch. (Ravisha),5,,Nice experience,2026-08-20T15:12:29.907Z,0,4.2608.20,https://play.google.com/store/apps/details?id=com.myntra.android&reviewId=1673ee08-e62a-44f9-bc83-a76dd43337d6
3e0c869b-5cfa-4b87-be7b-514cf7179ac2,play_store,IN,Neelam Varma,5,,nice,2026-08-20T15:11:47.477Z,0,4.2606.31,https://play.google.com/store/apps/details?id=com.myntra.android&reviewId=3e0c869b-5cfa-4b87-be7b-514cf7179ac2
54c0c706-1e0b-478a-bcbc-60bf72d73ac9,play_store,IN,Ankit Anand,5,,I can find everything here.,2026-08-20T15:09:15.753Z,0,4.2608.20,https://play.google.com/store/apps/details?id=com.myntra.android&reviewId=54c0c706-1e0b-478a-bcbc-60bf72d73ac9
b0f6f24e-6cfa-4ef3-a125-9c7376ec85c4,play_store,IN,Thirunavukkarasu,4,,good,2026-08-20T15:09:14.378Z,0,4.2606.31,https://play.google.com/store/apps/details?id=com.myntra.android&reviewId=b0f6f24e-6cfa-4ef3-a125-9c7376ec85c4
abe00145-449f-403d-b756-dba16c5a7d0f,play_store,IN,Hansraj Bhati,5,,Nice,2026-08-20T15:09:00.740Z,0,4.2608.20,https://play.google.com/store/apps/details?id=com.myntra.android&reviewId=abe00145-449f-403d-b756-dba16c5a7d0f
682e5d53-bfa6-44b3-a181-c1902dd37be4,play_store,IN,Aashi thakur,5,,I am satisfied customer 😊,2026-08-20T15:08:26.714Z,0,,https://play.google.com/store/apps/details?id=com.myntra.android&reviewId=682e5d53-bfa6-44b3-a181-c1902dd37be4
c2d49781-8fd2-43d4-aeae-a9886df3d5b3,play_store,IN,temjen longkumer,5,,very good app for shopping,2026-08-20T15:08:14.678Z,0,4.2606.31,https://play.google.com/store/apps/details?id=com.myntra.android&reviewId=c2d49781-8fd2-43d4-aeae-a9886df3d5b3
47a1e56f-a29a-4906-8351-70b528035dea,play_store,IN,Avaneesh Tiwari,5,,Quality is good as compared to other online platforms. but need to improve actual image of the cloths rather than show case image,2026-08-20T15:07:50.204Z,0,4.2606.30,https://play.google.com/store/apps/details?id=com.myntra.android&reviewId=47a1e56f-a29a-4906-8351-70b528035dea
33dfa612-af7f-471b-9b40-65cf5cb9686d,play_store,IN,Sumit Buradkar,5,,Nice Experience 😉,2026-08-20T15:07:25.644Z,0,4.2608.20,https://play.google.com/store/apps/details?id=com.myntra.android&reviewId=33dfa612-af7f-471b-9b40-65cf5cb9686d
9d154d0c-007f-4952-a5b6-1b302259bb45,play_store,IN,Tushar Saini,5,,nice,2026-08-20T15:07:23.342Z,0,4.2605.21,https://play.google.com/store/apps/details?id=com.myntra.android&reviewId=9d154d0c-007f-4952-a5b6-1b302259bb45
9e7e2eef-a14f-4abc-ac48-d49b026c72b9,play_store,IN,Ram Pratap,1,,They show few products with Express delivery and even after a week they won't deliver the products. Even when you call the customer care they won't even respond properly. All they ask is to wait for 72 hours. If they need to deliver after 722 hours what is the use of Express delivery... it's all fraud service from myntra... Encouraging the customers with Express delivery after ordering just neglecting the customers.,2026-08-20T15:06:10.428Z,0,4.2608.20,https://play.google.com/store/apps/details?id=com.myntra.android&reviewId=9e7e2eef-a14f-4abc-ac48-d49b026c72b9
14b3562d-0ef5-4f16-baeb-98e840163f9e,play_store,IN,Shahad Ali Ansari,5,,extra discount,2026-08-20T15:05:55.122Z,0,4.2607.43,https://play.google.com/store/apps/details?id=com.myntra.android&reviewId=14b3562d-0ef5-4f16-baeb-98e840163f9e
16acbdbe-6651-400d-9ac9-8fecc58e4391,play_store,IN,Nidhi Dhakad,5,,best app for shopping,2026-08-20T15:05:28.578Z,0,4.2608.20,https://play.google.com/store/apps/details?id=com.myntra.android&reviewId=16acbdbe-6651-400d-9ac9-8fecc58e4391
05f8d357-5b41-4039-b568-6b78aea5793b,play_store,IN,Shruti Sharma,5,,each product details are believable,2026-08-20T15:04:02.409Z,0,4.2607.43,https://play.google.com/store/apps/details?id=com.myntra.android&reviewId=05f8d357-5b41-4039-b568-6b78aea5793b
f0d35b22-ee5f-4974-8db4-1aa6d29d4a28,play_store,IN,Anwesha Joddar,5,,excellent app,2026-08-20T15:02:32.454Z,0,4.2608.20,https://play.google.com/store/apps/details?id=com.myntra.android&reviewId=f0d35b22-ee5f-4974-8db4-1aa6d29d4a28
94af93cb-e9d0-4a96-9403-2fc381de18ff,play_store,IN,Satendra singh thakur,1,,Worst and fraud app. deliver wrong products but no return policy,2026-08-20T14:59:35.602Z,0,4.2608.20,https://play.google.com/store/apps/details?id=com.myntra.android&reviewId=94af93cb-e9d0-4a96-9403-2fc381de18ff
f6ac3193-610a-45ef-b6e9-6b618d71acc6,play_store,IN,Dipalil Lahane,5,,too good 👍🏻,2026-08-20T14:58:29.735Z,0,,https://play.google.com/store/apps/details?id=com.myntra.android&reviewId=f6ac3193-610a-45ef-b6e9-6b618d71acc6
2b485073-ee40-421f-9c8f-0d3eb58f1a2a,play_store,IN,Vamsi Krishna,5,,Branded,2026-08-20T14:57:37.580Z,0,4.2608.20,https://play.google.com/store/apps/details?id=com.myntra.android&reviewId=2b485073-ee40-421f-9c8f-0d3eb58f1a2a
855b8d3b-35c2-4bac-a7c4-afeed3256bc0,play_store,IN,Jayendra Topwal,5,,it's very soft,2026-08-20T14:51:35.666Z,0,4.2608.20,https://play.google.com/store/apps/details?id=com.myntra.android&reviewId=855b8d3b-35c2-4bac-a7c4-afeed3256bc0
ba92c51b-2803-4b28-a2d2-46cf130b6892,play_store,IN,Subrata Ghosh,5,,খুব ভালো জিনিস পাওয়া যায়,2026-08-20T14:47:36.276Z,0,4.2608.20,https://play.google.com/store/apps/details?id=com.myntra.android&reviewId=ba92c51b-2803-4b28-a2d2-46cf130b6892
3e986e95-e9c1-4fb1-8c3d-81e3b6cb9e00,play_store,IN,iTz Sukh,5,,🌌👍🏻,2026-08-20T14:46:15.968Z,0,,https://play.google.com/store/apps/details?id=com.myntra.android&reviewId=3e986e95-e9c1-4fb1-8c3d-81e3b6cb9e00
ed5779b9-2796-4ae6-8188-3b1a7983e67f,play_store,IN,Larry Cooper,5,,👍👍👍,2026-08-20T14:45:57.230Z,0,,https://play.google.com/store/apps/details?id=com.myntra.android&reviewId=ed5779b9-2796-4ae6-8188-3b1a7983e67f
9511a293-faf1-4373-a2d5-4d94f5bac85c,play_store,IN,The Lucky Zone,5,,myntra is best for shopping app,2026-08-20T14:43:06.629Z,0,4.2608.20,https://play.google.com/store/apps/details?id=com.myntra.android&reviewId=9511a293-faf1-4373-a2d5-4d94f5bac85c
72bca6c7-f2ba-430c-9ba7-ea9ad03b69d1,play_store,IN,Pravitha Babi,5,,Good product,2026-08-20T14:42:56.116Z,0,4.2604.20,https://play.google.com/store/apps/details?id=com.myntra.android&reviewId=72bca6c7-f2ba-430c-9ba7-ea9ad03b69d1
86c43649-e805-4f05-bc51-ce92e871da55,play_store,IN,Badal Singhania,5,,Good,2026-08-20T14:41:07.369Z,0,4.2608.20,https://play.google.com/store/apps/details?id=com.myntra.android&reviewId=86c43649-e805-4f05-bc51-ce92e871da55
b8c24803-af43-405f-b2a7-a2fa5faadd04,play_store,IN,Aratrika Karmakar,5,,nice,2026-08-20T14:40:52.335Z,0,4.2608.20,https://play.google.com/store/apps/details?id=com.myntra.android&reviewId=b8c24803-af43-405f-b2a7-a2fa5faadd04
4e3ed935-9185-4047-812a-c46778bc41b1,play_store,IN,Rohit Saha,5,,"For clothing accessories, myntra always comes on top ! Using around 5 years 🤩",2026-08-20T14:40:32.172Z,0,4.2607.32,https://play.google.com/store/apps/details?id=com.myntra.android&reviewId=4e3ed935-9185-4047-812a-c46778bc41b1
51f3b371-ed05-4819-a422-2e724176fed2,play_store,IN,Neeraj savlam,5,,interface is good and easy for use and great discount are available,2026-08-20T14:39:34.314Z,0,,https://play.google.com/store/apps/details?id=com.myntra.android&reviewId=51f3b371-ed05-4819-a422-2e724176fed2
006ea695-bf11-4749-a27d-45156035e63f,play_store,IN,Chitra Chitra udayakumar,5,,super t-shirt,2026-08-20T14:39:02.975Z,0,4.2607.43,https://play.google.com/store/apps/details?id=com.myntra.android&reviewId=006ea695-bf11-4749-a27d-45156035e63f
f4f59ce4-0efb-4107-ab68-2e58b407b77a,play_store,IN,Shivani Gokhale,5,,good,2026-08-20T14:37:50.239Z,0,4.2608.20,https://play.google.com/store/apps/details?id=com.myntra.android&reviewId=f4f59ce4-0efb-4107-ab68-2e58b407b77a
9c6986b8-e182-4a42-9ec1-b66c1722a256,play_store,IN,Bhushan Duggal,4,,good,2026-08-20T14:34:57.190Z,0,4.2608.20,https://play.google.com/store/apps/details?id=com.myntra.android&reviewId=9c6986b8-e182-4a42-9ec1-b66c1722a256
a1aabf27-24ae-4725-af7a-a2e62504b668,play_store,IN,Cockroach Janta Party,5,,good,2026-08-20T14:30:44.137Z,0,,https://play.google.com/store/apps/details?id=com.myntra.android&reviewId=a1aabf27-24ae-4725-af7a-a2e62504b668
573af40c-901e-4b1b-939e-4f1bdbc10ee8,play_store,IN,Bhupesh Singh,5,,good,2026-08-20T14:24:31.788Z,0,,https://play.google.com/store/apps/details?id=com.myntra.android&reviewId=573af40c-901e-4b1b-939e-4f1bdbc10ee8
63279f79-50cf-4144-9166-5032627a45f7,play_store,IN,seema sharma,5,,this app is very good very low pricing very fantastic product good product,2026-08-20T14:22:37.641Z,0,4.2608.20,https://play.google.com/store/apps/details?id=com.myntra.android&reviewId=63279f79-50cf-4144-9166-5032627a45f7
c073b98a-9e0e-4850-a092-211bd73af0b9,play_store,IN,Abhilash Reddy,1,,"worst app ever i used, don't install it waste of time , keeping on time delivery aside, first they won't even deliver the item.When I tried to raise complaints they won't even respond . The worst app don't ever install it and waste your time.If there is an option of zero rating,I would have given it",2026-08-20T14:22:09.522Z,0,4.2009.1,https://play.google.com/store/apps/details?id=com.myntra.android&reviewId=c073b98a-9e0e-4850-a092-211bd73af0b9
76b5cc73-c896-4ed0-93cc-1b4d2deedf3e,play_store,IN,Keerthana BS,5,,Very good ptoducts,2026-08-20T14:19:24.725Z,0,4.2607.43,https://play.google.com/store/apps/details?id=com.myntra.android&reviewId=76b5cc73-c896-4ed0-93cc-1b4d2deedf3e
c8251b9c-5a9e-4f7e-b0ee-634f5c41b034,play_store,IN,sadeen ansari,1,,not good,2026-08-20T14:16:58.628Z,0,4.2606.30,https://play.google.com/store/apps/details?id=com.myntra.android&reviewId=c8251b9c-5a9e-4f7e-b0ee-634f5c41b034
d0f67f8e-d3be-438d-a6f1-fe17d70e7565,play_store,IN,Riya Mathew,5,,quality clothings,2026-08-20T14:12:32.849Z,0,4.2608.20,https://play.google.com/store/apps/details?id=com.myntra.android&reviewId=d0f67f8e-d3be-438d-a6f1-fe17d70e7565
542ab01d-ef61-4a70-84dc-a29a0deb7504,play_store,IN,Mohini Mithbavkar,5,,the best shopping app ever,2026-08-20T14:09:21.141Z,0,4.2608.20,https://play.google.com/store/apps/details?id=com.myntra.android&reviewId=542ab01d-ef61-4a70-84dc-a29a0deb7504
92479bf4-34a0-4fb5-bbe3-ecc3754d5942,play_store,IN,Kajal Das,4,,very good app,2026-08-20T14:00:59.884Z,0,4.2608.20,https://play.google.com/store/apps/details?id=com.myntra.android&reviewId=92479bf4-34a0-4fb5-bbe3-ecc3754d5942
c42cc379-afa1-45ac-ae96-c9b35381d5c8,play_store,IN,Komal Yadav,5,,Always a great shopping experience,2026-08-20T13:57:43.103Z,0,,https://play.google.com/store/apps/details?id=com.myntra.android&reviewId=c42cc379-afa1-45ac-ae96-c9b35381d5c8
a2cb4356-ba6e-4400-bedb-53efcd9bd98f,play_store,IN,MANITEJA,5,,good delivery experience,2026-08-20T13:57:02.327Z,0,4.2608.20,https://play.google.com/store/apps/details?id=com.myntra.android&reviewId=a2cb4356-ba6e-4400-bedb-53efcd9bd98f
dfb5b344-948f-4a75-a45f-8a5ab5295b79,play_store,IN,Manju Prasad,5,,good,2026-08-20T13:53:44.759Z,0,4.2608.20,https://play.google.com/store/apps/details?id=com.myntra.android&reviewId=dfb5b344-948f-4a75-a45f-8a5ab5295b79
b91deb51-30e0-4a37-bdaf-5b52c72d9600,play_store,IN,Syed Fazal HAMEED,5,,awesome,2026-08-20T13:36:56.104Z,0,4.2608.20,https://play.google.com/store/apps/details?id=com.myntra.android&reviewId=b91deb51-30e0-4a37-bdaf-5b52c72d9600
413f5214-5ff6-4977-a516-e489002c036e,play_store,IN,HIREN PATEL,5,,good platform,2026-08-20T13:31:24.781Z,0,4.2607.43,https://play.google.com/store/apps/details?id=com.myntra.android&reviewId=413f5214-5ff6-4977-a516-e489002c036e
b7c525d3-1997-491b-8694-a277098dd46a,play_store,IN,Chandu Chandu,4,,good,2026-08-20T13:29:12.501Z,0,4.2607.43,https://play.google.com/store/apps/details?id=com.myntra.android&reviewId=b7c525d3-1997-491b-8694-a277098dd46a
5fe220f7-100f-42b2-bcf0-00537ab68ea6,play_store,IN,Undamatla Kiran,5,,excellent,2026-08-20T13:27:55.327Z,0,4.2607.43,https://play.google.com/store/apps/details?id=com.myntra.android&reviewId=5fe220f7-100f-42b2-bcf0-00537ab68ea6
a12b47a4-8abf-4f85-81cc-2b3df9399382,play_store,IN,Harsh Kumar,5,,to good 😊😊,2026-08-20T13:27:29.166Z,0,,https://play.google.com/store/apps/details?id=com.myntra.android&reviewId=a12b47a4-8abf-4f85-81cc-2b3df9399382
d4e5773e-074b-45ab-a396-3920cdc85c7f,play_store,IN,Sandhya Vallepu,5,,thank you 👍,2026-08-20T13:27:23.283Z,0,4.2608.20,https://play.google.com/store/apps/details?id=com.myntra.android&reviewId=d4e5773e-074b-45ab-a396-3920cdc85c7f
2103210b-220c-478e-9cc1-30c742290dcb,play_store,IN,Pramod Sawant,5,,it's very Nice useful fast delivery,2026-08-20T13:27:19.666Z,0,4.2607.43,https://play.google.com/store/apps/details?id=com.myntra.android&reviewId=2103210b-220c-478e-9cc1-30c742290dcb
c1cac2ee-fed2-4a01-9ec7-25fc74ed0032,play_store,IN,chethan BA,5,,good,2026-08-20T13:26:25.350Z,0,4.2607.43,https://play.google.com/store/apps/details?id=com.myntra.android&reviewId=c1cac2ee-fed2-4a01-9ec7-25fc74ed0032
baa37229-2871-4450-94de-4b2dde8655b6,play_store,IN,Neha Rana,5,,very good app,2026-08-20T13:26:24.599Z,0,4.2608.20,https://play.google.com/store/apps/details?id=com.myntra.android&reviewId=baa37229-2871-4450-94de-4b2dde8655b6
4475a78c-d5b7-4dfb-98fb-2ef9a9ea9b9f,play_store,IN,om prakash Mahiya,4,,best quality products,2026-08-20T13:24:51.758Z,0,4.2607.43,https://play.google.com/store/apps/details?id=com.myntra.android&reviewId=4475a78c-d5b7-4dfb-98fb-2ef9a9ea9b9f
7a1daf25-dc1f-41e8-8203-7814a57bfab0,play_store,IN,Parnav Maheshwari,5,,App par kapde ki quality bahut badiya h wo bhi affordable price m,2026-08-20T13:24:23.535Z,0,4.2608.20,https://play.google.com/store/apps/details?id=com.myntra.android&reviewId=7a1daf25-dc1f-41e8-8203-7814a57bfab0
39f06df9-b02d-4ebc-bd0a-d1fcbf06c516,play_store,IN,sakshi sambhaji,5,,good,2026-08-20T13:23:05.476Z,0,4.2607.43,https://play.google.com/store/apps/details?id=com.myntra.android&reviewId=39f06df9-b02d-4ebc-bd0a-d1fcbf06c516
eea5b649-6c7d-42d6-93aa-e6084ea0a38a,play_store,IN,Priyanka Rathod,5,,my experience is very good...... best quality of clothes ever....... delivery is also on time...........,2026-08-20T13:22:28.426Z,0,4.2607.32,https://play.google.com/store/apps/details?id=com.myntra.android&reviewId=eea5b649-6c7d-42d6-93aa-e6084ea0a38a
d777a19e-0290-4bec-8364-872b1f4fdb59,play_store,IN,Kalp Vohera,4,,good collection good service by Myntra,2026-08-20T13:21:16.608Z,0,4.2608.20,https://play.google.com/store/apps/details?id=com.myntra.android&reviewId=d777a19e-0290-4bec-8364-872b1f4fdb59
38a8667e-8f23-4416-8800-b973f1a68158,play_store,IN,Lhaineichong Khongsai,4,,genuine product with best offer,2026-08-20T13:19:09.143Z,0,4.2608.20,https://play.google.com/store/apps/details?id=com.myntra.android&reviewId=38a8667e-8f23-4416-8800-b973f1a68158
908c89ee-7719-46e1-a29b-a362d5b4dd60,play_store,IN,Esrat Jahan,5,,very good myntra aap. received in a good product 😀💯 & good quality 😁👍👍 I'm very happy 😁☺️☺️,2026-08-20T13:17:58.915Z,0,4.2608.20,https://play.google.com/store/apps/details?id=com.myntra.android&reviewId=908c89ee-7719-46e1-a29b-a362d5b4dd60
9bb675e6-aa1e-4663-bcb3-3e80db2521fb,play_store,IN,Rupali Pandit,5,,Great!!!,2026-08-20T13:17:30.243Z,0,4.2608.20,https://play.google.com/store/apps/details?id=com.myntra.android&reviewId=9bb675e6-aa1e-4663-bcb3-3e80db2521fb
1a032087-0a0c-4582-81bf-7745bca1a6d8,play_store,IN,Priya Kumari,5,,it is a good product,2026-08-20T13:17:05.468Z,0,4.2606.31,https://play.google.com/store/apps/details?id=com.myntra.android&reviewId=1a032087-0a0c-4582-81bf-7745bca1a6d8
4eeb5092-46b9-42b7-87e7-4428d0db9de5,play_store,IN,Nishmal Fernandes,5,,good,2026-08-20T13:09:33.251Z,0,4.2608.20,https://play.google.com/store/apps/details?id=com.myntra.android&reviewId=4eeb5092-46b9-42b7-87e7-4428d0db9de5
5fb74d4a-7466-4b54-b84f-ef896ca835e6,play_store,IN,Shiv Singh,5,,very good 💯😊,2026-08-20T13:02:25.400Z,0,4.2607.11,https://play.google.com/store/apps/details?id=com.myntra.android&reviewId=5fb74d4a-7466-4b54-b84f-ef896ca835e6
8fd23793-f019-4dab-8cdd-f9b0d3a6b17b,play_store,IN,Mhao Ovung,5,,Amazing app. Good thing about myntra is that the products are always genuine .,2026-08-20T12:55:47.861Z,0,4.2607.43,https://play.google.com/store/apps/details?id=com.myntra.android&reviewId=8fd23793-f019-4dab-8cdd-f9b0d3a6b17b
5d5c8de0-e6d4-4bc2-8412-bd3aca485e6d,play_store,IN,Pooja Nadekar,5,,nice app,2026-08-20T12:55:18.304Z,0,4.2608.20,https://play.google.com/store/apps/details?id=com.myntra.android&reviewId=5d5c8de0-e6d4-4bc2-8412-bd3aca485e6d
27662a4f-ac65-4a85-ad82-dd53d4e2cd73,play_store,IN,Diksha Yadav,5,,"sometimes order get cancelled on its own, bt other things are best inthis app👌👌",2026-08-20T12:54:14.522Z,0,4.2608.20,https://play.google.com/store/apps/details?id=com.myntra.android&reviewId=27662a4f-ac65-4a85-ad82-dd53d4e2cd73
b322aee7-58e6-4d3e-81e4-522d07e7154d,play_store,IN,Chakkanianji Yadav,5,,very good app,2026-08-20T12:52:13.695Z,0,4.2607.32,https://play.google.com/store/apps/details?id=com.myntra.android&reviewId=b322aee7-58e6-4d3e-81e4-522d07e7154d
331bac0a-c79b-471b-8e1b-f032caf07294,play_store,IN,SALLANGULA NAVANEETHA,5,,Best app for affordable prices,2026-08-20T12:52:00.758Z,0,,https://play.google.com/store/apps/details?id=com.myntra.android&reviewId=331bac0a-c79b-471b-8e1b-f032caf07294
db3a6d96-71fe-46d6-9fc4-cf3646d03dfa,play_store,IN,Fakhera Fatima,5,,too good,2026-08-20T12:51:48.329Z,0,4.2608.20,https://play.google.com/store/apps/details?id=com.myntra.android&reviewId=db3a6d96-71fe-46d6-9fc4-cf3646d03dfa
8ad28731-13f2-4c9c-855a-71463c593a95,play_store,IN,Vinita Deora,5,,comfortable and easy process to order.return and exchange is trustable and done quickly,2026-08-20T12:46:25.589Z,0,4.2607.43,https://play.google.com/store/apps/details?id=com.myntra.android&reviewId=8ad28731-13f2-4c9c-855a-71463c593a95
fc8b07dd-ea12-4969-8d84-509b79630863,play_store,IN,Happy Happy baby,5,,ok,2026-08-20T12:45:21.370Z,0,4.2607.43,https://play.google.com/store/apps/details?id=com.myntra.android&reviewId=fc8b07dd-ea12-4969-8d84-509b79630863
ed190f6f-c61b-413b-a65c-9a1029a26d17,play_store,IN,Dhruv Bhavsar,5,,one thing I like this app is delivery is done before the mentioned date,2026-08-20T12:43:47.802Z,0,,https://play.google.com/store/apps/details?id=com.myntra.android&reviewId=ed190f6f-c61b-413b-a65c-9a1029a26d17
a5cc06c5-5bd7-4575-a77e-e63e3d7d3e5b,play_store,IN,Kalinda Kakde,5,,very good even 👌 👏,2026-08-20T12:40:44.360Z,0,,https://play.google.com/store/apps/details?id=com.myntra.android&reviewId=a5cc06c5-5bd7-4575-a77e-e63e3d7d3e5b
262d0f33-a70b-4073-b264-aa1d4d083abe,play_store,IN,Neeru Goyal,5,,nice,2026-08-20T12:37:00.992Z,0,4.2608.20,https://play.google.com/store/apps/details?id=com.myntra.android&reviewId=262d0f33-a70b-4073-b264-aa1d4d083abe
cce1bccb-b369-4eae-9178-d518eb3c1a7b,play_store,IN,Simranjeet Kaur,5,,bhout he acha app hai sare product bhout he ache aate hai❤️🫀,2026-08-20T12:33:46.251Z,0,4.2606.31,https://play.google.com/store/apps/details?id=com.myntra.android&reviewId=cce1bccb-b369-4eae-9178-d518eb3c1a7b
c2d53d77-f6a8-4bcb-b1ec-7af6cfd35930,play_store,IN,Divya Dharshini,5,,good,2026-08-20T12:31:47.982Z,0,4.2606.31,https://play.google.com/store/apps/details?id=com.myntra.android&reviewId=c2d53d77-f6a8-4bcb-b1ec-7af6cfd35930
19e3b9c4-18fc-4f08-aa6d-5b4cde0d9f20,play_store,IN,BERNICE ANN GEORGE,1,,expirencing the worst delayy.....my 1st order was cancelled. my 2nd order is now delayed for like 2 weeks....so overall a bad experience...,2026-08-20T12:31:40.445Z,0,,https://play.google.com/store/apps/details?id=com.myntra.android&reviewId=19e3b9c4-18fc-4f08-aa6d-5b4cde0d9f20
78dc84c6-744b-4905-a7f4-9cd25e0ebb12,play_store,IN,Shahid Shaikh Shaikh,5,,good,2026-08-20T12:31:36.162Z,0,4.2608.20,https://play.google.com/store/apps/details?id=com.myntra.android&reviewId=78dc84c6-744b-4905-a7f4-9cd25e0ebb12
78c2e575-1e2b-4070-bf1c-1d4f70fb4ff6,play_store,IN,ReNu RAna,1,,"I placed an order for a Titan watch and subsequently requested an exchange for a Titan Raga watch, which has not yet been delivered. The delivery status indicates ""failed,"" despite no attempt at delivery being made. Could you please provide an estimated delivery date? It has been over 15 days since the order was placed, and I have not received a response to my previous inquiries. This item was intended as a gift, and the current situation is causing considerable concern.",2026-08-20T12:28:07.151Z,0,4.2608.20,https://play.google.com/store/apps/details?id=com.myntra.android&reviewId=78c2e575-1e2b-4070-bf1c-1d4f70fb4ff6
9094cae6-e3d5-44e6-a5fc-cc382962e199,play_store,IN,Ramareddy Shivanagundi,5,,Easy and honest!,2026-08-20T12:24:02.240Z,0,4.2604.10,https://play.google.com/store/apps/details?id=com.myntra.android&reviewId=9094cae6-e3d5-44e6-a5fc-cc382962e199
0215fbe2-17c5-4f7d-b6ec-f6ca7137af4b,play_store,IN,Ashok Bhale,5,,very fast delivery,2026-08-20T12:22:04.644Z,0,4.2608.20,https://play.google.com/store/apps/details?id=com.myntra.android&reviewId=0215fbe2-17c5-4f7d-b6ec-f6ca7137af4b
9c436e07-cdf7-4fa8-a669-ade9ded0a20b,play_store,IN,DARSHAN GC,1,,they don't respond or solve our issues once after they deliver the product...very careless,2026-08-20T12:16:22.249Z,0,4.2608.20,https://play.google.com/store/apps/details?id=com.myntra.android&reviewId=9c436e07-cdf7-4fa8-a669-ade9ded0a20b
8a39ba95-cd95-474b-acf5-42c008488d16,play_store,IN,Deepika Singh,5,,It always provide variety of products and of good quality.,2026-08-20T12:12:23.800Z,0,4.2608.20,https://play.google.com/store/apps/details?id=com.myntra.android&reviewId=8a39ba95-cd95-474b-acf5-42c008488d16
90d914f0-3776-4376-a0a7-adf5ceebca39,play_store,IN,Jaya Veena,5,,myntra always good hassel free shopping and returns also,2026-08-20T12:09:24.101Z,0,4.2607.32,https://play.google.com/store/apps/details?id=com.myntra.android&reviewId=90d914f0-3776-4376-a0a7-adf5ceebca39
d9ab5ad6-09d4-4ae5-a7fe-b86030a58179,play_store,IN,Nishu Agrawal,5,,nice experience,2026-08-20T12:08:17.608Z,0,4.2608.20,https://play.google.com/store/apps/details?id=com.myntra.android&reviewId=d9ab5ad6-09d4-4ae5-a7fe-b86030a58179
a3a974bd-7e85-4e39-ba04-428a85b88469,play_store,IN,Sandeep Varma,5,,Nice Product,2026-08-20T12:05:11.290Z,0,,https://play.google.com/store/apps/details?id=com.myntra.android&reviewId=a3a974bd-7e85-4e39-ba04-428a85b88469
6506f118-ffc8-48ac-801d-ee33c078187b,play_store,IN,Pragathish R,4,,wonderful experience,2026-08-20T12:04:00.176Z,0,4.2608.20,https://play.google.com/store/apps/details?id=com.myntra.android&reviewId=6506f118-ffc8-48ac-801d-ee33c078187b
2c76ed3d-b854-4842-8942-4c0a9c95a459,play_store,IN,Snehalata Behera,5,,Easy to use,2026-08-20T12:00:34.430Z,0,,https://play.google.com/store/apps/details?id=com.myntra.android&reviewId=2c76ed3d-b854-4842-8942-4c0a9c95a459
9552e42a-ad64-4343-a3c4-22aba8a26bab,play_store,IN,Neha Samal,5,,really helpful,2026-08-20T11:59:55.945Z,0,4.2607.43,https://play.google.com/store/apps/details?id=com.myntra.android&reviewId=9552e42a-ad64-4343-a3c4-22aba8a26bab
d115c4f5-45c8-4456-832d-64a903e835d3,play_store,IN,Shreya Verma,5,,good,2026-08-20T11:59:11.874Z,0,,https://play.google.com/store/apps/details?id=com.myntra.android&reviewId=d115c4f5-45c8-4456-832d-64a903e835d3
f5e6e9d5-9b3c-46a0-bba0-8542b6ce5183,play_store,IN,Swati Mishra,5,,good,2026-08-20T11:57:56.146Z,0,4.2607.43,https://play.google.com/store/apps/details?id=com.myntra.android&reviewId=f5e6e9d5-9b3c-46a0-bba0-8542b6ce5183
aa97371d-284a-4bb3-bc68-2c5be13f39b7,play_store,IN,Shanwaz Ali,5,,Good,2026-08-20T11:56:55.448Z,0,,https://play.google.com/store/apps/details?id=com.myntra.android&reviewId=aa97371d-284a-4bb3-bc68-2c5be13f39b7
dd4f5e00-9ff0-44e8-9f80-fa03abd81193,play_store,IN,Dr. Niilesh N. Thakkaar,5,,excellent,2026-08-20T11:55:51.582Z,0,4.2608.20,https://play.google.com/store/apps/details?id=com.myntra.android&reviewId=dd4f5e00-9ff0-44e8-9f80-fa03abd81193
1eff94d9-f4ad-44bb-ba0c-b217a8dc1713,play_store,IN,Varun Saini,5,,useful app & best quality product,2026-08-20T11:55:46.752Z,0,,https://play.google.com/store/apps/details?id=com.myntra.android&reviewId=1eff94d9-f4ad-44bb-ba0c-b217a8dc1713
6307d949-82e4-474d-8897-e0872074a78d,play_store,IN,BHASKAR idealway,1,,"Myntra has a really disappointing service. They often fail to deliver orders on time, and the customer service experience is also extremely poor and frustrating. I would strongly recommend thinking twice before purchasing from Myntra. Customers deserve timely delivery and proper support, but unfortunately, my experience has been very disappointing. Very poor service and customer experience.",2026-08-20T11:55:13.976Z,0,4.2608.20,https://play.google.com/store/apps/details?id=com.myntra.android&reviewId=6307d949-82e4-474d-8897-e0872074a78d
82340e35-7ea5-4f34-8176-ba81e4a18e86,play_store,IN,Saddu 09,5,,very good product,2026-08-20T11:53:13.384Z,0,,https://play.google.com/store/apps/details?id=com.myntra.android&reviewId=82340e35-7ea5-4f34-8176-ba81e4a18e86
c89eb6bf-38cc-48a0-928c-20400f9d00ff,play_store,IN,Krishna Joshi,5,,very nice,2026-08-20T11:52:44.342Z,0,4.2608.20,https://play.google.com/store/apps/details?id=com.myntra.android&reviewId=c89eb6bf-38cc-48a0-928c-20400f9d00ff
07e241e1-1874-4387-97ac-14f5c1442791,play_store,IN,Krishna Bhati,5,,better than the best quality,2026-08-20T11:52:03.215Z,0,4.2607.43,https://play.google.com/store/apps/details?id=com.myntra.android&reviewId=07e241e1-1874-4387-97ac-14f5c1442791
3b128a16-c5ea-4e10-bdef-e6d827a2cd9e,play_store,IN,Funky World 2.0,5,,godd experience with myntra,2026-08-20T11:51:38.185Z,0,4.2608.20,https://play.google.com/store/apps/details?id=com.myntra.android&reviewId=3b128a16-c5ea-4e10-bdef-e6d827a2cd9e
8c5be8d6-5772-4e7c-9bdd-f3d89ed68d82,play_store,IN,Bunny Sallangula,5,,"This app shows us the budget friendly clothes with more discounts for the new users,I have bought so many ethnic wears from this app.It helps many people in buying the fashion at affordable prices",2026-08-20T11:50:59.920Z,0,,https://play.google.com/store/apps/details?id=com.myntra.android&reviewId=8c5be8d6-5772-4e7c-9bdd-f3d89ed68d82
af50c28a-ffe3-4c18-90c4-5d2603d7e686,play_store,IN,Ruchi Chaturvedi,5,,"yaah when I ordered something form this platform,I had never disappointed ,,nd so happy to use it",2026-08-20T11:48:12.342Z,0,4.2607.43,https://play.google.com/store/apps/details?id=com.myntra.android&reviewId=af50c28a-ffe3-4c18-90c4-5d2603d7e686
e1721b51-e84a-47bf-ac10-c44d27bc32b4,play_store,IN,Manan Sethiya,5,,clothing quality good,2026-08-20T11:46:26.930Z,0,4.2608.20,https://play.google.com/store/apps/details?id=com.myntra.android&reviewId=e1721b51-e84a-47bf-ac10-c44d27bc32b4
d17abd38-4256-45ad-97a3-e459a38e2417,play_store,IN,Parendra Reang,4,,good,2026-08-20T11:44:49.441Z,0,4.2608.20,https://play.google.com/store/apps/details?id=com.myntra.android&reviewId=d17abd38-4256-45ad-97a3-e459a38e2417
940d64e1-cf4d-40a7-bb4c-a9a36dc54c0e,play_store,IN,Purabi Gogoi,5,,best fashion app in affordable rates,2026-08-20T11:41:58.235Z,0,4.2608.20,https://play.google.com/store/apps/details?id=com.myntra.android&reviewId=940d64e1-cf4d-40a7-bb4c-a9a36dc54c0e
4594b72a-8790-46d4-9576-89c8e0794dd0,play_store,IN,Roshni Singh,2,,its amazing always 🥰,2026-08-20T11:41:26.744Z,0,4.2608.20,https://play.google.com/store/apps/details?id=com.myntra.android&reviewId=4594b72a-8790-46d4-9576-89c8e0794dd0
eb888744-650a-49cf-9a6e-1061b243c33d,play_store,IN,Shanu Priya,5,,Good quality product,2026-08-20T11:40:26.371Z,0,4.2606.11,https://play.google.com/store/apps/details?id=com.myntra.android&reviewId=eb888744-650a-49cf-9a6e-1061b243c33d
ede2e205-0198-4bab-8709-83075229f8ac,play_store,IN,Sanket Duhan,4,,nice app,2026-08-20T11:36:48.273Z,0,4.2607.43,https://play.google.com/store/apps/details?id=com.myntra.android&reviewId=ede2e205-0198-4bab-8709-83075229f8ac
5d14da7c-1175-474d-be81-ab261dbd4b11,play_store,IN,Anurag Dubey,5,,nice product,2026-08-20T11:35:32.880Z,0,4.2606.31,https://play.google.com/store/apps/details?id=com.myntra.android&reviewId=5d14da7c-1175-474d-be81-ab261dbd4b11
1c6eb04b-fd19-45b1-b4ab-c6dcf2939ee3,play_store,IN,Akif Khan,5,,best app for clothes,2026-08-20T11:27:31.676Z,0,,https://play.google.com/store/apps/details?id=com.myntra.android&reviewId=1c6eb04b-fd19-45b1-b4ab-c6dcf2939ee3
764338ff-e0a3-449a-99b4-8554dd72e47d,play_store,IN,Katara 123,5,,Nice app for shopping,2026-08-20T11:25:39.753Z,0,,https://play.google.com/store/apps/details?id=com.myntra.android&reviewId=764338ff-e0a3-449a-99b4-8554dd72e47d
45e12eb3-9234-4b9d-86b1-7692201bc5ce,play_store,IN,Neelam venkata sudheer,5,,good,2026-08-20T11:23:05.313Z,0,4.2608.20,https://play.google.com/store/apps/details?id=com.myntra.android&reviewId=45e12eb3-9234-4b9d-86b1-7692201bc5ce
613693af-441a-40a1-ad00-b4fa97b83d92,play_store,IN,Vanii Sharma,5,,it's best app and absolutely better,2026-08-20T11:22:59.786Z,0,4.2607.43,https://play.google.com/store/apps/details?id=com.myntra.android&reviewId=613693af-441a-40a1-ad00-b4fa97b83d92
a25eb3b0-dc7f-4f83-ac97-ca3ccf63afc1,play_store,IN,Debasmita Dey,1,,idk what is happening but when I am trying to reach custom care repetead timing they are not answering. very bad custom care services,2026-08-20T11:19:25.155Z,0,4.2608.20,https://play.google.com/store/apps/details?id=com.myntra.android&reviewId=a25eb3b0-dc7f-4f83-ac97-ca3ccf63afc1
47fb851b-1af3-450f-8244-47a80992f4cb,play_store,IN,Sameer Samim,5,,good 👍,2026-08-20T11:17:21.888Z,0,4.2607.43,https://play.google.com/store/apps/details?id=com.myntra.android&reviewId=47fb851b-1af3-450f-8244-47a80992f4cb
2810e2b5-7210-4509-ab44-e13100ddfba1,play_store,IN,Shalintadevi Kanojiya,5,,bohot accha experience delivery bhi bohot jaldi de dete hai aurquality bhiast,2026-08-20T11:16:30.383Z,0,4.2606.31,https://play.google.com/store/apps/details?id=com.myntra.android&reviewId=2810e2b5-7210-4509-ab44-e13100ddfba1
706f3a91-f2bb-469e-a6f6-55e7c13a8b19,play_store,IN,Riya Das gupta,5,,excellent app 😃👍🏻,2026-08-20T11:11:55.418Z,0,4.2608.20,https://play.google.com/store/apps/details?id=com.myntra.android&reviewId=706f3a91-f2bb-469e-a6f6-55e7c13a8b19
ccc45f57-a42a-4e8e-b398-76a8f8f890b4,play_store,IN,Pratibha Patil,5,,best product,2026-08-20T11:10:12.479Z,0,4.2608.20,https://play.google.com/store/apps/details?id=com.myntra.android&reviewId=ccc45f57-a42a-4e8e-b398-76a8f8f890b4
b3776360-8158-4158-b0f2-8a4d24aa5c29,play_store,IN,Shailendra Yadav,5,,best quality and orginal product this app,2026-08-20T11:09:33.349Z,0,4.2607.43,https://play.google.com/store/apps/details?id=com.myntra.android&reviewId=b3776360-8158-4158-b0f2-8a4d24aa5c29
bed462e8-7705-4082-8d24-08dfd25020bf,play_store,IN,Sanju Sanju,1,,bad experience they send me a bad quality product,2026-08-20T11:08:56.167Z,0,4.2607.43,https://play.google.com/store/apps/details?id=com.myntra.android&reviewId=bed462e8-7705-4082-8d24-08dfd25020bf
0baa397e-93d7-4e76-8746-be6ed391334c,play_store,IN,Dharani Koyyana,5,,Happy Customer,2026-08-20T11:06:28.993Z,0,4.2607.43,https://play.google.com/store/apps/details?id=com.myntra.android&reviewId=0baa397e-93d7-4e76-8746-be6ed391334c
f48f7546-ac85-4a9d-a39f-369ee82a40d5,play_store,IN,Srivalli Prakash,5,,super offers,2026-08-20T11:06:16.981Z,0,4.2607.43,https://play.google.com/store/apps/details?id=com.myntra.android&reviewId=f48f7546-ac85-4a9d-a39f-369ee82a40d5
4d3888e6-454d-42fb-83f7-e3f199f05a6e,play_store,IN,Anandi kumari,5,,"fashion and lifestyle app, featuring over 3,500 brands, AI-based styling tools, and fast delivery options. It turns your phone into a complete digital clothing store✨",2026-08-20T11:06:12.366Z,1,4.2608.20,https://play.google.com/store/apps/details?id=com.myntra.android&reviewId=4d3888e6-454d-42fb-83f7-e3f199f05a6e
ec30b9e1-2ae6-4b05-86c8-900ebbc18a69,play_store,IN,Shilpi Kumari,5,,bahut acha App h shopping ke liye,2026-08-20T11:02:51.398Z,0,4.2608.20,https://play.google.com/store/apps/details?id=com.myntra.android&reviewId=ec30b9e1-2ae6-4b05-86c8-900ebbc18a69
9a6eff0d-ab15-4d90-b539-c76ac5351282,play_store,IN,Rubina,5,,product is very good quality and color is not fade by wash comfortable cloth on myntra i love it.,2026-08-20T11:00:13.424Z,0,4.2608.20,https://play.google.com/store/apps/details?id=com.myntra.android&reviewId=9a6eff0d-ab15-4d90-b539-c76ac5351282
e3de8d06-af61-4ac9-b3b3-dca821503669,play_store,IN,Deena kumari Kustapuram,5,,quality is very good worth for moneyy,2026-08-20T10:48:04.705Z,0,4.2608.20,https://play.google.com/store/apps/details?id=com.myntra.android&reviewId=e3de8d06-af61-4ac9-b3b3-dca821503669
c8d627e0-b5ea-4a0c-a85f-0467f1af1a65,play_store,IN,Diptimayee parida,5,,All products are good as shown in the pictures.,2026-08-20T10:46:48.335Z,0,4.2608.20,https://play.google.com/store/apps/details?id=com.myntra.android&reviewId=c8d627e0-b5ea-4a0c-a85f-0467f1af1a65
8510d204-3cd0-4adb-8c68-d974241801dc,play_store,IN,Akshit Chandak,5,,best app,2026-08-20T10:44:28.648Z,0,4.2605.21,https://play.google.com/store/apps/details?id=com.myntra.android&reviewId=8510d204-3cd0-4adb-8c68-d974241801dc
cf0e4345-a0f7-4bb0-a9b0-1b6bdaddc0d7,play_store,IN,Shweta Parmar (Sonali jethva),5,,It was awesome product...,2026-08-20T10:43:34.839Z,0,4.2606.31,https://play.google.com/store/apps/details?id=com.myntra.android&reviewId=cf0e4345-a0f7-4bb0-a9b0-1b6bdaddc0d7
499a496a-ff6a-4483-83d8-b023ffba75be,play_store,IN,Dtygf Ftyy,5,,very good application,2026-08-20T10:43:06.463Z,0,4.2607.43,https://play.google.com/store/apps/details?id=com.myntra.android&reviewId=499a496a-ff6a-4483-83d8-b023ffba75be
d2154442-e5b8-44a4-b2f3-677d0153ac81,play_store,IN,Nidhi Khandelwal,4,,nice,2026-08-20T10:42:56.433Z,0,4.2606.31,https://play.google.com/store/apps/details?id=com.myntra.android&reviewId=d2154442-e5b8-44a4-b2f3-677d0153ac81
1db9ed8c-2b35-4474-8259-88beb04da23a,play_store,IN,Sanjay Kumar,5,,Good,2026-08-20T10:42:11.423Z,0,4.2608.20,https://play.google.com/store/apps/details?id=com.myntra.android&reviewId=1db9ed8c-2b35-4474-8259-88beb04da23a
a9597556-c947-404b-b301-e00845e6424c,play_store,IN,Aman Singh,5,,nice app,2026-08-20T10:40:44.811Z,0,4.2607.43,https://play.google.com/store/apps/details?id=com.myntra.android&reviewId=a9597556-c947-404b-b301-e00845e6424c
61bf9221-ef01-498d-bccc-f02b8c7dccd9,play_store,IN,Lakshman Sykam,1,,why I cant see my order,2026-08-20T10:40:01.346Z,0,4.2508.20,https://play.google.com/store/apps/details?id=com.myntra.android&reviewId=61bf9221-ef01-498d-bccc-f02b8c7dccd9
39488ea4-f5de-409e-831c-581b15079fb4,play_store,IN,Vini Jain,5,,nice 👍 like it,2026-08-20T10:36:35.640Z,0,4.2608.20,https://play.google.com/store/apps/details?id=com.myntra.android&reviewId=39488ea4-f5de-409e-831c-581b15079fb4
77d53018-5bb4-4505-9fab-191c75514988,play_store,IN,Ayan Adhikary,5,,good 👍,2026-08-20T10:28:06.291Z,0,4.2608.20,https://play.google.com/store/apps/details?id=com.myntra.android&reviewId=77d53018-5bb4-4505-9fab-191c75514988
9f1ef8d5-d90f-485c-886f-8f26186fda1c,play_store,IN,ATANU Das,4,,nice app,2026-08-20T10:26:24.382Z,0,,https://play.google.com/store/apps/details?id=com.myntra.android&reviewId=9f1ef8d5-d90f-485c-886f-8f26186fda1c
579ba608-3b8e-4a5b-90f6-ed58a26bf32c,play_store,IN,Subash Krishnan,1,,A worst ever shopping portal India could have,2026-08-20T10:25:05.966Z,0,4.2608.20,https://play.google.com/store/apps/details?id=com.myntra.android&reviewId=579ba608-3b8e-4a5b-90f6-ed58a26bf32c
5a41f764-f431-44c3-ab42-baca0bd97fad,play_store,IN,Renu Shakya,1,,A very low quality app a order is pending from 1 month,2026-08-20T10:24:45.914Z,0,4.2608.20,https://play.google.com/store/apps/details?id=com.myntra.android&reviewId=5a41f764-f431-44c3-ab42-baca0bd97fad
a67fe71c-a6de-4c33-bb47-d2b5f568737f,play_store,IN,Indu Vishwakarma,1,,"if I find perfect size dress so the price is if the price is low but not finding feeting , it was very poor",2026-08-20T10:19:38.550Z,0,,https://play.google.com/store/apps/details?id=com.myntra.android&reviewId=a67fe71c-a6de-4c33-bb47-d2b5f568737f
ed900305-812a-46a0-8567-af53486de60a,play_store,IN,Seema Devi,5,,good App,2026-08-20T10:17:40.974Z,0,4.2608.20,https://play.google.com/store/apps/details?id=com.myntra.android&reviewId=ed900305-812a-46a0-8567-af53486de60a
e849bf09-580e-42ed-b03a-6d65d56bba1d,play_store,IN,Krish Gadiya,5,,good,2026-08-20T10:17:39.816Z,0,4.2607.43,https://play.google.com/store/apps/details?id=com.myntra.android&reviewId=e849bf09-580e-42ed-b03a-6d65d56bba1d
368b5adc-714a-4dda-a62a-9d77617aed46,play_store,IN,Nishu Arora,4,,overall good app for clothing.,2026-08-20T10:14:48.850Z,0,,https://play.google.com/store/apps/details?id=com.myntra.android&reviewId=368b5adc-714a-4dda-a62a-9d77617aed46
9cc7bfcf-c8bc-4b3a-9b07-298884230345,play_store,IN,Gazala Qureshi,5,,👍,2026-08-20T10:12:13.740Z,0,4.2607.11,https://play.google.com/store/apps/details?id=com.myntra.android&reviewId=9cc7bfcf-c8bc-4b3a-9b07-298884230345
8766801d-291b-4ec1-aed4-a5da15315cda,play_store,IN,Lakshmi krishnan kutty,1,,"horrible customer service , even if you are so called "" insider "" customer",2026-08-20T10:08:36.938Z,0,4.2608.20,https://play.google.com/store/apps/details?id=com.myntra.android&reviewId=8766801d-291b-4ec1-aed4-a5da15315cda
8758e900-1774-4983-a21c-098b79efc25d,play_store,IN,Abhinav Singh,5,,my order is very goodly delivered and fast,2026-08-20T10:07:11.741Z,0,,https://play.google.com/store/apps/details?id=com.myntra.android&reviewId=8758e900-1774-4983-a21c-098b79efc25d
6db29649-8af4-46cb-9b16-3f1da450fcc1,play_store,IN,Tasveer Kumar,5,,"Good deliver, Best behaviour,",2026-08-20T10:06:33.431Z,0,4.2607.43,https://play.google.com/store/apps/details?id=com.myntra.android&reviewId=6db29649-8af4-46cb-9b16-3f1da450fcc1
dc47839d-87e9-4c4b-b1c9-f58937004771,play_store,IN,Harish Goud Boyapally,5,,good quality,2026-08-20T10:03:33.705Z,0,,https://play.google.com/store/apps/details?id=com.myntra.android&reviewId=dc47839d-87e9-4c4b-b1c9-f58937004771
fbf6b7de-174d-45ba-abb6-51242c6f2930,play_store,IN,Khushi Bedi,5,,very nice affordable price 😃,2026-08-20T09:59:46.560Z,0,4.2607.43,https://play.google.com/store/apps/details?id=com.myntra.android&reviewId=fbf6b7de-174d-45ba-abb6-51242c6f2930
b0d6f357-3900-4ffc-90ce-f2f3d5562d79,play_store,IN,vimla kumari,5,,best experience,2026-08-20T09:53:19.428Z,0,4.2608.20,https://play.google.com/store/apps/details?id=com.myntra.android&reviewId=b0d6f357-3900-4ffc-90ce-f2f3d5562d79
16202e54-d27e-40fb-a454-a59513687255,play_store,IN,Abida Sadiol,5,,good service,2026-08-20T09:53:17.545Z,0,4.2607.32,https://play.google.com/store/apps/details?id=com.myntra.android&reviewId=16202e54-d27e-40fb-a454-a59513687255
279a549d-f5b2-4068-9fb6-5f531f5a2f44,play_store,IN,Ayush Kumar,5,,nice,2026-08-20T09:51:57.431Z,0,4.2606.31,https://play.google.com/store/apps/details?id=com.myntra.android&reviewId=279a549d-f5b2-4068-9fb6-5f531f5a2f44
e220dfef-4429-41c3-887a-9a950b28e28e,play_store,IN,Virendra Yadav,3,,theek,2026-08-20T09:51:09.418Z,0,,https://play.google.com/store/apps/details?id=com.myntra.android&reviewId=e220dfef-4429-41c3-887a-9a950b28e28e
0024476f-be87-44b0-b985-edc4ba824a90,play_store,IN,Pratikshya Pratisruti,5,,superb,2026-08-20T09:50:51.831Z,0,,https://play.google.com/store/apps/details?id=com.myntra.android&reviewId=0024476f-be87-44b0-b985-edc4ba824a90
30a023a6-8025-4cc8-a813-7c7aa8418fcf,play_store,IN,Jyotirmayee Sahu,1,,"poor delivery, always delayed ,products are good but never reach on time. whenever we need something it's delayed delivery 😑. having very poor experience with this.",2026-08-20T09:47:00.115Z,0,4.2506.10,https://play.google.com/store/apps/details?id=com.myntra.android&reviewId=30a023a6-8025-4cc8-a813-7c7aa8418fcf
19318859-526f-4a47-a1e8-746ac4153ce5,play_store,IN,MANOJ KUMAR DAS,5,,EXCELLENT,2026-08-20T09:46:52.427Z,0,4.2607.11,https://play.google.com/store/apps/details?id=com.myntra.android&reviewId=19318859-526f-4a47-a1e8-746ac4153ce5
79b5c8df-f4a3-4e61-9fdb-09f447329031,play_store,IN,Urmi Chakravarti,5,,lovely,2026-08-20T09:45:34.788Z,0,4.2608.20,https://play.google.com/store/apps/details?id=com.myntra.android&reviewId=79b5c8df-f4a3-4e61-9fdb-09f447329031
789908ee-e960-4653-8aa5-8c8e74f00241,play_store,IN,Priyanka Goswami,5,,very nice product 👌,2026-08-20T09:44:51.766Z,0,4.2608.20,https://play.google.com/store/apps/details?id=com.myntra.android&reviewId=789908ee-e960-4653-8aa5-8c8e74f00241
223c82da-440f-45a9-9cc6-5e0d2c4d9169,play_store,IN,sourabh Anand,5,,grt app,2026-08-20T09:44:30.162Z,0,4.2608.20,https://play.google.com/store/apps/details?id=com.myntra.android&reviewId=223c82da-440f-45a9-9cc6-5e0d2c4d9169
d1943c6b-739d-4e61-ac1b-e1a64ae6e14b,play_store,IN,Farshasherin Farshasherin,5,,super,2026-08-20T09:43:55.677Z,0,4.2607.43,https://play.google.com/store/apps/details?id=com.myntra.android&reviewId=d1943c6b-739d-4e61-ac1b-e1a64ae6e14b
78e1ab09-a812-4e40-925f-7f86d6775a06,play_store,IN,AKASH KUMAR,5,,good item,2026-08-20T09:43:32.720Z,0,4.2608.20,https://play.google.com/store/apps/details?id=com.myntra.android&reviewId=78e1ab09-a812-4e40-925f-7f86d6775a06
15cb0229-6aca-41ee-baee-51d5881c12ab,play_store,IN,Sanjay Kumar,5,,very best prouduct,2026-08-20T09:40:00.664Z,0,4.2608.20,https://play.google.com/store/apps/details?id=com.myntra.android&reviewId=15cb0229-6aca-41ee-baee-51d5881c12ab
e1c565f7-8950-49a3-ba6f-a908bf3df3bb,play_store,IN,Guddu Bhai,5,,best app,2026-08-20T09:36:10.854Z,0,4.2607.43,https://play.google.com/store/apps/details?id=com.myntra.android&reviewId=e1c565f7-8950-49a3-ba6f-a908bf3df3bb
df7b1b7c-602f-43c0-b229-6f9b928793e4,play_store,IN,Dagdabai Sable,5,,very fast delivery,2026-08-20T09:36:02.230Z,0,4.2607.43,https://play.google.com/store/apps/details?id=com.myntra.android&reviewId=df7b1b7c-602f-43c0-b229-6f9b928793e4
9415c9b3-cdc7-4710-afda-415261907a4e,play_store,IN,Kuni Majhi,5,,app is too good for online shopping they provide us quality product and many more,2026-08-20T09:35:23.700Z,0,4.2606.31,https://play.google.com/store/apps/details?id=com.myntra.android&reviewId=9415c9b3-cdc7-4710-afda-415261907a4e
a6a01523-3c08-4abf-8249-850948aa8cea,play_store,IN,Meghana Gadde,5,,amazing,2026-08-20T09:32:37.776Z,0,4.2608.20,https://play.google.com/store/apps/details?id=com.myntra.android&reviewId=a6a01523-3c08-4abf-8249-850948aa8cea
414241fc-c27b-4845-84a7-5e7a8ecf85ce,play_store,IN,Vikrant Yadav,5,,I HAVE USED THE PRODUCT OF THIS APPLICATION . THIS APP IS VERY GANUINE AND TRUSTABLE .,2026-08-20T09:31:35.842Z,0,4.2608.20,https://play.google.com/store/apps/details?id=com.myntra.android&reviewId=414241fc-c27b-4845-84a7-5e7a8ecf85ce
fd410ad4-bf02-4712-aca3-ec1c3deb92d9,play_store,IN,Neha Khatun,5,,nice,2026-08-20T09:30:30.773Z,0,4.2608.20,https://play.google.com/store/apps/details?id=com.myntra.android&reviewId=fd410ad4-bf02-4712-aca3-ec1c3deb92d9
8d133df5-901e-4eda-9c58-007b312a4e8b,play_store,IN,Aayush Chaurasiya,5,,top branded products are available in application,2026-08-20T09:29:32.994Z,1,,https://play.google.com/store/apps/details?id=com.myntra.android&reviewId=8d133df5-901e-4eda-9c58-007b312a4e8b
f8567288-33da-4efc-ad0c-b83d4d5f99e8,play_store,IN,Prame prakash Bari,5,,The experience was so good in this app for shopping,2026-08-20T09:24:31.308Z,0,4.2608.20,https://play.google.com/store/apps/details?id=com.myntra.android&reviewId=f8567288-33da-4efc-ad0c-b83d4d5f99e8
e2a916c8-a703-4d17-b551-d1e8746bbf71,play_store,IN,Pallavi Upadhyay,5,,very bad application delivered wrong product.... shows different nd delivered different.. delivered wrong rakhi... totally different poor quality product..... last purchase from this app.,2026-08-20T09:24:06.955Z,0,4.2608.20,https://play.google.com/store/apps/details?id=com.myntra.android&reviewId=e2a916c8-a703-4d17-b551-d1e8746bbf71
de584014-20e3-4f6a-a61d-f3b00b6950f1,play_store,IN,Gita rani debbarma Gita rani debbarma,5,,very very good,2026-08-20T09:24:05.641Z,0,4.2607.11,https://play.google.com/store/apps/details?id=com.myntra.android&reviewId=de584014-20e3-4f6a-a61d-f3b00b6950f1
2432b6e4-51da-43b4-8344-a2fc91c710b1,play_store,IN,Muskan Ingle,5,,This app is the best app among all apps,2026-08-20T09:22:57.911Z,0,4.2608.20,https://play.google.com/store/apps/details?id=com.myntra.android&reviewId=2432b6e4-51da-43b4-8344-a2fc91c710b1
53b79532-ab8b-4b57-a8e3-3b0d216da38e,play_store,IN,Athiya Sajeev,5,,super b,2026-08-20T09:22:33.904Z,0,4.2608.20,https://play.google.com/store/apps/details?id=com.myntra.android&reviewId=53b79532-ab8b-4b57-a8e3-3b0d216da38e
028eefc6-b7ae-4302-8a3e-f6f23fdef0cb,play_store,IN,Sunanda Halder,5,,very nice,2026-08-20T09:20:33.397Z,0,4.2607.43,https://play.google.com/store/apps/details?id=com.myntra.android&reviewId=028eefc6-b7ae-4302-8a3e-f6f23fdef0cb
56c66a96-e2d0-4b98-a73d-828860dae0e8,play_store,IN,Soniya M Chandu,5,,good,2026-08-20T09:20:17.881Z,0,4.2606.31,https://play.google.com/store/apps/details?id=com.myntra.android&reviewId=56c66a96-e2d0-4b98-a73d-828860dae0e8
0b28ca1e-ab97-4c91-b668-9844cc1f97b7,play_store,IN,Gautam Roat,5,,nice,2026-08-20T09:18:43.661Z,0,4.2608.20,https://play.google.com/store/apps/details?id=com.myntra.android&reviewId=0b28ca1e-ab97-4c91-b668-9844cc1f97b7
448f3128-7cb0-40c4-81e6-2c0506a70222,play_store,IN,Shekh Abdullah,5,,tremendous 😍,2026-08-20T09:14:57.657Z,0,,https://play.google.com/store/apps/details?id=com.myntra.android&reviewId=448f3128-7cb0-40c4-81e6-2c0506a70222
9d3e5054-e5b2-41d1-91a4-5a505e264daa,play_store,IN,Bharat Gurjar,1,,"false advertising and selling items at fraud claims ordered items double the price for their so called "" express delivery"" and still got delayed by 2 days . what a FRAUD",2026-08-20T09:13:36.873Z,0,,https://play.google.com/store/apps/details?id=com.myntra.android&reviewId=9d3e5054-e5b2-41d1-91a4-5a505e264daa
63216121-27a1-40ad-90df-d441fe94e3d1,play_store,IN,Saranya Basu,5,,very good quality product original brand and delivery was good 👍,2026-08-20T09:13:03.311Z,0,4.2607.20,https://play.google.com/store/apps/details?id=com.myntra.android&reviewId=63216121-27a1-40ad-90df-d441fe94e3d1
67807722-e6aa-429e-a189-d189d206aba9,play_store,IN,pari Singh,5,,good,2026-08-20T09:13:02.135Z,0,4.2607.11,https://play.google.com/store/apps/details?id=com.myntra.android&reviewId=67807722-e6aa-429e-a189-d189d206aba9
58a685d5-3f89-4fc3-9d48-9157cb2375c0,play_store,IN,Sharuk Sk,1,,recently I am facing some issues in myntra.This app not delivered products in kanyakumari district sometimes menu page shows delivery delay please don't install myntra my suggestion 🥺🤮,2026-08-20T09:12:58.142Z,0,4.2607.43,https://play.google.com/store/apps/details?id=com.myntra.android&reviewId=58a685d5-3f89-4fc3-9d48-9157cb2375c0
2ba33c93-5bd5-4e84-9cb3-8eaf4d9e83bf,play_store,IN,Sanjay Singh,1,,Quality is really very good service is very bad comoare to other online shoppjng site also I chat or discuss with myntra he is saying can not give delivery as per promise date from मंत्र site,2026-08-20T09:09:22.433Z,0,4.2608.20,https://play.google.com/store/apps/details?id=com.myntra.android&reviewId=2ba33c93-5bd5-4e84-9cb3-8eaf4d9e83bf
1d6ed3a9-25db-4308-b73b-18c588425f36,play_store,IN,Aƴʋsʜ_Ꮢ ᴀ ᴊ ᴘ ᴜ ᴛ,5,,amazing app🥰,2026-08-20T09:02:13.172Z,0,4.2607.11,https://play.google.com/store/apps/details?id=com.myntra.android&reviewId=1d6ed3a9-25db-4308-b73b-18c588425f36
7bcae903-e62d-431d-9e92-f7de794e3d5b,play_store,IN,SAMARTH JADHAV,5,,easy to use nice app,2026-08-20T09:01:58.639Z,0,4.2608.20,https://play.google.com/store/apps/details?id=com.myntra.android&reviewId=7bcae903-e62d-431d-9e92-f7de794e3d5b
a8b247e9-a99c-4423-97f5-cdd517e9cb7f,play_store,IN,deepti shshank sharma,5,,Nice app,2026-08-20T09:01:34.906Z,0,4.2608.20,https://play.google.com/store/apps/details?id=com.myntra.android&reviewId=a8b247e9-a99c-4423-97f5-cdd517e9cb7f
63520e85-9907-4b26-9066-5503bc22c704,play_store,IN,Nikita Dey,4,,very good 💯,2026-08-20T08:57:16.971Z,0,,https://play.google.com/store/apps/details?id=com.myntra.android&reviewId=63520e85-9907-4b26-9066-5503bc22c704
58a11346-1c7c-43b4-b14c-62bcc7116ff5,play_store,IN,Ravina Thakur,5,,"Large Variety: Users like the wide range of clothing, beauty, and lifestyle brands. App Design: The interface is clean, smooth, and easy to navigate for browsing. Convenience: Many praise the simple return and exchange steps for correctly sized or non-defective items.",2026-08-20T08:54:02.394Z,0,4.2607.43,https://play.google.com/store/apps/details?id=com.myntra.android&reviewId=58a11346-1c7c-43b4-b14c-62bcc7116ff5
a70e8888-dd3a-4ae2-9df1-e142f1f2af49,play_store,IN,Nampelly adithya,5,,The cloths fit perfectly every time I order and the cloth quality is reasonable for the prices.,2026-08-20T08:51:18.562Z,0,4.2608.20,https://play.google.com/store/apps/details?id=com.myntra.android&reviewId=a70e8888-dd3a-4ae2-9df1-e142f1f2af49
463bc455-6dfd-4eae-9447-bb1fbde29986,play_store,IN,Sajja Payal,1,,i want return parcel but help support not working,2026-08-20T08:48:52.838Z,0,4.2608.20,https://play.google.com/store/apps/details?id=com.myntra.android&reviewId=463bc455-6dfd-4eae-9447-bb1fbde29986
8df438dc-939d-441a-b21e-ab1065736ba9,play_store,IN,Ujjawal Tiwari,4,,nice app,2026-08-20T08:48:16.908Z,0,4.2604.20,https://play.google.com/store/apps/details?id=com.myntra.android&reviewId=8df438dc-939d-441a-b21e-ab1065736ba9
46f5c073-6536-47a5-b344-14c695b1894c,play_store,IN,Alok Kumar,1,,They cancelled my order without any notification.,2026-08-20T08:46:54.800Z,0,4.2607.32,https://play.google.com/store/apps/details?id=com.myntra.android&reviewId=46f5c073-6536-47a5-b344-14c695b1894c
9ea7e8cd-da45-4ec8-912f-da873e14055d,play_store,IN,Arindam Saha,5,,Great shopping experience.,2026-08-20T08:45:47.800Z,0,4.2608.20,https://play.google.com/store/apps/details?id=com.myntra.android&reviewId=9ea7e8cd-da45-4ec8-912f-da873e14055d
1bc1afc9-0deb-41e6-a018-cd61bc0ff434,play_store,IN,Sumit Kumar,5,,this app is so good,2026-08-20T08:44:17.297Z,0,,https://play.google.com/store/apps/details?id=com.myntra.android&reviewId=1bc1afc9-0deb-41e6-a018-cd61bc0ff434
386eaae1-92ca-465b-87a3-7adcdf930299,play_store,IN,Yuvi Bhatia,5,,Nice,2026-08-20T08:43:55.827Z,1,4.2607.32,https://play.google.com/store/apps/details?id=com.myntra.android&reviewId=386eaae1-92ca-465b-87a3-7adcdf930299
985c81ef-d29e-425f-9c40-939f124604d9,play_store,IN,Aishwarya Thakar,5,,love the app,2026-08-20T08:42:19.784Z,0,,https://play.google.com/store/apps/details?id=com.myntra.android&reviewId=985c81ef-d29e-425f-9c40-939f124604d9
62f956a6-8a0d-4ed0-8343-c43c2d6f4fbf,play_store,IN,Akanksha Singh,1,,one of the worst app time pe order deliver nahi karte aur na hi customer care agent baat krte hai taki problem resolve krein delivery ke 1-2 din phle hi order khud se cancel kr dete hai.... order deliver nhi karte hai delay show krte hai exchange me lagao toh bhi nhi deliver krte hai one of the worst app I have seen ever.... 👎👎👎👎itna worst hai ki 1 star rating bhi deserve nhi karta.....,2026-08-20T08:41:32.643Z,0,4.2605.21,https://play.google.com/store/apps/details?id=com.myntra.android&reviewId=62f956a6-8a0d-4ed0-8343-c43c2d6f4fbf
9c4989a8-fd3f-4b82-bcfc-bae3380cd545,play_store,IN,ankit dokania,5,,Best Shopping Experience,2026-08-20T08:40:36.232Z,0,4.2608.20,https://play.google.com/store/apps/details?id=com.myntra.android&reviewId=9c4989a8-fd3f-4b82-bcfc-bae3380cd545
c6f2348a-8642-4ab6-81c9-47b2698105b6,play_store,IN,Nilam Singh,5,,Asowsam,2026-08-20T08:40:18.200Z,0,4.2606.31,https://play.google.com/store/apps/details?id=com.myntra.android&reviewId=c6f2348a-8642-4ab6-81c9-47b2698105b6
ffaa6632-cf70-4d96-a01b-15f826c54572,play_store,IN,Sunil Dhull,5,,nice app,2026-08-20T08:39:51.925Z,0,4.2607.43,https://play.google.com/store/apps/details?id=com.myntra.android&reviewId=ffaa6632-cf70-4d96-a01b-15f826c54572
603342ac-c797-4347-933b-54788056c568,play_store,IN,Bhupen pegu,5,,good quality 👍,2026-08-20T08:39:18.632Z,0,4.2607.43,https://play.google.com/store/apps/details?id=com.myntra.android&reviewId=603342ac-c797-4347-933b-54788056c568
67763547-a53a-4636-99a5-e6586b731944,play_store,IN,Trisha Biswas,5,,so good,2026-08-20T08:38:38.880Z,0,4.2607.43,https://play.google.com/store/apps/details?id=com.myntra.android&reviewId=67763547-a53a-4636-99a5-e6586b731944
393e3f04-3740-4f7f-acab-9b2653ae356f,play_store,IN,Ritesh Rajput,5,,excellent,2026-08-20T08:37:23.874Z,0,4.2608.20,https://play.google.com/store/apps/details?id=com.myntra.android&reviewId=393e3f04-3740-4f7f-acab-9b2653ae356f
ffbf7d70-5cec-4f6f-82f7-24fe007ab36e,play_store,IN,R. VISHWA,5,,best app ✨,2026-08-20T08:33:03.523Z,0,4.2608.20,https://play.google.com/store/apps/details?id=com.myntra.android&reviewId=ffbf7d70-5cec-4f6f-82f7-24fe007ab36e
f4fee9d0-7da2-47f0-bfb0-6e6b4202276d,play_store,IN,Aabid 143,5,,good to be here easy and commited,2026-08-20T08:27:31.316Z,0,,https://play.google.com/store/apps/details?id=com.myntra.android&reviewId=f4fee9d0-7da2-47f0-bfb0-6e6b4202276d
a3dbe359-721e-4531-ac29-cbc5fbbb681b,play_store,IN,Jagarnath Pareya,5,,💯,2026-08-20T08:26:42.152Z,0,4.2608.20,https://play.google.com/store/apps/details?id=com.myntra.android&reviewId=a3dbe359-721e-4531-ac29-cbc5fbbb681b
fdd33aae-1c3a-4f36-b1be-deb7edabd40a,play_store,IN,Prince Shrivastava,5,,nice,2026-08-20T08:21:41.359Z,0,4.2608.20,https://play.google.com/store/apps/details?id=com.myntra.android&reviewId=fdd33aae-1c3a-4f36-b1be-deb7edabd40a
5a841ff6-9611-4954-9f3f-564ca8153db7,play_store,IN,Tanmaya Dora,4,,excellent quality of the product and delivery is on time always.,2026-08-20T08:19:43.421Z,0,4.2607.43,https://play.google.com/store/apps/details?id=com.myntra.android&reviewId=5a841ff6-9611-4954-9f3f-564ca8153db7
5e75e25c-90eb-4197-a9b0-13a3d8424611,play_store,IN,Rao Indugamelli,4,,gud,2026-08-20T08:18:07.808Z,0,4.2607.43,https://play.google.com/store/apps/details?id=com.myntra.android&reviewId=5e75e25c-90eb-4197-a9b0-13a3d8424611
07ceee6f-95f4-42b8-bc66-ba8e8788ac3f,play_store,IN,Rakesh Kumar,5,,amazing 😍😍,2026-08-20T08:17:20.313Z,0,4.2608.20,https://play.google.com/store/apps/details?id=com.myntra.android&reviewId=07ceee6f-95f4-42b8-bc66-ba8e8788ac3f
96f3b738-7e13-4618-8dc6-f7481b6bb494,play_store,IN,Abhishek Abhishek,5,,excellent,2026-08-20T08:16:37.191Z,0,,https://play.google.com/store/apps/details?id=com.myntra.android&reviewId=96f3b738-7e13-4618-8dc6-f7481b6bb494
a59428cf-d57e-4f81-b523-daafa4769da6,play_store,IN,Sukriti Giri,5,,great,2026-08-20T08:16:19.632Z,0,4.2608.20,https://play.google.com/store/apps/details?id=com.myntra.android&reviewId=a59428cf-d57e-4f81-b523-daafa4769da6
ead9a760-62ab-46aa-b811-dba04e4f829c,play_store,IN,Sakshi Abhishek Singh,5,,best online shopping app,2026-08-20T08:14:04.485Z,0,4.2607.43,https://play.google.com/store/apps/details?id=com.myntra.android&reviewId=ead9a760-62ab-46aa-b811-dba04e4f829c
9bb0eba8-178c-40e8-81b8-f021e15eea7c,play_store,IN,Kalyan chakravarthy,5,,nice 👍,2026-08-20T08:13:15.862Z,0,4.2608.20,https://play.google.com/store/apps/details?id=com.myntra.android&reviewId=9bb0eba8-178c-40e8-81b8-f021e15eea7c
6bfbeeba-0ac9-4aca-b04b-ed623ce0637f,play_store,IN,Hani Hanif,5,,good app for online purchases,2026-08-20T08:12:58.868Z,0,4.2608.20,https://play.google.com/store/apps/details?id=com.myntra.android&reviewId=6bfbeeba-0ac9-4aca-b04b-ed623ce0637f
e9802017-ae18-4f1f-9185-4b8619218512,play_store,IN,kavita j mahajan,5,,Good for Shopping and having a nice collection,2026-08-20T08:12:01.531Z,0,,https://play.google.com/store/apps/details?id=com.myntra.android&reviewId=e9802017-ae18-4f1f-9185-4b8619218512
67abd38e-a484-458f-9510-7273246b1945,play_store,IN,Sofi Shaheena,5,,good product delivered,2026-08-20T08:10:52.262Z,0,4.2607.11,https://play.google.com/store/apps/details?id=com.myntra.android&reviewId=67abd38e-a484-458f-9510-7273246b1945
6deb0abe-b1eb-4e79-9ca1-370c27b84547,play_store,IN,Anurag Kumar,5,,good,2026-08-20T08:09:35.286Z,0,4.2608.20,https://play.google.com/store/apps/details?id=com.myntra.android&reviewId=6deb0abe-b1eb-4e79-9ca1-370c27b84547
062c95de-a0b4-4c1f-b9ee-3daa535d7fee,play_store,IN,Kishan GN,5,,The clothes and other features or products are best and at good expense you can buy it and it has good and fast delivery,2026-08-20T08:08:47.131Z,0,4.2607.32,https://play.google.com/store/apps/details?id=com.myntra.android&reviewId=062c95de-a0b4-4c1f-b9ee-3daa535d7fee
58d0499e-d84c-4ad9-9fb7-3e6054d9b4cf,play_store,IN,Mamta Tripathi,5,,too great quality of clothes i got and also I love it,2026-08-20T08:08:27.250Z,0,4.2608.20,https://play.google.com/store/apps/details?id=com.myntra.android&reviewId=58d0499e-d84c-4ad9-9fb7-3e6054d9b4cf
4b80bd07-fcc8-460b-907c-11c8f88b3ccc,play_store,IN,Shashikant Chaudhari,5,,best product,2026-08-20T08:06:58.552Z,0,4.2607.32,https://play.google.com/store/apps/details?id=com.myntra.android&reviewId=4b80bd07-fcc8-460b-907c-11c8f88b3ccc
fad1dfd1-f16b-49cb-96d5-259f2a446d8f,play_store,IN,Shivam,5,,🔥🔥,2026-08-20T08:03:01.510Z,0,4.2606.31,https://play.google.com/store/apps/details?id=com.myntra.android&reviewId=fad1dfd1-f16b-49cb-96d5-259f2a446d8f
11df7392-ea90-48bb-a9f7-0b05277da3c1,play_store,IN,Rizwan Agwan,5,,Very good products and time to delivered all,2026-08-20T08:02:23.263Z,0,4.2608.20,https://play.google.com/store/apps/details?id=com.myntra.android&reviewId=11df7392-ea90-48bb-a9f7-0b05277da3c1
daff1e02-a1c2-4bea-bff6-113ec07d1e60,play_store,IN,Amrita Thakur,5,,nice,2026-08-20T08:00:27.706Z,0,4.2606.31,https://play.google.com/store/apps/details?id=com.myntra.android&reviewId=daff1e02-a1c2-4bea-bff6-113ec07d1e60
e5f4ff46-0f32-4a72-8e1e-ffb9498d8666,play_store,IN,kalpesh wankhedkar,5,,good,2026-08-20T07:58:21.545Z,0,4.2608.20,https://play.google.com/store/apps/details?id=com.myntra.android&reviewId=e5f4ff46-0f32-4a72-8e1e-ffb9498d8666
9e1be2af-a3c2-4fb4-a84d-b96504804d7c,play_store,IN,Vikash Yadav,5,,good 💯😊,2026-08-20T07:57:51.970Z,0,4.2607.43,https://play.google.com/store/apps/details?id=com.myntra.android&reviewId=9e1be2af-a3c2-4fb4-a84d-b96504804d7c
313ef8d8-4bc9-4542-8412-9aaef30bf761,play_store,IN,asha shukla,5,,good,2026-08-20T07:57:33.202Z,0,4.2608.20,https://play.google.com/store/apps/details?id=com.myntra.android&reviewId=313ef8d8-4bc9-4542-8412-9aaef30bf761
6db53c0d-178e-4fca-94b8-cb1e68b9ace5,play_store,IN,Palak,5,,amazing,2026-08-20T07:56:15.405Z,0,,https://play.google.com/store/apps/details?id=com.myntra.android&reviewId=6db53c0d-178e-4fca-94b8-cb1e68b9ace5
ddf73135-fc45-439f-8d20-d4cfbce44c00,play_store,IN,RAHUL MONDAL,5,,very good 👍🥰,2026-08-20T07:52:36.613Z,0,4.2607.43,https://play.google.com/store/apps/details?id=com.myntra.android&reviewId=ddf73135-fc45-439f-8d20-d4cfbce44c00
a08cde0f-2f55-4f6c-8ca4-a4ee05039ca2,play_store,IN,Nitin Sahu,1,,worst clothing brand ever used. Every time I purchase something from sale in their application and especially the prepaid order they always send different brands and when you try to return these products they don't get returned and your money gets stuck. Firstly when this happened with me I thought it's just a misunderstanding but when it's done twice I got to know they try to clear their other company unsold product in the name of sale,2026-08-20T07:49:10.493Z,0,4.2607.43,https://play.google.com/store/apps/details?id=com.myntra.android&reviewId=a08cde0f-2f55-4f6c-8ca4-a4ee05039ca2
fc2cdaef-f7e3-4bd5-89ab-8bfda82201b1,play_store,IN,Tamanna Kumre,5,,best,2026-08-20T07:47:58.256Z,0,4.2607.32,https://play.google.com/store/apps/details?id=com.myntra.android&reviewId=fc2cdaef-f7e3-4bd5-89ab-8bfda82201b1
2af62820-5a5b-44c3-885b-4d313db8f087,play_store,IN,Rohini Js,5,,easy delivery. easy return n refund but difficult to reach out customer care,2026-08-20T07:43:10.484Z,0,4.2608.20,https://play.google.com/store/apps/details?id=com.myntra.android&reviewId=2af62820-5a5b-44c3-885b-4d313db8f087
e623a5ad-fd3d-461d-8a75-1e2647f87952,play_store,IN,Paul Pritam,5,,Very good experience,2026-08-20T07:42:56.412Z,0,4.2603.20,https://play.google.com/store/apps/details?id=com.myntra.android&reviewId=e623a5ad-fd3d-461d-8a75-1e2647f87952
83aebae2-b566-47e2-9960-ad0b06f85d78,play_store,IN,prem kutti,5,,nice,2026-08-20T07:39:52.940Z,0,,https://play.google.com/store/apps/details?id=com.myntra.android&reviewId=83aebae2-b566-47e2-9960-ad0b06f85d78
11d40efb-ce27-405e-9df9-2cacdfd9b744,play_store,IN,Nshi Afr,1,,it's so difficult to get the help of customer service.... pathetic app only good advertisement attract people zero responsibility of refund or any other help you can't get any customer service everything is ai,2026-08-20T07:36:06.469Z,0,4.2607.11,https://play.google.com/store/apps/details?id=com.myntra.android&reviewId=11d40efb-ce27-405e-9df9-2cacdfd9b744
2ec6f141-45b3-4ddd-a22a-40ef66f4aa02,play_store,IN,Neeru Rawat,5,,best online shopping 🛍️ products we can get,2026-08-20T07:35:13.329Z,0,4.2608.20,https://play.google.com/store/apps/details?id=com.myntra.android&reviewId=2ec6f141-45b3-4ddd-a22a-40ef66f4aa02
72e174f2-e6e4-47bc-be13-4fbca769e158,play_store,IN,Taw Taya,5,,ok,2026-08-20T07:34:33.990Z,0,,https://play.google.com/store/apps/details?id=com.myntra.android&reviewId=72e174f2-e6e4-47bc-be13-4fbca769e158
315ddc28-c8ee-4081-a3d3-231e0d2fbfcd,play_store,IN,Puja Keshori,5,,good,2026-08-20T07:28:00.755Z,0,4.2607.43,https://play.google.com/store/apps/details?id=com.myntra.android&reviewId=315ddc28-c8ee-4081-a3d3-231e0d2fbfcd
5ac51d8b-cdc3-4655-8a66-56e716951ff3,play_store,IN,Khushboo Daseda,5,,quality is very good sabi p product woooo❤️,2026-08-20T07:21:46.517Z,0,4.2606.11,https://play.google.com/store/apps/details?id=com.myntra.android&reviewId=5ac51d8b-cdc3-4655-8a66-56e716951ff3
4ec1672b-a0ff-4de3-a7d2-aaa6f15cff44,play_store,IN,yogendra kumar,5,,product quality is very good,2026-08-20T07:20:54.971Z,0,4.2608.20,https://play.google.com/store/apps/details?id=com.myntra.android&reviewId=4ec1672b-a0ff-4de3-a7d2-aaa6f15cff44
87bb774d-dfb5-4d21-807d-18e3877ebc80,play_store,IN,Sandeep Kumar,4,,no time cross,2026-08-20T07:17:39.899Z,0,4.2608.20,https://play.google.com/store/apps/details?id=com.myntra.android&reviewId=87bb774d-dfb5-4d21-807d-18e3877ebc80
ef997132-f605-4e5d-b794-da0bc672562f,play_store,IN,Aisha Gupta,5,,Good,2026-08-20T07:16:05.850Z,1,4.2606.20,https://play.google.com/store/apps/details?id=com.myntra.android&reviewId=ef997132-f605-4e5d-b794-da0bc672562f
240eafdb-262f-4a42-8124-8dec21c288b0,play_store,IN,Nitin Sawhney,1,,"worst customer service and support, I have ordered a product and it was cancelled after unsuccessful delivery after 10 days ordered it again and same issue. when you call the customer service they simply say we have generated a complaint, it will be resolved soon and that never happens.",2026-08-20T07:15:43.946Z,0,,https://play.google.com/store/apps/details?id=com.myntra.android&reviewId=240eafdb-262f-4a42-8124-8dec21c288b0
145918f8-a29d-4ba0-98f0-59c402d87254,play_store,IN,lokesh singh,1,,worst dilevery experience every single time,2026-08-20T07:13:53.589Z,0,4.2608.20,https://play.google.com/store/apps/details?id=com.myntra.android&reviewId=145918f8-a29d-4ba0-98f0-59c402d87254
a568dfbb-64aa-4b7c-b2e9-8e93ec3c222f,play_store,IN,Khushi Chauhan,5,,very nice,2026-08-20T07:08:40.723Z,0,4.2608.20,https://play.google.com/store/apps/details?id=com.myntra.android&reviewId=a568dfbb-64aa-4b7c-b2e9-8e93ec3c222f
d3196c1d-481f-4f3d-9fab-7a97fbcf10da,play_store,IN,Sarath D,1,,"I installed Myntra and ordered 3 items. the first item had an offer from myntra. and they cancelled it saying lost in transit. and the second item is delayed. and the customer care neven picks the call, only AI takes the call. never using myntra again",2026-08-20T07:07:32.858Z,0,4.2607.43,https://play.google.com/store/apps/details?id=com.myntra.android&reviewId=d3196c1d-481f-4f3d-9fab-7a97fbcf10da
460a05c7-52ac-4827-abec-ed6859a66d75,play_store,IN,Pain Uzumaki,2,,fix exchange problem,2026-08-20T07:00:15.654Z,0,,https://play.google.com/store/apps/details?id=com.myntra.android&reviewId=460a05c7-52ac-4827-abec-ed6859a66d75
c2da4239-caf8-45ad-a039-b31211d2abf9,play_store,IN,Ram Rath,5,,great app..evrything is good in this app..I used this app already 12 to 14 years ago..n still I used,2026-08-20T06:58:13.766Z,0,4.2510.13,https://play.google.com/store/apps/details?id=com.myntra.android&reviewId=c2da4239-caf8-45ad-a039-b31211d2abf9
b83e45ee-2d48-421b-a718-04c2cbbff63e,play_store,IN,Anthony Lumbiya,5,,Great Marketing App,2026-08-20T06:55:48.490Z,0,4.2608.20,https://play.google.com/store/apps/details?id=com.myntra.android&reviewId=b83e45ee-2d48-421b-a718-04c2cbbff63e
dca399f9-d9f1-48dd-894f-c3bce4212df4,play_store,IN,Shweta Singh,5,,good,2026-08-20T06:53:42.803Z,0,,https://play.google.com/store/apps/details?id=com.myntra.android&reviewId=dca399f9-d9f1-48dd-894f-c3bce4212df4
228b207c-222a-4a1e-9f0a-bbf98ef8be03,play_store,IN,Dr Mansi Singh,5,,awesome experience with delivery and service,2026-08-20T06:53:00.145Z,0,4.2608.20,https://play.google.com/store/apps/details?id=com.myntra.android&reviewId=228b207c-222a-4a1e-9f0a-bbf98ef8be03
c19881c1-1b29-4675-99ee-f9284a962338,play_store,IN,Tausif Ayan,3,,This app is good but sometimes it delivered wrong item,2026-08-20T06:52:42.480Z,0,4.2608.20,https://play.google.com/store/apps/details?id=com.myntra.android&reviewId=c19881c1-1b29-4675-99ee-f9284a962338
d5c3a602-6e56-4f3d-a282-f5afc3300bee,play_store,IN,Rajeev King,5,,good,2026-08-20T06:51:43.847Z,0,4.2607.43,https://play.google.com/store/apps/details?id=com.myntra.android&reviewId=d5c3a602-6e56-4f3d-a282-f5afc3300bee
93b3a6be-d026-4e4c-b174-2f284ade9e73,play_store,IN,Ayaz Ansari,5,,Nice app good purchases and offers,2026-08-20T06:51:19.840Z,0,4.2607.43,https://play.google.com/store/apps/details?id=com.myntra.android&reviewId=93b3a6be-d026-4e4c-b174-2f284ade9e73
2cfe9fde-7b54-4d68-b98c-2de9c55e8d71,play_store,IN,Bhavana Khonde,5,,nice experience,2026-08-20T06:49:51.866Z,0,4.2608.20,https://play.google.com/store/apps/details?id=com.myntra.android&reviewId=2cfe9fde-7b54-4d68-b98c-2de9c55e8d71
d1612d9f-cc27-4f83-b201-805d7669d952,play_store,IN,Veera Govinda,1,,ok,2026-08-20T06:48:40.503Z,0,4.2608.20,https://play.google.com/store/apps/details?id=com.myntra.android&reviewId=d1612d9f-cc27-4f83-b201-805d7669d952
160fa1a0-a135-4166-8009-03470c406a80,play_store,IN,Chayanika Roy,5,,This anti aging retinol cream by dot and key is a game changer...it truly creates magic on your skin.,2026-08-20T06:48:35.951Z,0,4.2606.31,https://play.google.com/store/apps/details?id=com.myntra.android&reviewId=160fa1a0-a135-4166-8009-03470c406a80
32bceb4c-4337-464b-9ac6-da7e5e722b17,play_store,IN,Neha Singh,5,,I love this app delivery was fast and easy to order,2026-08-20T06:48:17.653Z,0,4.2608.20,https://play.google.com/store/apps/details?id=com.myntra.android&reviewId=32bceb4c-4337-464b-9ac6-da7e5e722b17
57ec7ebe-5282-484d-9207-ebe9c83c9a04,play_store,IN,Anita Swamy,5,,Quality is too good,2026-08-20T06:47:30.250Z,0,4.2607.43,https://play.google.com/store/apps/details?id=com.myntra.android&reviewId=57ec7ebe-5282-484d-9207-ebe9c83c9a04
9cdc8088-00eb-4108-ad78-8d8b354744d3,play_store,IN,bhagaya shalini padma,5,,Good quality product,2026-08-20T06:47:18.999Z,0,4.2608.20,https://play.google.com/store/apps/details?id=com.myntra.android&reviewId=9cdc8088-00eb-4108-ad78-8d8b354744d3
96ced38e-4e9b-4045-954e-f29ca0cdd3cb,play_store,IN,Arushi Singh,5,,it's good app ! worth it and great quality of clothes ! best app !,2026-08-20T06:46:20.225Z,0,,https://play.google.com/store/apps/details?id=com.myntra.android&reviewId=96ced38e-4e9b-4045-954e-f29ca0cdd3cb
c0ae817e-d8ec-4934-9632-342a9c6e200c,play_store,IN,Lala ram Saini,1,,bht hi bkwas app h koi bhi kuch purchase na kre mne top order kiya tha size exchange kiya to deliver boy dekh kr chle gya or exchange kiya hi nhi date bda di or aj cansel kr diya exchange isse ghtiya shoping app mne aj tk nhi dekha logo k paise khrb krte h ab m jo size muje ata hi nhi kya kru uska ase app ki wjh se online shoping pr se trust break ho jta h mera to yhi khna h sb logo se apne paise is app pr khrb na kre ye log scram kr rh h bht hi bura experience rh mera to 😞😞😞😞😞😞😞😫😫😫😡,2026-08-20T06:44:24.439Z,0,4.2607.32,https://play.google.com/store/apps/details?id=com.myntra.android&reviewId=c0ae817e-d8ec-4934-9632-342a9c6e200c
305446a9-da05-4aef-bd2c-88153270aa5a,play_store,IN,jagari Basak das,5,,thank you,2026-08-20T06:43:02.731Z,0,4.2607.43,https://play.google.com/store/apps/details?id=com.myntra.android&reviewId=305446a9-da05-4aef-bd2c-88153270aa5a
ba6424dd-92ee-4ea1-8dc9-e3777442e6d6,play_store,IN,vivek singh,5,,good 👍,2026-08-20T06:38:53.519Z,0,4.2607.43,https://play.google.com/store/apps/details?id=com.myntra.android&reviewId=ba6424dd-92ee-4ea1-8dc9-e3777442e6d6
7481fe2f-0b9c-4818-9c21-d931a1670861,play_store,IN,Nandini Giri,1,,"The customer service centre and their commission, techniques for problem solving are very very bad. assistants are indifferent to solve the problem.",2026-08-20T06:38:26.406Z,0,4.2607.32,https://play.google.com/store/apps/details?id=com.myntra.android&reviewId=7481fe2f-0b9c-4818-9c21-d931a1670861
03070cfd-a27d-401b-b5e8-ca5dfc115963,play_store,IN,AKSH,5,,This app is one of the best online shopping apps,2026-08-20T06:37:04.634Z,0,4.2607.43,https://play.google.com/store/apps/details?id=com.myntra.android&reviewId=03070cfd-a27d-401b-b5e8-ca5dfc115963
61a12c76-85c3-4e9c-899b-ac3e6a7c16ce,play_store,IN,AMAN KUMAR,5,,good quality,2026-08-20T06:36:48.362Z,0,4.2608.20,https://play.google.com/store/apps/details?id=com.myntra.android&reviewId=61a12c76-85c3-4e9c-899b-ac3e6a7c16ce
0433f491-d5ca-413e-a9fe-5c9724e08207,play_store,IN,Nawab,1,,"Myntra UGC Program Needs Attention I am a genuine creator in the Myntra Ultimate Glam Clan. I want to highlight a serious issue. There are Telegram groups with 700-800 members running in the name of Myntra UGC. In these groups, people pin their product IDs and force others to do fake clicks on each other's links. Many other unfair activities are also happening there. This is completely wrong and demotivating for genuine creators who create real content. I request the Myntra team to please look",2026-08-20T06:35:33.390Z,0,,https://play.google.com/store/apps/details?id=com.myntra.android&reviewId=0433f491-d5ca-413e-a9fe-5c9724e08207
0ae742c9-5eb1-4e6a-b2ed-45604caaf53d,play_store,IN,Biswajit Das,4,,very good. delivery in time,2026-08-20T06:34:40.783Z,0,4.2607.43,https://play.google.com/store/apps/details?id=com.myntra.android&reviewId=0ae742c9-5eb1-4e6a-b2ed-45604caaf53d
23d0d214-0047-471b-98ca-a9ee8578c91f,play_store,IN,Ashwani Kumar,5,,good product good service,2026-08-20T06:33:15.688Z,0,4.2608.20,https://play.google.com/store/apps/details?id=com.myntra.android&reviewId=23d0d214-0047-471b-98ca-a9ee8578c91f
f7e09633-2727-4b19-83bc-2da8af7cda09,play_store,IN,Thimmapuram Divya,5,,good,2026-08-20T06:27:11.566Z,0,4.2608.20,https://play.google.com/store/apps/details?id=com.myntra.android&reviewId=f7e09633-2727-4b19-83bc-2da8af7cda09
833dbf36-7a60-4a23-85bc-c29dd2abfaf7,play_store,IN,Jon Mani,5,,very good,2026-08-20T06:23:28.942Z,0,4.2607.43,https://play.google.com/store/apps/details?id=com.myntra.android&reviewId=833dbf36-7a60-4a23-85bc-c29dd2abfaf7
ef12e40c-f1b7-4496-8acc-e38307c8f54e,play_store,IN,Gudiya,5,,just wow,2026-08-20T06:23:25.719Z,0,4.2608.20,https://play.google.com/store/apps/details?id=com.myntra.android&reviewId=ef12e40c-f1b7-4496-8acc-e38307c8f54e
3df7c43b-4b53-4bdb-83c8-1ae4fceca9e5,play_store,IN,rakhi kumari,5,,fabulous,2026-08-20T06:22:38.681Z,0,,https://play.google.com/store/apps/details?id=com.myntra.android&reviewId=3df7c43b-4b53-4bdb-83c8-1ae4fceca9e5
6e38bef9-c907-4667-88c1-aafe40eef754,play_store,IN,Abhijeet Bhagat,5,,👍,2026-08-20T06:19:45.237Z,0,4.2607.32,https://play.google.com/store/apps/details?id=com.myntra.android&reviewId=6e38bef9-c907-4667-88c1-aafe40eef754
3704f469-0fad-44fe-a1f9-d1e3fd9fd92b,play_store,IN,Rohit Gupta,5,,"the quality of products are excellent, atleast which I bought. the only reason using Myntra is quality.",2026-08-20T06:19:05.147Z,0,4.2607.11,https://play.google.com/store/apps/details?id=com.myntra.android&reviewId=3704f469-0fad-44fe-a1f9-d1e3fd9fd92b
02c3f85e-1fc0-4eb8-b0d8-5d879d367053,play_store,IN,Sonu Kumar,5,,best aap,2026-08-20T06:17:10.497Z,0,4.2607.43,https://play.google.com/store/apps/details?id=com.myntra.android&reviewId=02c3f85e-1fc0-4eb8-b0d8-5d879d367053
31c021cb-ca18-4f30-926e-5365960915d9,play_store,IN,Anjali RiozZ,5,,💕,2026-08-20T06:16:58.200Z,0,4.2607.43,https://play.google.com/store/apps/details?id=com.myntra.android&reviewId=31c021cb-ca18-4f30-926e-5365960915d9
92342ce3-4643-4910-b7ac-309dec43de01,play_store,IN,Titto T Saju,5,,Myntra offers good collection of dresses and other items at good prices. Customer service also good.,2026-08-20T06:16:37.550Z,0,4.2606.31,https://play.google.com/store/apps/details?id=com.myntra.android&reviewId=92342ce3-4643-4910-b7ac-309dec43de01
e9dc2d75-d0d8-4314-addd-5e1144201d9f,play_store,IN,Pooja Patel,4,,👍,2026-08-20T06:16:22.693Z,0,4.2608.20,https://play.google.com/store/apps/details?id=com.myntra.android&reviewId=e9dc2d75-d0d8-4314-addd-5e1144201d9f
864f1282-6f88-46e5-98a4-85601cd7f679,play_store,IN,Manisha Waghmare,5,,nice service,2026-08-20T06:15:31.502Z,0,4.2608.20,https://play.google.com/store/apps/details?id=com.myntra.android&reviewId=864f1282-6f88-46e5-98a4-85601cd7f679
fee7b106-7d9a-46a5-8d9d-90e67b2f1d77,play_store,IN,Himani Jamnal,5,,"Absolutely loved my experience with this shopping app! 🛍️✨ The app is easy to use, the product variety is amazing, and the ordering process is smooth and hassle-free. The products arrived on time, were well-packaged, and matched the descriptions perfectly. The quality was also really good for the price. Overall, a reliable and convenient shopping app with great service. Highly recommended! ⭐⭐⭐⭐⭐",2026-08-20T06:14:08.252Z,0,4.2607.43,https://play.google.com/store/apps/details?id=com.myntra.android&reviewId=fee7b106-7d9a-46a5-8d9d-90e67b2f1d77
74bf1dbf-bc39-4772-b6ce-8db14b611b7e,play_store,IN,Abhijeet Paswan,5,,very best app box best rakhi best,2026-08-20T06:11:33.476Z,0,,https://play.google.com/store/apps/details?id=com.myntra.android&reviewId=74bf1dbf-bc39-4772-b6ce-8db14b611b7e
c612a73a-3ff6-4e45-9269-0869d40e16eb,play_store,IN,Deepanshi Pal,5,,amazing,2026-08-20T06:09:08.750Z,0,4.2607.43,https://play.google.com/store/apps/details?id=com.myntra.android&reviewId=c612a73a-3ff6-4e45-9269-0869d40e16eb
487fc767-91bf-45c9-9e74-7713584dfba4,play_store,IN,Khushi Putul,5,,just awesome app💕,2026-08-20T06:07:36.900Z,0,4.2608.20,https://play.google.com/store/apps/details?id=com.myntra.android&reviewId=487fc767-91bf-45c9-9e74-7713584dfba4
5d59c89f-1f17-483b-8a37-b8aa3d2225a8,play_store,IN,Tannu Vaidh,5,,nice,2026-08-20T06:03:51.660Z,0,4.2608.20,https://play.google.com/store/apps/details?id=com.myntra.android&reviewId=5d59c89f-1f17-483b-8a37-b8aa3d2225a8
5d5ad139-44ba-45ad-82e9-00abd7560b65,play_store,IN,Udisha Pandey,5,,I really love this app... It really saves my money and gives some really nice and variety of options to choose from,2026-08-20T06:02:32.294Z,0,4.2607.32,https://play.google.com/store/apps/details?id=com.myntra.android&reviewId=5d5ad139-44ba-45ad-82e9-00abd7560b65
043f5e97-a554-4150-9cbf-adc2db9f6e3a,play_store,IN,Ruma Kumari,4,,Quality of products are really nice,2026-08-20T06:00:47.394Z,0,4.2608.20,https://play.google.com/store/apps/details?id=com.myntra.android&reviewId=043f5e97-a554-4150-9cbf-adc2db9f6e3a
1110eb1f-ee3f-4e91-a0df-1726584f56e5,play_store,IN,Raju Tomta,5,,amazing incredible Myntra,2026-08-20T06:00:03.996Z,0,4.2608.20,https://play.google.com/store/apps/details?id=com.myntra.android&reviewId=1110eb1f-ee3f-4e91-a0df-1726584f56e5
30dfd566-fc0f-441e-81ee-0347ca1f493e,play_store,IN,Kajal Vishwakarma,5,,nice,2026-08-20T05:59:49.125Z,0,4.2608.20,https://play.google.com/store/apps/details?id=com.myntra.android&reviewId=30dfd566-fc0f-441e-81ee-0347ca1f493e
3aa0dea0-189b-4769-b48e-b734f8658a7a,play_store,IN,Brinda Gupta,4,,"As a myntra user I have purchased many things from this app , and I can surely say this is best and better than other apps. the order is the same as shown . if u are looking for an affordable and best product u can go with myntra.",2026-08-20T05:56:13.920Z,0,4.2606.31,https://play.google.com/store/apps/details?id=com.myntra.android&reviewId=3aa0dea0-189b-4769-b48e-b734f8658a7a
fda2da5f-0b57-43f1-a18a-9d47bc5abec4,play_store,IN,Vidhi Sharma,5,,"They sent me a different product instead of the product I ordered,they did pick it up but then refused to give refund, I have undergone a loss of 4000 rupees.extremely disppointing customer care and disgusting!!!!",2026-08-20T05:54:08.260Z,0,4.2608.20,https://play.google.com/store/apps/details?id=com.myntra.android&reviewId=fda2da5f-0b57-43f1-a18a-9d47bc5abec4
77f2d62e-989f-4e4c-a037-d6d1c7d28fdf,play_store,IN,manoj kumar,5,,very good quality,2026-08-20T05:53:46.772Z,0,4.2608.20,https://play.google.com/store/apps/details?id=com.myntra.android&reviewId=77f2d62e-989f-4e4c-a037-d6d1c7d28fdf
8d2eac29-c43c-4b47-bcd8-e00bc0501d0a,play_store,IN,Saini Sasmal,5,,it's always good,2026-08-20T05:53:27.126Z,0,4.2608.20,https://play.google.com/store/apps/details?id=com.myntra.android&reviewId=8d2eac29-c43c-4b47-bcd8-e00bc0501d0a
ef2c27ca-4f5d-4360-8619-546e974e482e,play_store,IN,Heena Bhandekar,1,,very bad experience with recent order received wrong product with poor fitting nobody responds on help center from app,2026-08-20T05:51:18.165Z,0,4.2607.43,https://play.google.com/store/apps/details?id=com.myntra.android&reviewId=ef2c27ca-4f5d-4360-8619-546e974e482e
95c28513-8a11-4e15-aa84-dff54df6274a,play_store,IN,Swechchha Pandey,4,,good.,2026-08-20T05:50:01.326Z,0,4.2607.43,https://play.google.com/store/apps/details?id=com.myntra.android&reviewId=95c28513-8a11-4e15-aa84-dff54df6274a
35daf577-c2a0-4d46-bcbc-cec6da6413bf,play_store,IN,Si Amrita Ray,5,,"“Such a great app to find stylish and trendy new collections, with fast delivery!” ✨",2026-08-20T05:47:58.632Z,0,4.2608.20,https://play.google.com/store/apps/details?id=com.myntra.android&reviewId=35daf577-c2a0-4d46-bcbc-cec6da6413bf
f1ec983a-de86-469d-b385-1853fe620d0f,play_store,IN,Ishan Khan,5,,nice,2026-08-20T05:47:37.976Z,0,,https://play.google.com/store/apps/details?id=com.myntra.android&reviewId=f1ec983a-de86-469d-b385-1853fe620d0f
af0c9793-e769-4c06-82de-7cc2934f9305,play_store,IN,gaurav bhadouriya,5,,"good quality products,very supportive community",2026-08-20T05:47:24.341Z,0,4.2608.20,https://play.google.com/store/apps/details?id=com.myntra.android&reviewId=af0c9793-e769-4c06-82de-7cc2934f9305
bb3386df-0d3f-4cb7-a596-ae015bb9f46c,play_store,IN,Mohd Kaif,1,,"about 90% of the reviews in the app are paid, dont trust reviews of the product, they gave myncash if you write positive reviews of the product in the app, and if you wrote negative reviews about the product, they hold your review",2026-08-20T05:43:24.263Z,0,4.2608.20,https://play.google.com/store/apps/details?id=com.myntra.android&reviewId=bb3386df-0d3f-4cb7-a596-ae015bb9f46c
9de78f72-9446-4551-89cb-23857176afec,play_store,IN,Roshan Kachhap,5,,best Quality 👌 👍,2026-08-20T05:40:24.333Z,0,,https://play.google.com/store/apps/details?id=com.myntra.android&reviewId=9de78f72-9446-4551-89cb-23857176afec
140c2031-0b91-46bb-b3f7-94954abc962d,play_store,IN,Vemula Chandraiah,5,,good,2026-08-20T05:38:54.808Z,0,,https://play.google.com/store/apps/details?id=com.myntra.android&reviewId=140c2031-0b91-46bb-b3f7-94954abc962d
ce0dc05d-7328-4332-b957-20c17af7eea6,play_store,IN,Vikas Rajpoot,5,,awesome,2026-08-20T05:37:24.897Z,0,4.2608.20,https://play.google.com/store/apps/details?id=com.myntra.android&reviewId=ce0dc05d-7328-4332-b957-20c17af7eea6
91bda63b-32bc-4adc-a6f2-570a8adbc66d,play_store,IN,Dolly Chaudhary,5,,amazing 😍🤩,2026-08-20T05:36:44.102Z,0,4.2608.20,https://play.google.com/store/apps/details?id=com.myntra.android&reviewId=91bda63b-32bc-4adc-a6f2-570a8adbc66d
bf1bb541-8595-410f-8f17-61f8e48a2b61,play_store,IN,Kabita Bag,5,,it provides good quality products mostly,2026-08-20T05:35:27.830Z,0,4.2608.20,https://play.google.com/store/apps/details?id=com.myntra.android&reviewId=bf1bb541-8595-410f-8f17-61f8e48a2b61
503add09-3bc1-4554-bf67-50316998a4d4,play_store,IN,Dinkar Singh Rajput,5,,very good 👍,2026-08-20T05:35:22.598Z,0,4.2607.32,https://play.google.com/store/apps/details?id=com.myntra.android&reviewId=503add09-3bc1-4554-bf67-50316998a4d4
91b367d4-caae-48f0-b07a-23320cf0d991,play_store,IN,shah jayant,5,,Rate and quality material Outstanding,2026-08-20T05:34:48.197Z,0,4.2608.20,https://play.google.com/store/apps/details?id=com.myntra.android&reviewId=91b367d4-caae-48f0-b07a-23320cf0d991
4612af9f-21a2-4c0d-a83a-60634599461c,play_store,IN,Aryan raj,1,,bakwas hain,2026-08-20T05:32:08.663Z,0,4.2607.43,https://play.google.com/store/apps/details?id=com.myntra.android&reviewId=4612af9f-21a2-4c0d-a83a-60634599461c
fa7a7fdd-c800-49aa-a5ba-07f4282601a9,play_store,IN,Neeraj Kumar Mahanta,5,,Best Shopping app 💟 Great deals at low prices,2026-08-20T05:29:27.851Z,0,4.2608.20,https://play.google.com/store/apps/details?id=com.myntra.android&reviewId=fa7a7fdd-c800-49aa-a5ba-07f4282601a9
0d3c6bc7-6db2-4e10-bf93-4cd847e16df5,play_store,IN,madhu singh,5,,Good,2026-08-20T05:27:43.627Z,0,4.2608.20,https://play.google.com/store/apps/details?id=com.myntra.android&reviewId=0d3c6bc7-6db2-4e10-bf93-4cd847e16df5
194520d3-1145-45a2-9957-e477560d2974,play_store,IN,Anurag Tiwari,5,,good,2026-08-20T05:26:39.853Z,0,4.2606.31,https://play.google.com/store/apps/details?id=com.myntra.android&reviewId=194520d3-1145-45a2-9957-e477560d2974
940e9500-e3e0-4e4c-94df-4f793e35fe41,play_store,IN,Somnath Prasad,5,,BHOT HI ACHHI T-SHIRT HAI TRY KR SAKTE HO,2026-08-20T05:26:32.437Z,0,4.2602.11,https://play.google.com/store/apps/details?id=com.myntra.android&reviewId=940e9500-e3e0-4e4c-94df-4f793e35fe41
0c5e6761-8c7b-4bbd-bfd7-8e34ff12db83,play_store,IN,Akash Pv,1,,worst customer service,2026-08-20T05:24:52.564Z,0,4.2508.20,https://play.google.com/store/apps/details?id=com.myntra.android&reviewId=0c5e6761-8c7b-4bbd-bfd7-8e34ff12db83
4eb4c93d-269f-40fb-b58d-c9d6e0c9621d,play_store,IN,Manasa Manu,1,,worst customer service....they are not responding properly also,2026-08-20T05:22:30.585Z,0,,https://play.google.com/store/apps/details?id=com.myntra.android&reviewId=4eb4c93d-269f-40fb-b58d-c9d6e0c9621d
ef2ba812-0666-4107-a085-0adbb9efdb57,play_store,IN,Aryan Kumar,4,,good,2026-08-20T05:21:55.171Z,0,4.2608.20,https://play.google.com/store/apps/details?id=com.myntra.android&reviewId=ef2ba812-0666-4107-a085-0adbb9efdb57
4a0ea59c-aba0-4543-85fb-88305bb84b88,play_store,IN,RAHUL PATIL,5,,great Product,2026-08-20T05:21:20.954Z,0,4.2607.43,https://play.google.com/store/apps/details?id=com.myntra.android&reviewId=4a0ea59c-aba0-4543-85fb-88305bb84b88
5172300d-40ae-4831-a7e0-b66ce0f9adca,play_store,IN,Kunal Palaskar,4,,"Range of products are really good and with best quality, only problem sometimes I face is about delivery, there is uncertain delay. Rest all is perfect.",2026-08-20T05:16:17.384Z,0,4.2608.20,https://play.google.com/store/apps/details?id=com.myntra.android&reviewId=5172300d-40ae-4831-a7e0-b66ce0f9adca
2e5d55e4-f3a1-454e-97bd-2944626ba12d,play_store,IN,DARK FF,1,,never order any product from this app it's totally scam they show another picture and give us different products it's my first order and they gave me different product,2026-08-20T05:13:58.922Z,0,,https://play.google.com/store/apps/details?id=com.myntra.android&reviewId=2e5d55e4-f3a1-454e-97bd-2944626ba12d
30b5c2a8-126f-4a6c-bf52-383f0473ee55,play_store,IN,Ramesh Allu,1,,very bad service,2026-08-20T05:13:55.702Z,0,,https://play.google.com/store/apps/details?id=com.myntra.android&reviewId=30b5c2a8-126f-4a6c-bf52-383f0473ee55
33ea1d37-7bc5-488d-97f5-a67991cb0cea,play_store,IN,Jaanu Bodukuri,4,,excellent shopping app 🛍️,2026-08-20T05:12:52.545Z,0,4.2603.10,https://play.google.com/store/apps/details?id=com.myntra.android&reviewId=33ea1d37-7bc5-488d-97f5-a67991cb0cea
1c8bf041-8da1-4d93-ab7c-d14f15978169,play_store,IN,SUJAY M,5,,Best place to grab trending clothes 💥,2026-08-20T05:11:16.800Z,0,4.2608.20,https://play.google.com/store/apps/details?id=com.myntra.android&reviewId=1c8bf041-8da1-4d93-ab7c-d14f15978169
3418cfbe-2c5f-4a83-bcf3-9fcc17b07e10,play_store,IN,Manisha Kumari,5,,nice app,2026-08-20T05:09:11.278Z,0,4.2608.20,https://play.google.com/store/apps/details?id=com.myntra.android&reviewId=3418cfbe-2c5f-4a83-bcf3-9fcc17b07e10
4f4ced68-e9be-4011-b510-5e86d8ff35f5,play_store,IN,zarina Syed,1,,"Recently had an issue the delivery guy has charged doubled the amount for the order,as we were not at home so transferred the amount as informed by him as it was a multiple order so that the other items would have also been delivered but nothing as such happened when checked. Raised multiple complaint but never received any resolution always issue closed saying no extra amount charged..I have submitted all proofs from my end and expect the same from your end but they say they can't share.-Fraud",2026-08-20T05:02:32.691Z,1,,https://play.google.com/store/apps/details?id=com.myntra.android&reviewId=4f4ced68-e9be-4011-b510-5e86d8ff35f5
ff9ff2ad-85be-4630-a882-c57bec04e85f,play_store,IN,Deepak Sharma,5,,I got the best product always.The quality of the clothes they provide is quite good if u buy the company product,2026-08-20T05:01:59.610Z,0,4.2608.20,https://play.google.com/store/apps/details?id=com.myntra.android&reviewId=ff9ff2ad-85be-4630-a882-c57bec04e85f
a5c0e6a2-e9ba-4819-a47f-5212cc6c85a0,play_store,IN,Sohail Akhtar,5,,"Myntra is one of the best shopping apps for fashion and lifestyle products. The app is easy to use, has a great variety of products, and the ordering and delivery experience has been smooth. Overall, a very convenient and reliable shopping experience. Highly recommended! 👍",2026-08-20T04:57:12.828Z,0,4.2608.20,https://play.google.com/store/apps/details?id=com.myntra.android&reviewId=a5c0e6a2-e9ba-4819-a47f-5212cc6c85a0
dad62466-654a-4160-b276-f3a849dae961,play_store,IN,Salim Khan,5,,very good and affordable website,2026-08-20T04:57:09.215Z,0,4.2608.20,https://play.google.com/store/apps/details?id=com.myntra.android&reviewId=dad62466-654a-4160-b276-f3a849dae961
98cbdd56-bdcb-4990-bdab-f1389cf9d505,play_store,IN,Lakhi singh,5,,this app is for me very well to get products usefull nd under to pocket money,2026-08-20T04:56:36.140Z,0,4.2608.20,https://play.google.com/store/apps/details?id=com.myntra.android&reviewId=98cbdd56-bdcb-4990-bdab-f1389cf9d505
16390b64-ec2a-4dcd-b492-85d86cb83ffc,play_store,IN,Sammu Mahmood,1,,i received very old bottle without proper sealed very unsatisfying with the service,2026-08-20T04:53:29.430Z,0,4.2608.20,https://play.google.com/store/apps/details?id=com.myntra.android&reviewId=16390b64-ec2a-4dcd-b492-85d86cb83ffc
e02dbaa8-9dcd-42ba-8950-bbe798e0c6f4,play_store,IN,Rajinder Kular somal,5,,good,2026-08-20T04:47:54.510Z,0,4.2608.20,https://play.google.com/store/apps/details?id=com.myntra.android&reviewId=e02dbaa8-9dcd-42ba-8950-bbe798e0c6f4
d8b7a69d-92bf-4270-b530-ec9123d8bd8d,play_store,IN,Sai Kiran,5,,vgood,2026-08-20T04:47:47.790Z,0,4.2608.20,https://play.google.com/store/apps/details?id=com.myntra.android&reviewId=d8b7a69d-92bf-4270-b530-ec9123d8bd8d
d8b36504-403d-4912-b74d-ae4a60e03691,play_store,IN,suryankar varshney,5,,amazing experience,2026-08-20T04:46:13.996Z,0,4.2608.20,https://play.google.com/store/apps/details?id=com.myntra.android&reviewId=d8b36504-403d-4912-b74d-ae4a60e03691
e0a60ab4-3ced-4c33-b0e4-3aa97963b2d4,play_store,IN,Bharath Ds,5,,super,2026-08-20T04:43:32.203Z,1,4.2608.20,https://play.google.com/store/apps/details?id=com.myntra.android&reviewId=e0a60ab4-3ced-4c33-b0e4-3aa97963b2d4
d9f084e2-a827-4a47-9cdb-c9d8f379bba3,play_store,IN,Aatish Meshram,5,,🤝,2026-08-20T04:43:11.710Z,0,4.2607.32,https://play.google.com/store/apps/details?id=com.myntra.android&reviewId=d9f084e2-a827-4a47-9cdb-c9d8f379bba3
74cd91b8-27fd-4a1b-a223-35a44b2dda31,play_store,IN,Sumi Jain,5,,amazingggg best app...amazing quality,2026-08-20T04:41:32.440Z,0,4.2608.20,https://play.google.com/store/apps/details?id=com.myntra.android&reviewId=74cd91b8-27fd-4a1b-a223-35a44b2dda31
d1239c76-0973-429c-9792-e089dfe4cafd,play_store,IN,SHIWANG PANDEY,5,,NAYA ACCOUNT BANAKE SASTE KAPDE LE SAKTE HO BEST CLOTH SHOPPING APP HAI BHAI,2026-08-20T04:40:58.970Z,0,4.2608.20,https://play.google.com/store/apps/details?id=com.myntra.android&reviewId=d1239c76-0973-429c-9792-e089dfe4cafd
8b13a674-91c7-4442-9729-f1c3a5acb9ba,play_store,IN,Vandana Chauhan,5,,outstanding 👍🏻,2026-08-20T04:36:48.545Z,0,4.2608.20,https://play.google.com/store/apps/details?id=com.myntra.android&reviewId=8b13a674-91c7-4442-9729-f1c3a5acb9ba
9d4a7176-8298-4be5-ba55-b4899b136a1f,play_store,IN,Sanjana Sharma,5,,"Myntra is one of the best shopping apps for fashion and lifestyle products. The app is easy to use, has a great variety of products, and the delivery is usually fast. Product quality and packaging are also good. Overall, I’ve had a smooth and satisfying shopping experience with Myntra. Highly recommended! 🛍️✨",2026-08-20T04:35:14.942Z,0,4.2608.20,https://play.google.com/store/apps/details?id=com.myntra.android&reviewId=9d4a7176-8298-4be5-ba55-b4899b136a1f
c23c0f32-67f6-41d0-97be-87281fe7770b,play_store,IN,Pawan Kumar,5,,very good app thanks for my held,2026-08-20T04:30:00.700Z,0,4.2607.43,https://play.google.com/store/apps/details?id=com.myntra.android&reviewId=c23c0f32-67f6-41d0-97be-87281fe7770b
88daaab8-034c-49fd-9319-28e53ba55725,play_store,IN,Susmita Roy,5,,super app,2026-08-20T04:29:44.585Z,0,4.2607.32,https://play.google.com/store/apps/details?id=com.myntra.android&reviewId=88daaab8-034c-49fd-9319-28e53ba55725
42d5a2a1-988c-47b2-ae66-11ec190de57d,play_store,IN,Aksha Khan,5,,delivery of myntra is very fast and appropriate,2026-08-20T04:29:39.868Z,0,4.2607.43,https://play.google.com/store/apps/details?id=com.myntra.android&reviewId=42d5a2a1-988c-47b2-ae66-11ec190de57d
2278415b-89ec-4a2b-a2c4-4690038c0604,play_store,IN,Momtaj Begam,4,,good app for shopping 🛍,2026-08-20T04:29:01.572Z,0,4.2607.11,https://play.google.com/store/apps/details?id=com.myntra.android&reviewId=2278415b-89ec-4a2b-a2c4-4690038c0604
1c47b32d-7da2-4783-a726-d928b9dfc453,play_store,IN,Bhagyabati Singha,5,,Good,2026-08-20T04:28:30.799Z,0,4.2608.20,https://play.google.com/store/apps/details?id=com.myntra.android&reviewId=1c47b32d-7da2-4783-a726-d928b9dfc453
feba7bd6-36ff-4c9f-9ff3-1cc30af8fb29,play_store,IN,Sourav Piwal,5,,good experience,2026-08-20T04:26:30.236Z,0,,https://play.google.com/store/apps/details?id=com.myntra.android&reviewId=feba7bd6-36ff-4c9f-9ff3-1cc30af8fb29
7ef34599-d2bc-4082-b30f-75c204b4a19e,play_store,IN,Lipsa rajnandini Das,4,,good👍,2026-08-20T04:25:01.548Z,0,4.2608.20,https://play.google.com/store/apps/details?id=com.myntra.android&reviewId=7ef34599-d2bc-4082-b30f-75c204b4a19e
93e1c3f2-049c-4ed6-b4a5-067e93c90877,play_store,IN,ANIL RAJPUT,5,,very fast service and good quality,2026-08-20T04:23:36.568Z,0,4.2607.32,https://play.google.com/store/apps/details?id=com.myntra.android&reviewId=93e1c3f2-049c-4ed6-b4a5-067e93c90877
d70f968c-edbc-4dc7-9374-e004ede1a42c,play_store,IN,Vivek Kumar,4,,"Myntra ka interface bahut smooth hai aur ispar kapdon ke latest trends aasani se mil jaate hain. Delivery aur size guides bhi kaafi acche hain, isliye ye shopping ke liye mera favorite app hai.""",2026-08-20T04:21:07.172Z,0,4.2608.20,https://play.google.com/store/apps/details?id=com.myntra.android&reviewId=d70f968c-edbc-4dc7-9374-e004ede1a42c
8e7a3ab0-50ae-41ec-86b2-ccd461f89019,play_store,IN,Amreen Risaldar,5,,good 👍👍👍,2026-08-20T04:20:33.117Z,0,4.2608.20,https://play.google.com/store/apps/details?id=com.myntra.android&reviewId=8e7a3ab0-50ae-41ec-86b2-ccd461f89019
5f8be56a-9fad-4156-bce4-34b45ada0dbb,play_store,IN,netra s kannur,5,,Worst experience with the last few orders and returns. Fraud and fake messages about the delivery attempt while no delivery attempt was actually made. Wrong number given as delivery agent number. Return requests withheld for months for no reason. And even worse is no help from the help centre. No call back or any attempt to help. Myntra was good before but now its going to dogs.,2026-08-20T04:19:23.786Z,0,4.2608.20,https://play.google.com/store/apps/details?id=com.myntra.android&reviewId=5f8be56a-9fad-4156-bce4-34b45ada0dbb
22783794-1817-4876-9dd4-5513cfde1e21,play_store,IN,Shivani Singh,5,,It feels great to shop here. All the products of Myntra are number 1.,2026-08-20T04:15:37.470Z,0,,https://play.google.com/store/apps/details?id=com.myntra.android&reviewId=22783794-1817-4876-9dd4-5513cfde1e21
2f024f47-de38-492b-b43f-09fb458f6576,play_store,IN,Amir Siddiqui,5,,very good myntra best aap,2026-08-20T04:12:16.271Z,0,4.2608.20,https://play.google.com/store/apps/details?id=com.myntra.android&reviewId=2f024f47-de38-492b-b43f-09fb458f6576
c5eba586-fc02-4140-ae1b-81ca18f74455,play_store,IN,vaishnvi kar pathak,5,,good,2026-08-20T04:08:57.812Z,0,4.2607.11,https://play.google.com/store/apps/details?id=com.myntra.android&reviewId=c5eba586-fc02-4140-ae1b-81ca18f74455
3c51c7ca-3c49-4dda-aef0-2ae1e14fb1c4,play_store,IN,Mantu mahanta,5,,osom,2026-08-20T04:08:11.906Z,0,,https://play.google.com/store/apps/details?id=com.myntra.android&reviewId=3c51c7ca-3c49-4dda-aef0-2ae1e14fb1c4
cd74cd05-df0e-4909-af87-93ec960cf052,play_store,IN,Darshan D,5,,gooddd,2026-08-20T04:06:44.947Z,0,4.2608.20,https://play.google.com/store/apps/details?id=com.myntra.android&reviewId=cd74cd05-df0e-4909-af87-93ec960cf052
cedcc52a-b439-4a2d-a707-5c5573559e5d,play_store,IN,Laav Kush Singh,1,,"I logged into Myntra for the first time after seeing an advertisement, and right off the bat, I received a product that looked like it had come straight out of a trial room—it was in terrible condition. The help desk was useless and offered no assistance; Flipkart and Amazon are definitely the better options.",2026-08-20T04:03:49.206Z,0,4.2607.43,https://play.google.com/store/apps/details?id=com.myntra.android&reviewId=cedcc52a-b439-4a2d-a707-5c5573559e5d
e876d1e1-3c0e-4b2c-984f-11f7d6cdcb0c,play_store,IN,Mister Muster,5,,nice app,2026-08-20T04:00:06.333Z,0,4.2608.20,https://play.google.com/store/apps/details?id=com.myntra.android&reviewId=e876d1e1-3c0e-4b2c-984f-11f7d6cdcb0c
6447a4f0-a84c-483c-934e-3e7234358b4c,play_store,IN,ajay kumar Gautam,5,,trusted product,2026-08-20T03:55:20.927Z,0,4.2607.43,https://play.google.com/store/apps/details?id=com.myntra.android&reviewId=6447a4f0-a84c-483c-934e-3e7234358b4c
95560ec6-6d31-485f-bcb9-c0e68473207d,play_store,IN,Sunitha P,1,,"i ordered green colour kurtha set but I received pink colour short blouse type sleeveless western top. don't trust anyone myntra they are waste.waste of Time waste of money. I loss 580rs, the supportive team choose option only their side concern our side no one examine.pls don't trust myntra don't buy anyone .I send openning time videos and pics they not trust then how to prove our side concern .cheating 🤦",2026-08-20T03:54:13.101Z,0,4.2608.20,https://play.google.com/store/apps/details?id=com.myntra.android&reviewId=95560ec6-6d31-485f-bcb9-c0e68473207d
34a7bbb7-3963-4f34-bb27-a54434f7c25a,play_store,IN,Ajal Sathyan,5,,good,2026-08-20T03:50:17.665Z,0,4.2607.43,https://play.google.com/store/apps/details?id=com.myntra.android&reviewId=34a7bbb7-3963-4f34-bb27-a54434f7c25a
a058cd58-d8a8-4d87-a1dc-3e4af4aebcec,play_store,IN,Bharat Chauhan,4,,preety good,2026-08-20T03:46:18.396Z,0,4.2508.20,https://play.google.com/store/apps/details?id=com.myntra.android&reviewId=a058cd58-d8a8-4d87-a1dc-3e4af4aebcec
4fe2158c-4da0-4011-9f6c-3efa059d75a6,play_store,IN,AMAN SINGH,5,,excellent,2026-08-20T03:44:00.248Z,0,4.2608.20,https://play.google.com/store/apps/details?id=com.myntra.android&reviewId=4fe2158c-4da0-4011-9f6c-3efa059d75a6
b4f4e0e5-24d5-429b-b474-5dd702c025d5,play_store,IN,Arijit Das,1,,"Myntra is a terrible and completely unreliable app. I have faced issues twice. The first time, I returned a product but never received my refund. The second time, they delivered the wrong product and are now refusing both a replacement and a return. This feels like outright cheating and extremely poor customer service. I have completely lost trust in Myntra and will never use this app again. Customers, please be very careful before ordering!",2026-08-20T03:38:42.636Z,0,4.2607.43,https://play.google.com/store/apps/details?id=com.myntra.android&reviewId=b4f4e0e5-24d5-429b-b474-5dd702c025d5
cf5cc0c1-66ea-45e7-b1ac-fcfa419b02ca,play_store,IN,MD IRFAN,5,,👍🏻,2026-08-20T03:33:33.989Z,0,4.2608.20,https://play.google.com/store/apps/details?id=com.myntra.android&reviewId=cf5cc0c1-66ea-45e7-b1ac-fcfa419b02ca
1079ef15-d132-446f-80c3-5ae531d25b0f,play_store,IN,Naveen Ranawat,5,,good for shopping,2026-08-20T03:33:10.855Z,0,4.2608.20,https://play.google.com/store/apps/details?id=com.myntra.android&reviewId=1079ef15-d132-446f-80c3-5ae531d25b0f
3e99cb97-e48e-4414-93eb-d9a43c200fd6,play_store,IN,Nidhi,5,,great app👍,2026-08-20T03:31:19.787Z,0,4.2606.31,https://play.google.com/store/apps/details?id=com.myntra.android&reviewId=3e99cb97-e48e-4414-93eb-d9a43c200fd6
2c1a8329-f5ad-4ce8-bebb-b80672f268ce,play_store,IN,Leela Kiran,5,,good quality,2026-08-20T03:30:35.227Z,0,4.2608.20,https://play.google.com/store/apps/details?id=com.myntra.android&reviewId=2c1a8329-f5ad-4ce8-bebb-b80672f268ce
fc8814e0-2352-47e4-915c-dd8cf069724a,play_store,IN,Aysha Raihan,5,,good,2026-08-20T03:28:02.101Z,0,4.2608.20,https://play.google.com/store/apps/details?id=com.myntra.android&reviewId=fc8814e0-2352-47e4-915c-dd8cf069724a
86c55fee-15c0-4ba9-993f-f520ece19fd1,play_store,IN,Ansh Singh,5,,this app is best for online shopping because this app gives you reward in form of cash and many biggest offer,2026-08-20T03:20:40.713Z,0,4.2608.20,https://play.google.com/store/apps/details?id=com.myntra.android&reviewId=86c55fee-15c0-4ba9-993f-f520ece19fd1
bd734e1c-cbc8-4bcd-ae1b-54fb9394c90a,play_store,IN,Ramya Sridaran,1,,Really I am disappointed with the delivery experience always late than the date mentioned all my recent orders were cancelled I had to order again.. 😑,2026-08-20T03:20:28.357Z,0,4.2608.20,https://play.google.com/store/apps/details?id=com.myntra.android&reviewId=bd734e1c-cbc8-4bcd-ae1b-54fb9394c90a
5e584e45-2cdd-44d8-a181-149cb210e756,play_store,IN,Mani P Kiccha,4,,nice,2026-08-20T03:14:04.200Z,0,4.2607.43,https://play.google.com/store/apps/details?id=com.myntra.android&reviewId=5e584e45-2cdd-44d8-a181-149cb210e756
e072a926-8c53-4827-afd7-6fa65e4ad326,play_store,IN,Kavita Yadav,5,,Great 💞🌏🌏🌏,2026-08-20T03:11:15.742Z,0,4.2607.43,https://play.google.com/store/apps/details?id=com.myntra.android&reviewId=e072a926-8c53-4827-afd7-6fa65e4ad326
a164f570-315d-4040-805d-8e175a83ccca,play_store,IN,Shamsher Singh,4,,good online shoping palet from,2026-08-20T03:10:38.544Z,0,,https://play.google.com/store/apps/details?id=com.myntra.android&reviewId=a164f570-315d-4040-805d-8e175a83ccca
7090ef74-b6b2-4c93-9a89-f647d3ad8a69,play_store,IN,Anita Gupta,5,,product quality is good,2026-08-20T03:07:16.105Z,0,4.2608.20,https://play.google.com/store/apps/details?id=com.myntra.android&reviewId=7090ef74-b6b2-4c93-9a89-f647d3ad8a69
4c611d53-09cf-41b2-ae01-aacd2ef69abc,play_store,IN,Kuntal Dash,5,,great,2026-08-20T03:06:19.885Z,0,,https://play.google.com/store/apps/details?id=com.myntra.android&reviewId=4c611d53-09cf-41b2-ae01-aacd2ef69abc
d4ceaba2-d2c0-441f-917e-63fb8f84f087,play_store,IN,Manisha Singh,5,,my favourite app,2026-08-20T03:04:40.367Z,0,4.2607.32,https://play.google.com/store/apps/details?id=com.myntra.android&reviewId=d4ceaba2-d2c0-441f-917e-63fb8f84f087
3a8eeae4-e347-4ea3-893d-4b664742d9bb,play_store,IN,Karthika Lalu,5,,Very convenient app for shopping,2026-08-20T03:04:20.414Z,0,4.2608.20,https://play.google.com/store/apps/details?id=com.myntra.android&reviewId=3a8eeae4-e347-4ea3-893d-4b664742d9bb
3c6cc0ca-7401-4133-b23e-0ad4b1bcff58,play_store,IN,Kiran Shrivastava,5,,woww,2026-08-20T03:03:23.897Z,0,4.2608.20,https://play.google.com/store/apps/details?id=com.myntra.android&reviewId=3c6cc0ca-7401-4133-b23e-0ad4b1bcff58
e4e8310e-4e23-4455-b590-9e541537a72f,play_store,IN,Amol Jadhav,5,,fast and responsive,2026-08-20T02:59:36.953Z,0,4.2608.20,https://play.google.com/store/apps/details?id=com.myntra.android&reviewId=e4e8310e-4e23-4455-b590-9e541537a72f
aa111448-490a-4109-bc52-65556dfbf2f5,play_store,IN,ARPITA RAJPUT,5,,good,2026-08-20T02:59:07.491Z,0,4.2608.20,https://play.google.com/store/apps/details?id=com.myntra.android&reviewId=aa111448-490a-4109-bc52-65556dfbf2f5
2b78dea7-c69c-4db7-b2b1-8e88d50ca221,play_store,IN,vishwaroop saha,5,,Nice,2026-08-20T02:57:12.345Z,0,4.2608.20,https://play.google.com/store/apps/details?id=com.myntra.android&reviewId=2b78dea7-c69c-4db7-b2b1-8e88d50ca221
c0315a04-ee55-4914-9a71-fa47898581a4,play_store,IN,Deepali Rathi,5,,Best,2026-08-20T02:55:37.100Z,0,4.2607.32,https://play.google.com/store/apps/details?id=com.myntra.android&reviewId=c0315a04-ee55-4914-9a71-fa47898581a4
bf5f6201-e702-4260-8b62-af34d74b8a30,play_store,IN,Isha Dogra,5,,using from years...getting great discounts on every purchase on the big brands...shopping is so easy now,2026-08-20T02:54:27.621Z,0,4.2607.43,https://play.google.com/store/apps/details?id=com.myntra.android&reviewId=bf5f6201-e702-4260-8b62-af34d74b8a30
ea26a31d-8305-4257-bc4f-af4e21ccbd74,play_store,IN,Nikhil Sambherao,5,,great !,2026-08-20T02:53:02.671Z,0,4.2608.20,https://play.google.com/store/apps/details?id=com.myntra.android&reviewId=ea26a31d-8305-4257-bc4f-af4e21ccbd74
dbeb5323-6a36-4d58-a895-c7373220c157,play_store,IN,Pallab Das,5,,I always like myntra. That's all.,2026-08-20T02:52:12.396Z,0,4.2604.20,https://play.google.com/store/apps/details?id=com.myntra.android&reviewId=dbeb5323-6a36-4d58-a895-c7373220c157
8947589c-892e-4b46-b688-a1d77db2de35,play_store,IN,Shaan Gouri,5,,one of the best shopping site in India fast delivery 🚚 and quality products,2026-08-20T02:50:43.704Z,0,4.2607.32,https://play.google.com/store/apps/details?id=com.myntra.android&reviewId=8947589c-892e-4b46-b688-a1d77db2de35
2b83e898-a7f4-4ff4-acc0-aca4dca4a143,play_store,IN,Lakshmi Mohan,1,,"Very disappointing experience with Myntra. My order was expected to arrive on August 17, but it was not delivered. I requested cancellation on the same day, but even after 2–3 days, it is still showing “Cancellation Requested/Processing.” I have not received my refund either. If the order had been delivered on time, there would be no issue. But the delivery date has passed, the product is still undelivered, and my refund is also pending. Please resolve this quickly.",2026-08-20T02:49:46.608Z,1,4.2608.20,https://play.google.com/store/apps/details?id=com.myntra.android&reviewId=2b83e898-a7f4-4ff4-acc0-aca4dca4a143
96f12653-581c-41bf-a110-b513f5373cdf,play_store,IN,Sneha kumari,5,,this app is good.,2026-08-20T02:48:48.767Z,0,4.2607.43,https://play.google.com/store/apps/details?id=com.myntra.android&reviewId=96f12653-581c-41bf-a110-b513f5373cdf
352ada10-8499-4f78-9ddb-0d33fec3557e,play_store,IN,Sudha,5,,"Great collection of top brands, trendy styles, and genuine quality products.",2026-08-20T02:48:43.563Z,0,4.2608.20,https://play.google.com/store/apps/details?id=com.myntra.android&reviewId=352ada10-8499-4f78-9ddb-0d33fec3557e
9ffcbab7-e3c4-4a4e-9216-7babdaca4488,play_store,IN,Best,5,,good app for fashion,2026-08-20T02:43:59.120Z,0,4.2608.20,https://play.google.com/store/apps/details?id=com.myntra.android&reviewId=9ffcbab7-e3c4-4a4e-9216-7babdaca4488
f93122d6-8422-4e93-988d-ab4a6eb2cb45,play_store,IN,DISHA AGRAWAL,5,,product quality are good,2026-08-20T02:42:49.859Z,0,4.2608.20,https://play.google.com/store/apps/details?id=com.myntra.android&reviewId=f93122d6-8422-4e93-988d-ab4a6eb2cb45
8f389b9f-fb5c-4ee9-ae09-2414cd1556fd,play_store,IN,Mridusmita Gogoi,5,,100% original products,2026-08-20T02:30:23.274Z,0,4.2608.20,https://play.google.com/store/apps/details?id=com.myntra.android&reviewId=8f389b9f-fb5c-4ee9-ae09-2414cd1556fd
8bc9d460-728a-462b-bf7a-0c84e67a10b7,play_store,IN,Nasim Mallik,5,,this product is amazing 🤩,2026-08-20T02:28:07.444Z,0,4.2608.20,https://play.google.com/store/apps/details?id=com.myntra.android&reviewId=8bc9d460-728a-462b-bf7a-0c84e67a10b7
d793478c-067c-47ad-a581-6087f415798f,play_store,IN,Dhanvi K P,5,,good.,2026-08-20T02:23:30.589Z,0,4.2607.43,https://play.google.com/store/apps/details?id=com.myntra.android&reviewId=d793478c-067c-47ad-a581-6087f415798f
0632ddd7-7a92-4d77-ba44-32d1fe1bea54,play_store,IN,Puspanjali Behera,5,,I’ve had a really good experience shopping on Myntra. The products usually look just like they do in the pictures,2026-08-20T02:23:13.615Z,0,4.2608.20,https://play.google.com/store/apps/details?id=com.myntra.android&reviewId=0632ddd7-7a92-4d77-ba44-32d1fe1bea54
a88eccbd-4824-426b-837f-edc51a24cbed,play_store,IN,Suryanshu Patra,3,,"In my myntra app , doesn't show spin option to get myntra cash.Please solve this problem!",2026-08-20T02:10:07.565Z,0,4.2608.20,https://play.google.com/store/apps/details?id=com.myntra.android&reviewId=a88eccbd-4824-426b-837f-edc51a24cbed
e901aa6b-7e6d-4855-ad6e-439a7c0692d3,play_store,IN,Priya Singh,5,,great shopping experience,2026-08-20T02:03:17.583Z,0,4.2608.20,https://play.google.com/store/apps/details?id=com.myntra.android&reviewId=e901aa6b-7e6d-4855-ad6e-439a7c0692d3
4e704263-53e1-4e6d-bdc0-364f5b81708e,play_store,IN,Naveen,5,,best product,2026-08-20T01:43:52.409Z,0,4.2607.43,https://play.google.com/store/apps/details?id=com.myntra.android&reviewId=4e704263-53e1-4e6d-bdc0-364f5b81708e
05e69414-d247-40f2-83ce-19f5bcede717,play_store,IN,Palak Alen,5,,purchasing experience with myntra is nice,2026-08-20T01:40:37.543Z,0,4.2512.21,https://play.google.com/store/apps/details?id=com.myntra.android&reviewId=05e69414-d247-40f2-83ce-19f5bcede717
5b803897-4565-4cb6-9fcc-dd4ddae98192,play_store,IN,Siwang Yonzone,5,,best but price high,2026-08-20T01:39:21.713Z,0,4.2606.31,https://play.google.com/store/apps/details?id=com.myntra.android&reviewId=5b803897-4565-4cb6-9fcc-dd4ddae98192
f3394f69-fa31-4c1d-b2e4-7ef3de12e33e,play_store,IN,Janu Kumar,5,,awesome discount,2026-08-20T01:36:24.489Z,0,4.2608.20,https://play.google.com/store/apps/details?id=com.myntra.android&reviewId=f3394f69-fa31-4c1d-b2e4-7ef3de12e33e
38c9bdb7-c975-4520-bfdb-8c2c2d4771e1,play_store,IN,25 MANUSHI JANI,1,,"Zero star option isn't available, delivery attempt was never made and got that delivery attempt failed message. Raised an issue but always bot replies and when called no one picks the call. delivery agent number given but always got declined. Never order from this app they only give fake hopes for early delivery . Worst app ever",2026-08-20T01:24:20.980Z,0,,https://play.google.com/store/apps/details?id=com.myntra.android&reviewId=38c9bdb7-c975-4520-bfdb-8c2c2d4771e1
c09d4fe2-d223-422c-96f6-7bf8561a3ede,play_store,IN,Akansha Dhabre,5,,awesome app and we get instant delivery on time. quality also good.,2026-08-20T01:16:18.304Z,0,4.2607.43,https://play.google.com/store/apps/details?id=com.myntra.android&reviewId=c09d4fe2-d223-422c-96f6-7bf8561a3ede
4cb1601e-52d0-4f05-bb41-2b82c11d44a1,play_store,IN,Aditi,5,,love the app,2026-08-20T01:08:51.213Z,0,4.2607.32,https://play.google.com/store/apps/details?id=com.myntra.android&reviewId=4cb1601e-52d0-4f05-bb41-2b82c11d44a1
a30e70d3-ee2b-4b27-9afa-583bb9064c70,play_store,IN,GOD LOVES US,5,,most trusted app,2026-08-20T01:08:01.495Z,0,4.2608.20,https://play.google.com/store/apps/details?id=com.myntra.android&reviewId=a30e70d3-ee2b-4b27-9afa-583bb9064c70
004030d7-c43b-4568-8b83-9859a9c6bde0,play_store,IN,Sonam Khan,5,,Best product ever....,2026-08-20T01:07:01.381Z,0,4.2608.20,https://play.google.com/store/apps/details?id=com.myntra.android&reviewId=004030d7-c43b-4568-8b83-9859a9c6bde0
a446f308-9f17-4dee-a360-6ddc68f13395,play_store,IN,Rinki Sharma,5,,very much better clothes and cloths fabric in minimum price,2026-08-20T01:04:44.345Z,0,4.2608.20,https://play.google.com/store/apps/details?id=com.myntra.android&reviewId=a446f308-9f17-4dee-a360-6ddc68f13395
1613d0ab-7c03-4d7f-8b69-5d192ab83100,play_store,IN,Bimol So ren,5,,wow,2026-08-20T01:01:51.959Z,0,,https://play.google.com/store/apps/details?id=com.myntra.android&reviewId=1613d0ab-7c03-4d7f-8b69-5d192ab83100
283470a5-a0f3-43fc-a0b0-6935ce2a71d5,play_store,IN,Deepesh Singh Rajawat,5,,bahut achaa kapda Hai colour bhi badiya hai,2026-08-20T00:59:27.973Z,0,4.2607.32,https://play.google.com/store/apps/details?id=com.myntra.android&reviewId=283470a5-a0f3-43fc-a0b0-6935ce2a71d5
a08eb0a1-3d82-4e22-b957-a366ca26b4b1,play_store,IN,Writer Ji,3,,Good,2026-08-20T00:59:25.345Z,0,4.2607.43,https://play.google.com/store/apps/details?id=com.myntra.android&reviewId=a08eb0a1-3d82-4e22-b957-a366ca26b4b1
1bf293bc-3ae1-4325-a21a-0b3c39553fad,play_store,IN,Chaithra A T,5,,awesome app,2026-08-20T00:55:05.358Z,0,4.2607.43,https://play.google.com/store/apps/details?id=com.myntra.android&reviewId=1bf293bc-3ae1-4325-a21a-0b3c39553fad
e7fce6a3-873b-45a2-a0b5-f6ba98317e8d,play_store,IN,Veer pratap Thakur,5,,deliver as it shows in the app,2026-08-20T00:28:28.991Z,0,4.2606.31,https://play.google.com/store/apps/details?id=com.myntra.android&reviewId=e7fce6a3-873b-45a2-a0b5-f6ba98317e8d
01652300-0422-4c54-a3d7-681375078314,play_store,IN,Subhajit Mandal,5,,very good service,2026-08-20T00:23:33.191Z,0,4.2608.20,https://play.google.com/store/apps/details?id=com.myntra.android&reviewId=01652300-0422-4c54-a3d7-681375078314
cd7397fd-81f1-4fc7-a0e1-842e682cd5db,play_store,IN,Vishvajit Singh,5,,nice,2026-08-19T23:55:37.440Z,0,4.2607.43,https://play.google.com/store/apps/details?id=com.myntra.android&reviewId=cd7397fd-81f1-4fc7-a0e1-842e682cd5db
3470746d-74cd-4c9b-872d-a28da4def7b2,play_store,IN,Abhishek Haripal,5,,very good,2026-08-19T23:47:52.488Z,0,4.2608.20,https://play.google.com/store/apps/details?id=com.myntra.android&reviewId=3470746d-74cd-4c9b-872d-a28da4def7b2
8b89cea1-c9ba-48f5-959a-bef1986c2b1f,play_store,IN,Sarat chandra Sharma,5,,Fantastic shopping app,2026-08-19T22:55:13.427Z,0,4.2607.32,https://play.google.com/store/apps/details?id=com.myntra.android&reviewId=8b89cea1-c9ba-48f5-959a-bef1986c2b1f
54ae5bc0-b862-4978-90e2-4b61f4650cf3,play_store,IN,sameera imran,5,,best app to shop...,2026-08-19T22:01:56.293Z,0,4.2608.20,https://play.google.com/store/apps/details?id=com.myntra.android&reviewId=54ae5bc0-b862-4978-90e2-4b61f4650cf3
fa9862cf-0d20-42fa-8348-4b3c30d58455,play_store,IN,Subhranil Pal,5,,myntra is best online purchase platform it's a very good site and many offers and discounts provided by myntra .,2026-08-19T21:00:57.900Z,0,4.2608.20,https://play.google.com/store/apps/details?id=com.myntra.android&reviewId=fa9862cf-0d20-42fa-8348-4b3c30d58455
81d92fde-2c46-4120-b7fa-18ba1362314e,play_store,IN,Alice Xalxo,5,,superb quality,2026-08-19T20:53:48.965Z,0,4.2607.43,https://play.google.com/store/apps/details?id=com.myntra.android&reviewId=81d92fde-2c46-4120-b7fa-18ba1362314e
67781d72-cb70-420f-aa5e-1044869c6d43,play_store,IN,Parbesh Nepali,5,,I was thinking the product will not be good but after using product from myntra i don't think so my money were wasted,2026-08-19T20:42:15.678Z,0,4.2608.20,https://play.google.com/store/apps/details?id=com.myntra.android&reviewId=67781d72-cb70-420f-aa5e-1044869c6d43
313f719b-76ff-4d33-a462-50c1e13ad1bb,play_store,IN,binod kumar,5,,best plateform to buy all products,2026-08-19T20:39:51.306Z,0,4.2210.2,https://play.google.com/store/apps/details?id=com.myntra.android&reviewId=313f719b-76ff-4d33-a462-50c1e13ad1bb
99b3adaa-47a5-4966-b5d6-fad8e7955730,play_store,IN,saswati ghosh,5,,"Satisfying experience..... Had a really good experience shopping from Myntra. The products were genuine, well-packed, and delivered on time. The overall shopping experience was smooth and hassle free, with plenty of options to choose from. Definitely a reliable platform for online shopping!",2026-08-19T20:18:43.462Z,0,4.2608.20,https://play.google.com/store/apps/details?id=com.myntra.android&reviewId=99b3adaa-47a5-4966-b5d6-fad8e7955730
e0bb70fc-fc57-41c6-a50a-cdf5aa681edd,play_store,IN,Ashish Mehta,1,,"worst app ever , my order has been delayed by 10 days and is still in arriving they don't under stand the value of costomer someone can have emergency . I'm never gonna use thi app now and not gonna recommend any one else to order from here 😒",2026-08-19T20:08:17.691Z,0,4.2608.20,https://play.google.com/store/apps/details?id=com.myntra.android&reviewId=e0bb70fc-fc57-41c6-a50a-cdf5aa681edd
b8835e94-fe31-4230-90b4-ad3e985bfb32,play_store,IN,Sancha Pura,5,,very good online app,2026-08-19T20:07:07.626Z,0,4.2607.43,https://play.google.com/store/apps/details?id=com.myntra.android&reviewId=b8835e94-fe31-4230-90b4-ad3e985bfb32
dd06c51c-fa15-4950-9195-b725064f3146,play_store,IN,Meghana Prakash,5,,very good,2026-08-19T19:58:27.848Z,0,4.2606.30,https://play.google.com/store/apps/details?id=com.myntra.android&reviewId=dd06c51c-fa15-4950-9195-b725064f3146
cbe6adaf-4871-4103-975b-c49d1ca68cb0,play_store,IN,saroj sain,5,,we always receive good quality products by myntra and always receive on time,2026-08-19T19:54:57.587Z,0,4.2607.43,https://play.google.com/store/apps/details?id=com.myntra.android&reviewId=cbe6adaf-4871-4103-975b-c49d1ca68cb0
0ffd7dd6-4bf5-4fca-a286-6dc7784528b5,play_store,IN,Jimlee Mither,5,,Good,2026-08-19T19:51:35.139Z,0,4.2608.20,https://play.google.com/store/apps/details?id=com.myntra.android&reviewId=0ffd7dd6-4bf5-4fca-a286-6dc7784528b5
c2d5bd8d-cca3-4510-9151-a2e0cec299ed,play_store,IN,MOHD ATIF,5,,best for new collection,2026-08-19T19:51:01.347Z,0,4.2607.43,https://play.google.com/store/apps/details?id=com.myntra.android&reviewId=c2d5bd8d-cca3-4510-9151-a2e0cec299ed
b4209d66-f8eb-4d46-8ecd-de1592232f8f,play_store,IN,Vivek Verma,5,,awesome,2026-08-19T19:48:23.304Z,0,4.2607.43,https://play.google.com/store/apps/details?id=com.myntra.android&reviewId=b4209d66-f8eb-4d46-8ecd-de1592232f8f
8fe4113b-3553-4b84-a55f-feadf8c82dfc,play_store,IN,Titly Barui,5,,very nice 👍🏻,2026-08-19T19:47:48.235Z,0,4.2607.43,https://play.google.com/store/apps/details?id=com.myntra.android&reviewId=8fe4113b-3553-4b84-a55f-feadf8c82dfc
3eeef85a-683f-4a7d-bbfa-54f164a0db28,play_store,IN,SANJAYAN M,1,,horrible...... once it was a great app /website for shopping now it became one of the worst than worst .... delivery is always delayed that too weeks from the actual date of delivery or delivery is cancelled automatically.... horrible service..not recommended.,2026-08-19T19:37:44.751Z,0,4.2608.20,https://play.google.com/store/apps/details?id=com.myntra.android&reviewId=3eeef85a-683f-4a7d-bbfa-54f164a0db28
227754c1-6248-4d60-b435-2af9d0a4a48c,play_store,IN,Aditya,5,,"I found myntra OG , here , can get original products of almost 90 % of the brands",2026-08-19T19:37:43.121Z,0,,https://play.google.com/store/apps/details?id=com.myntra.android&reviewId=227754c1-6248-4d60-b435-2af9d0a4a48c
ac7b85ab-2431-4a77-aa0a-37ba99c06c1d,play_store,IN,Gurbani Arora,5,,good app,2026-08-19T19:36:47.497Z,0,4.2607.43,https://play.google.com/store/apps/details?id=com.myntra.android&reviewId=ac7b85ab-2431-4a77-aa0a-37ba99c06c1d
e8f97f7e-7979-4a3e-9045-e37e21ace29b,play_store,IN,Shrn Virk,5,,superb app best quality and affordable,2026-08-19T19:34:28.996Z,0,4.2608.20,https://play.google.com/store/apps/details?id=com.myntra.android&reviewId=e8f97f7e-7979-4a3e-9045-e37e21ace29b
b5c66939-8425-4f71-ba8a-3fc61b44b9e9,play_store,IN,Shaik Shawali,2,,my account why deactivated iam not login by last two days please clarify problem myntra team,2026-08-19T19:31:21.934Z,0,,https://play.google.com/store/apps/details?id=com.myntra.android&reviewId=b5c66939-8425-4f71-ba8a-3fc61b44b9e9
be691d54-51d5-4ad8-aca6-fa4b66c85d80,play_store,IN,MAHESH K,5,,good,2026-08-19T19:30:45.969Z,0,4.2608.20,https://play.google.com/store/apps/details?id=com.myntra.android&reviewId=be691d54-51d5-4ad8-aca6-fa4b66c85d80
3bc352a3-3a76-45f1-93a8-f805386556ef,play_store,IN,Mohit Gujjar,5,,I have ordered 3 items till now and all of that are same as I ordered. good experience so far,2026-08-19T19:25:32.179Z,0,4.2608.20,https://play.google.com/store/apps/details?id=com.myntra.android&reviewId=3bc352a3-3a76-45f1-93a8-f805386556ef
bd175d53-37c8-4ee9-b3db-fc7c308bb42d,play_store,IN,Gaming State,5,,good app,2026-08-19T19:20:07.947Z,0,4.2606.31,https://play.google.com/store/apps/details?id=com.myntra.android&reviewId=bd175d53-37c8-4ee9-b3db-fc7c308bb42d
4790b5ef-c28d-4cf8-bcd3-3f939eca2b24,play_store,IN,Pragnesh Prajapati,5,,great service 🥂,2026-08-19T19:14:11.219Z,0,4.2608.20,https://play.google.com/store/apps/details?id=com.myntra.android&reviewId=4790b5ef-c28d-4cf8-bcd3-3f939eca2b24
f2da281c-72b4-46fc-91a3-55c86c0962f0,play_store,IN,Mahesh Maurya,5,,Best Plateform for shopping,2026-08-19T19:08:28.666Z,0,4.2608.20,https://play.google.com/store/apps/details?id=com.myntra.android&reviewId=f2da281c-72b4-46fc-91a3-55c86c0962f0
3dc5cee4-ab3b-4b0e-87df-6ba844ffc076,play_store,IN,Tanaya Saha,5,,best shoping app🥰🥰🥰,2026-08-19T19:07:18.517Z,0,4.2607.43,https://play.google.com/store/apps/details?id=com.myntra.android&reviewId=3dc5cee4-ab3b-4b0e-87df-6ba844ffc076
28576271-678c-4c83-9bc6-34717252887a,play_store,IN,rekha kumari,5,,🥳🥳 acch h,2026-08-19T19:02:58.258Z,0,4.2607.43,https://play.google.com/store/apps/details?id=com.myntra.android&reviewId=28576271-678c-4c83-9bc6-34717252887a
7d65c676-3764-4d7d-8526-457d3d8a9b92,play_store,IN,SUNIL KUMAR SAINI,1,,Fake working in myntra case,2026-08-19T19:01:58.100Z,0,4.2608.20,https://play.google.com/store/apps/details?id=com.myntra.android&reviewId=7d65c676-3764-4d7d-8526-457d3d8a9b92
20942d15-23a0-4192-b7b5-c191327edf4a,play_store,IN,Mahesh konari,5,,nice,2026-08-19T19:01:40.166Z,0,4.2607.43,https://play.google.com/store/apps/details?id=com.myntra.android&reviewId=20942d15-23a0-4192-b7b5-c191327edf4a
b4e82f02-0f49-4785-acd6-52eceab5b01e,play_store,IN,Aamir Khan,5,,nic,2026-08-19T18:54:47.460Z,0,4.2608.20,https://play.google.com/store/apps/details?id=com.myntra.android&reviewId=b4e82f02-0f49-4785-acd6-52eceab5b01e
036e72a5-42ab-4590-8354-34df2b808eb6,play_store,IN,Shweta Thakur,5,,🥰❤️,2026-08-19T18:52:35.757Z,0,4.2608.20,https://play.google.com/store/apps/details?id=com.myntra.android&reviewId=036e72a5-42ab-4590-8354-34df2b808eb6
62803acf-ba1c-43f1-b300-561e607d9e2d,play_store,IN,YUG SAILOR,5,,VERY good,2026-08-19T18:52:25.228Z,0,4.2607.43,https://play.google.com/store/apps/details?id=com.myntra.android&reviewId=62803acf-ba1c-43f1-b300-561e607d9e2d
b5bcbfc0-a5f1-4a26-8d50-aad34726d8ba,play_store,IN,HIMANSHU LOHANI,5,,one stop solution for your life needs,2026-08-19T18:49:50.368Z,0,,https://play.google.com/store/apps/details?id=com.myntra.android&reviewId=b5bcbfc0-a5f1-4a26-8d50-aad34726d8ba
0694ad79-bf5b-4485-9165-e81263663841,play_store,IN,Shagufta Parveen,5,,amazing app,2026-08-19T18:41:45.655Z,0,4.2608.20,https://play.google.com/store/apps/details?id=com.myntra.android&reviewId=0694ad79-bf5b-4485-9165-e81263663841
48310054-6034-458a-8213-11a45975dc6b,play_store,IN,Mitali Maravi,5,,❤️,2026-08-19T18:41:43.629Z,0,,https://play.google.com/store/apps/details?id=com.myntra.android&reviewId=48310054-6034-458a-8213-11a45975dc6b
63a6c755-bed1-4d32-879a-827641815106,play_store,IN,Mukesh yadav,5,,nice,2026-08-19T18:40:08.934Z,0,4.2608.20,https://play.google.com/store/apps/details?id=com.myntra.android&reviewId=63a6c755-bed1-4d32-879a-827641815106
5f493b95-b719-4151-a50a-da98a015c207,play_store,IN,Indroneel Dey,4,,great,2026-08-19T18:37:44.120Z,0,4.2606.31,https://play.google.com/store/apps/details?id=com.myntra.android&reviewId=5f493b95-b719-4151-a50a-da98a015c207
8dad79d5-3a43-4226-be24-a8b6af58f2d8,play_store,IN,Karuna,5,,nice,2026-08-19T18:36:52.830Z,0,4.2608.20,https://play.google.com/store/apps/details?id=com.myntra.android&reviewId=8dad79d5-3a43-4226-be24-a8b6af58f2d8
036ea8c5-6599-421d-9322-29067e7b341e,play_store,IN,Soma Karmakar,5,,good 😊,2026-08-19T18:35:49.661Z,0,4.2607.43,https://play.google.com/store/apps/details?id=com.myntra.android&reviewId=036ea8c5-6599-421d-9322-29067e7b341e
1228bc47-fc1b-44be-aad5-84bcc2743138,play_store,IN,Rehan Shah,5,,good and best online shopping 🛍,2026-08-19T18:35:40.910Z,0,4.2608.20,https://play.google.com/store/apps/details?id=com.myntra.android&reviewId=1228bc47-fc1b-44be-aad5-84bcc2743138
14e82bca-7686-4198-9533-767d7103b2bd,play_store,IN,Surya K,4,,good quality and better to shoping,2026-08-19T18:34:38.656Z,0,,https://play.google.com/store/apps/details?id=com.myntra.android&reviewId=14e82bca-7686-4198-9533-767d7103b2bd
cf3d231c-9768-490a-8090-92b2c0a1fea4,play_store,IN,Santosh pawar,3,,good,2026-08-19T18:33:34.833Z,0,4.2608.20,https://play.google.com/store/apps/details?id=com.myntra.android&reviewId=cf3d231c-9768-490a-8090-92b2c0a1fea4
aad5e5a1-d68e-46d5-a5be-e5af48b3e697,play_store,IN,Suman Bharti,5,,very nice,2026-08-19T18:30:37.629Z,0,4.2608.20,https://play.google.com/store/apps/details?id=com.myntra.android&reviewId=aad5e5a1-d68e-46d5-a5be-e5af48b3e697
0c812323-b98a-44b8-aada-9205273a93fa,play_store,IN,Soma Roy,5,,good,2026-08-19T18:27:49.984Z,0,4.2608.20,https://play.google.com/store/apps/details?id=com.myntra.android&reviewId=0c812323-b98a-44b8-aada-9205273a93fa
2aab05ff-5804-4ef1-b2dd-24e6d6a76cab,play_store,IN,Vijay Ganesh.R,5,,excellent product with offers,2026-08-19T18:27:01.498Z,0,4.2608.20,https://play.google.com/store/apps/details?id=com.myntra.android&reviewId=2aab05ff-5804-4ef1-b2dd-24e6d6a76cab
13e42e52-ddc7-4ef0-9cce-09256f58ac28,play_store,IN,arthi siddhi,5,,"Has great quality of clothes and Great collection, love it",2026-08-19T18:21:21.849Z,0,,https://play.google.com/store/apps/details?id=com.myntra.android&reviewId=13e42e52-ddc7-4ef0-9cce-09256f58ac28
82d26817-2a1a-4ad2-9970-436ddc8b4910,play_store,IN,Abhi Jha,5,,osm,2026-08-19T18:19:44.880Z,0,,https://play.google.com/store/apps/details?id=com.myntra.android&reviewId=82d26817-2a1a-4ad2-9970-436ddc8b4910
bd2a93bd-f136-4d95-937c-e05849d9adbb,play_store,IN,vrushali torne,5,,it's amazing,2026-08-19T18:16:41.457Z,0,4.2608.20,https://play.google.com/store/apps/details?id=com.myntra.android&reviewId=bd2a93bd-f136-4d95-937c-e05849d9adbb
11fc822e-9054-46b1-aaf3-7dc8a593f110,play_store,IN,App Center,5,,best,2026-08-19T18:15:53.542Z,0,4.2508.11,https://play.google.com/store/apps/details?id=com.myntra.android&reviewId=11fc822e-9054-46b1-aaf3-7dc8a593f110
92973e72-8d1b-4677-9e4d-48034c428815,play_store,IN,Rashikanta Bishal,5,,"myntra product quality original A1,and paking just wow",2026-08-19T18:15:38.173Z,0,4.2607.43,https://play.google.com/store/apps/details?id=com.myntra.android&reviewId=92973e72-8d1b-4677-9e4d-48034c428815
93d834bd-4f19-4cb9-bf18-4ab8506fa1e4,play_store,IN,Manisha Munda,5,,Very nice 👍...,2026-08-19T18:13:37.316Z,0,4.2608.20,https://play.google.com/store/apps/details?id=com.myntra.android&reviewId=93d834bd-4f19-4cb9-bf18-4ab8506fa1e4
5973ede2-38dc-4d6f-ac9b-d1f6977c42d0,play_store,IN,sasmita Panigrahi,5,,Very easy to use and quality of the product is very good,2026-08-19T18:09:19.670Z,0,4.2608.20,https://play.google.com/store/apps/details?id=com.myntra.android&reviewId=5973ede2-38dc-4d6f-ac9b-d1f6977c42d0
49362885-d63d-4836-8060-0be8b2c4a831,play_store,IN,Aahana Mittal,5,,bestest,2026-08-19T18:07:57.684Z,0,,https://play.google.com/store/apps/details?id=com.myntra.android&reviewId=49362885-d63d-4836-8060-0be8b2c4a831
32f45751-6604-4b57-89ff-a6ee52825769,play_store,IN,Poonam Dabi,5,,trusted online aap myntra quality very best & branded original item 👌,2026-08-19T18:04:16.723Z,0,4.2608.20,https://play.google.com/store/apps/details?id=com.myntra.android&reviewId=32f45751-6604-4b57-89ff-a6ee52825769
701a5197-6933-489b-91e9-9d7bdb3f7dce,play_store,IN,Gunjan Kumari,5,,Good App that sells genuine products Very good UI,2026-08-19T18:02:09.266Z,0,,https://play.google.com/store/apps/details?id=com.myntra.android&reviewId=701a5197-6933-489b-91e9-9d7bdb3f7dce
7f429698-5636-46d1-8ad4-1d9aa00820ac,play_store,IN,Swapan Jana,5,,this is a good app i like it very very much.. i all time use this app for purchase purpose.,2026-08-19T17:56:22.759Z,0,4.2608.20,https://play.google.com/store/apps/details?id=com.myntra.android&reviewId=7f429698-5636-46d1-8ad4-1d9aa00820ac
233da6ec-3ae0-4505-88b2-9aa7e8761059,play_store,IN,Devilal Pateer,5,,I've used the app it's very great best one,2026-08-19T17:54:47.772Z,0,,https://play.google.com/store/apps/details?id=com.myntra.android&reviewId=233da6ec-3ae0-4505-88b2-9aa7e8761059
c2c3aba9-c159-4ef9-bd0a-2e39405943ef,play_store,IN,Pratik Bawane,1,,worst app ever the order gets cancelled after waiting for long time without any prior information about cancelled product and the refund money used to get in account after several days,2026-08-19T17:53:10.103Z,0,4.2607.43,https://play.google.com/store/apps/details?id=com.myntra.android&reviewId=c2c3aba9-c159-4ef9-bd0a-2e39405943ef
21fa8d22-ebc4-423f-90cd-d7d32a08da4c,play_store,IN,Vishnu Priya,1,,worst app . no customer service,2026-08-19T17:51:34.804Z,0,4.2606.31,https://play.google.com/store/apps/details?id=com.myntra.android&reviewId=21fa8d22-ebc4-423f-90cd-d7d32a08da4c
a58783ef-f123-4a3a-8eb1-27c1739feecd,play_store,IN,Deepayan Patra,5,,good,2026-08-19T17:47:04.243Z,0,,https://play.google.com/store/apps/details?id=com.myntra.android&reviewId=a58783ef-f123-4a3a-8eb1-27c1739feecd
24aff929-d679-4ae1-89bb-549c4d79b6a9,play_store,IN,SAGAR HALDER,5,,Myntra is known for its quality products. keep it up 💪,2026-08-19T17:42:32.474Z,0,4.2607.43,https://play.google.com/store/apps/details?id=com.myntra.android&reviewId=24aff929-d679-4ae1-89bb-549c4d79b6a9
097e1981-04cb-46ac-b43e-e92dbc47ff9e,play_store,IN,Shivam Chauhan,5,,nice myntra app,2026-08-19T17:41:37.437Z,0,4.2608.20,https://play.google.com/store/apps/details?id=com.myntra.android&reviewId=097e1981-04cb-46ac-b43e-e92dbc47ff9e
9d416ca9-03e1-4b56-8408-155ebf75482a,play_store,IN,Shubham Yadav,5,,good😊👍,2026-08-19T17:39:25.220Z,0,4.2606.31,https://play.google.com/store/apps/details?id=com.myntra.android&reviewId=9d416ca9-03e1-4b56-8408-155ebf75482a
c1456cf9-bb99-4dc7-8856-000c3db56cb0,play_store,IN,Kishor Dᴀs,5,,everything branded product ✨️,2026-08-19T17:33:26.867Z,0,4.2608.20,https://play.google.com/store/apps/details?id=com.myntra.android&reviewId=c1456cf9-bb99-4dc7-8856-000c3db56cb0
45468760-6192-484e-ab4a-9d6338a26c24,play_store,IN,182- Priyanka Mohapatra,5,,Best aap for online shopping,2026-08-19T17:33:24.630Z,0,4.2608.20,https://play.google.com/store/apps/details?id=com.myntra.android&reviewId=45468760-6192-484e-ab4a-9d6338a26c24
8fa6ca07-9239-4676-9e8c-e0885441f898,play_store,IN,Taba Ama,5,,nice app,2026-08-19T17:31:45.880Z,0,4.2608.20,https://play.google.com/store/apps/details?id=com.myntra.android&reviewId=8fa6ca07-9239-4676-9e8c-e0885441f898
b327584d-31b0-48fb-8677-13d3a6f19b23,play_store,IN,Iti Tiwari,5,,it's too smooth,2026-08-19T17:31:36.599Z,0,4.2608.20,https://play.google.com/store/apps/details?id=com.myntra.android&reviewId=b327584d-31b0-48fb-8677-13d3a6f19b23
11f08766-4af7-467f-b5aa-c0ab47624727,play_store,IN,Alekh Upadhyay,5,,nice app,2026-08-19T17:31:10.343Z,0,4.2607.43,https://play.google.com/store/apps/details?id=com.myntra.android&reviewId=11f08766-4af7-467f-b5aa-c0ab47624727
a6824221-f03a-4e82-ad55-47591c3bb73d,play_store,IN,Sandhya Raj,5,,amazing app,2026-08-19T17:31:08.194Z,0,,https://play.google.com/store/apps/details?id=com.myntra.android&reviewId=a6824221-f03a-4e82-ad55-47591c3bb73d
1796fd0f-08fb-4f16-8273-03c5676a0896,play_store,IN,anshika Sharma,5,,best platform to go with trend 😍😍💖,2026-08-19T17:28:21.996Z,0,4.2607.11,https://play.google.com/store/apps/details?id=com.myntra.android&reviewId=1796fd0f-08fb-4f16-8273-03c5676a0896
97de2371-e82b-4b00-9397-488279ae9df2,play_store,IN,Jajam Lakshiminarayanamma,5,,Good experience,2026-08-19T17:25:25.446Z,0,4.2608.20,https://play.google.com/store/apps/details?id=com.myntra.android&reviewId=97de2371-e82b-4b00-9397-488279ae9df2
0de19a08-de32-4e1a-9957-ffac0a836d74,play_store,IN,Khushi,5,,As a young girl it is always best experience to do shopping but if it's myntra shopping naturally becomes a hobby 😍😇 thank you mantra for great shopping experience with numerous choices with latest fashion 🤗,2026-08-19T17:23:19.166Z,0,4.2606.31,https://play.google.com/store/apps/details?id=com.myntra.android&reviewId=0de19a08-de32-4e1a-9957-ffac0a836d74
820984aa-d5f1-4b2d-aa1e-ae6b9287b575,play_store,IN,Sabbir Alam Alam,5,,best apps,2026-08-19T17:20:01.512Z,0,,https://play.google.com/store/apps/details?id=com.myntra.android&reviewId=820984aa-d5f1-4b2d-aa1e-ae6b9287b575
0456f811-b8b1-411f-9b18-da085df4827a,play_store,IN,D .Vasanthi Vasanthi,5,,super 👌 👍 😍,2026-08-19T17:16:34.555Z,0,4.2607.43,https://play.google.com/store/apps/details?id=com.myntra.android&reviewId=0456f811-b8b1-411f-9b18-da085df4827a
da8d9cf7-1157-4358-b27b-2609fc8ee45e,play_store,IN,Keerti Singh,1,,"Very disappointing customer support experience with Myntra. I’ve been trying to get a resolution for my issue, but the chat support keeps giving irrelevant AI-generated responses and doesn’t actually address the problem. The chat even ends on its own without providing any resolution. When I request a callback, an AI answers the call as well, leaving me with no proper assistance or solution. What kind of customer support is this when there’s no actual human support and no resolution?",2026-08-19T17:15:29.139Z,0,4.2608.20,https://play.google.com/store/apps/details?id=com.myntra.android&reviewId=da8d9cf7-1157-4358-b27b-2609fc8ee45e
39ce13d9-d82b-400a-80d8-896c4a8618c6,play_store,IN,Badboys Here,5,,ok ok,2026-08-19T17:13:47.591Z,0,,https://play.google.com/store/apps/details?id=com.myntra.android&reviewId=39ce13d9-d82b-400a-80d8-896c4a8618c6
4810b6b3-cbc3-4f34-add8-9b509a08da06,play_store,IN,Aparna Patel,5,,good,2026-08-19T17:10:17.597Z,0,4.2608.20,https://play.google.com/store/apps/details?id=com.myntra.android&reviewId=4810b6b3-cbc3-4f34-add8-9b509a08da06
64201cff-7358-4473-875c-6c02e603119b,play_store,IN,Robin Singh,5,,one of the best 🙂,2026-08-19T17:08:52.490Z,0,4.2607.32,https://play.google.com/store/apps/details?id=com.myntra.android&reviewId=64201cff-7358-4473-875c-6c02e603119b
fff0bd2c-e959-44ef-bfaf-b671623e0e75,play_store,IN,Rehan,5,,great app and have good delivery service,2026-08-19T17:08:27.191Z,0,,https://play.google.com/store/apps/details?id=com.myntra.android&reviewId=fff0bd2c-e959-44ef-bfaf-b671623e0e75
71403675-31f1-4e0d-9d53-a6f3f949e059,play_store,IN,Ancient Academy,5,,very good,2026-08-19T17:08:12.351Z,0,4.2606.31,https://play.google.com/store/apps/details?id=com.myntra.android&reviewId=71403675-31f1-4e0d-9d53-a6f3f949e059
2ef1b7cf-a736-47db-a751-9dcfac608e88,play_store,IN,Seema Jaat,5,,good,2026-08-19T17:07:44.882Z,0,4.2607.43,https://play.google.com/store/apps/details?id=com.myntra.android&reviewId=2ef1b7cf-a736-47db-a751-9dcfac608e88
1bf5bbc9-fdbd-401e-b40e-132dd172e4b0,play_store,IN,Nitish Narula,1,,Absolutely fraud application. return not processed. Customer care executive hold time 30 min. for absolutely rubbish and no resolution. This is happening in 2026 👎👎,2026-08-19T17:07:15.960Z,0,4.2608.20,https://play.google.com/store/apps/details?id=com.myntra.android&reviewId=1bf5bbc9-fdbd-401e-b40e-132dd172e4b0
24d37dfb-5c84-4ff5-9efc-d50c3e03914e,play_store,IN,Shiva Lodwal,5,,excellent,2026-08-19T17:04:51.213Z,0,,https://play.google.com/store/apps/details?id=com.myntra.android&reviewId=24d37dfb-5c84-4ff5-9efc-d50c3e03914e
09c41f1c-b99f-459e-838f-b78ccc22b63e,play_store,IN,Mira Mahato,5,,best platform ever😍,2026-08-19T17:04:05.760Z,0,4.2607.32,https://play.google.com/store/apps/details?id=com.myntra.android&reviewId=09c41f1c-b99f-459e-838f-b78ccc22b63e
94d28282-d6bb-4508-9ad0-f932432aef21,play_store,IN,Vikas Malik,2,,Neet to improve many things special customers support system,2026-08-19T17:01:37.281Z,0,4.2608.20,https://play.google.com/store/apps/details?id=com.myntra.android&reviewId=94d28282-d6bb-4508-9ad0-f932432aef21
7326c319-d89b-45da-b0e6-f992864d6ba3,play_store,IN,AMMA kannada channel,5,,very good products,2026-08-19T17:01:11.419Z,0,4.2608.20,https://play.google.com/store/apps/details?id=com.myntra.android&reviewId=7326c319-d89b-45da-b0e6-f992864d6ba3
f4771fc7-6924-4f20-99f1-0856b0b2913b,play_store,IN,neha soni,5,,wonderful,2026-08-19T16:58:36.734Z,0,4.2607.43,https://play.google.com/store/apps/details?id=com.myntra.android&reviewId=f4771fc7-6924-4f20-99f1-0856b0b2913b
0337eb01-7851-458c-bedf-65bd1c87044f,play_store,IN,Ravi Kulria,5,,best,2026-08-19T16:56:17.416Z,0,4.2608.20,https://play.google.com/store/apps/details?id=com.myntra.android&reviewId=0337eb01-7851-458c-bedf-65bd1c87044f
adf22d96-9a42-4df4-9804-76b4f6570316,play_store,IN,Bindia Saini,5,,my experience is good with myntra app authentic products good quality of clothes nd unique designs available with reasonable prices nd good offers i m satisfied with all myntra products 😊💫,2026-08-19T16:47:44.746Z,0,4.2608.20,https://play.google.com/store/apps/details?id=com.myntra.android&reviewId=adf22d96-9a42-4df4-9804-76b4f6570316
1668c6fe-2d8c-4a75-a94f-7d1a43c2d8c9,play_store,IN,Krishna Dutt Pokhriyal,5,,gud app easy to use,2026-08-19T16:46:38.579Z,0,4.2608.20,https://play.google.com/store/apps/details?id=com.myntra.android&reviewId=1668c6fe-2d8c-4a75-a94f-7d1a43c2d8c9
4a9075e4-516c-4764-ac3d-d4463df0209f,play_store,IN,manish choudhury,5,,great,2026-08-19T16:41:50.866Z,0,4.2607.43,https://play.google.com/store/apps/details?id=com.myntra.android&reviewId=4a9075e4-516c-4764-ac3d-d4463df0209f
c6105794-28e6-438a-8283-a05dffe18b3c,play_store,IN,Ravi Shankar,5,,Fantastic Experience..customer friendly..,2026-08-19T16:39:20.580Z,0,4.2608.20,https://play.google.com/store/apps/details?id=com.myntra.android&reviewId=c6105794-28e6-438a-8283-a05dffe18b3c
e252bcb8-5f0e-40e5-bb71-65ce4e5884db,play_store,IN,arshid mughal,5,,excellent,2026-08-19T16:37:55.368Z,0,4.2608.20,https://play.google.com/store/apps/details?id=com.myntra.android&reviewId=e252bcb8-5f0e-40e5-bb71-65ce4e5884db
05e6dc8a-9072-41de-ad28-bf7ee69f7b06,play_store,IN,Sandhya Joshi,5,,this app was very nice deliever product in less time good offers,2026-08-19T16:37:10.685Z,0,4.2607.32,https://play.google.com/store/apps/details?id=com.myntra.android&reviewId=05e6dc8a-9072-41de-ad28-bf7ee69f7b06
c73fbe53-5655-45ab-9c1c-f8eb49b9645f,play_store,IN,diksha Sharma,5,,wonderful experience,2026-08-19T16:34:09.775Z,0,4.2608.20,https://play.google.com/store/apps/details?id=com.myntra.android&reviewId=c73fbe53-5655-45ab-9c1c-f8eb49b9645f
e8526e0e-fff7-44c2-a7d0-c1ca9e7168c9,play_store,IN,Raju Mobile badausa,5,,very good,2026-08-19T16:33:29.777Z,0,4.2608.20,https://play.google.com/store/apps/details?id=com.myntra.android&reviewId=e8526e0e-fff7-44c2-a7d0-c1ca9e7168c9
f0fe0342-73d9-49c4-97ed-dac06f93f02f,play_store,IN,Raj Deka,5,,nice 👍,2026-08-19T16:28:33.923Z,0,4.2403.10,https://play.google.com/store/apps/details?id=com.myntra.android&reviewId=f0fe0342-73d9-49c4-97ed-dac06f93f02f
26a08f13-7c24-4fc5-a067-b482251aece4,play_store,IN,Subarna Chatterjee Adhikary,5,,"Good for shopping ... but at times prices are too high, return policy is good",2026-08-19T16:27:38.982Z,0,4.2608.20,https://play.google.com/store/apps/details?id=com.myntra.android&reviewId=26a08f13-7c24-4fc5-a067-b482251aece4
013be66b-b8b9-482f-b158-87c03abba203,play_store,IN,JAI MATA DI PRINTS,5,,good,2026-08-19T16:27:18.308Z,0,4.2608.20,https://play.google.com/store/apps/details?id=com.myntra.android&reviewId=013be66b-b8b9-482f-b158-87c03abba203
6ff5565f-93e0-4344-8eda-b9a58eae5c0b,play_store,IN,Saikumar Murg,5,,good for clothes,2026-08-19T16:26:47.848Z,0,4.2606.30,https://play.google.com/store/apps/details?id=com.myntra.android&reviewId=6ff5565f-93e0-4344-8eda-b9a58eae5c0b
994469a6-de23-4d93-b4bf-97195e50f19e,play_store,IN,Ashish Singh,1,,"Delivery dates don't matter to these people at all; they don't care about the customer's plans. They cancel orders on their own and fail to deliver on time. Their customer service is poor, too. Because they cancelled the delivery, I didn't get my shoes, and my Chandrashila trip had to be cancelled. 💔",2026-08-19T16:26:35.230Z,1,4.2603.10,https://play.google.com/store/apps/details?id=com.myntra.android&reviewId=994469a6-de23-4d93-b4bf-97195e50f19e
edb4e285-2234-412c-9e51-9feb71667d3c,play_store,IN,Mac Paras52,1,,"worst delivery service and worst customer care service , I never recommend anyone to purchase from myntra. I order a HRX T-shirt whose delivery date was 8th august and I m writing this review on 19th august after 11 days, I contacted each and every day to the customer support after promised delivery date but I got zero support for my order, every single day they said wait for 24 hrs, you'll get your order. I got so much frustrated so cancelled my order.",2026-08-19T16:25:57.906Z,1,4.2606.30,https://play.google.com/store/apps/details?id=com.myntra.android&reviewId=edb4e285-2234-412c-9e51-9feb71667d3c
c18951a9-2adc-4d1b-97ed-76163a9a4e6c,play_store,IN,Kaku,5,,one of the best shopping apps i have ever used. easy to return or exchange if you have any issue . product quality is top notch.,2026-08-19T16:25:07.990Z,0,4.2608.20,https://play.google.com/store/apps/details?id=com.myntra.android&reviewId=c18951a9-2adc-4d1b-97ed-76163a9a4e6c
dac7fe4c-9f92-4b13-ab32-386d3336fc69,play_store,IN,naveen singh Negi,5,,Nice,2026-08-19T16:21:54.678Z,0,4.2608.20,https://play.google.com/store/apps/details?id=com.myntra.android&reviewId=dac7fe4c-9f92-4b13-ab32-386d3336fc69
cd3af56f-6a7c-4342-a976-db67c35e0296,play_store,IN,ankit leuva,5,,Super app,2026-08-19T16:18:48.137Z,0,4.2607.43,https://play.google.com/store/apps/details?id=com.myntra.android&reviewId=cd3af56f-6a7c-4342-a976-db67c35e0296
7254eea0-8981-4925-8b1a-0f14bb336eaf,play_store,IN,Mamta Barur,5,,lovely and adorable application,2026-08-19T16:18:01.920Z,0,4.2606.31,https://play.google.com/store/apps/details?id=com.myntra.android&reviewId=7254eea0-8981-4925-8b1a-0f14bb336eaf
aae59270-c3b4-4dcb-82a8-fc953426254f,play_store,IN,Adamya Gupta,5,,very good ui,2026-08-19T16:15:46.150Z,0,4.2608.20,https://play.google.com/store/apps/details?id=com.myntra.android&reviewId=aae59270-c3b4-4dcb-82a8-fc953426254f
1669a0a3-0f03-4f3c-b27d-12101b997f02,play_store,IN,Mriganka Chakraborty,5,,"Crazy good app for quality shopping.. Love their collection and quality choices.. I got a shirt, a jeans, pair of shoes and a wallet from here and trust me guys it's very very great quality..",2026-08-19T16:13:25.947Z,0,4.2608.20,https://play.google.com/store/apps/details?id=com.myntra.android&reviewId=1669a0a3-0f03-4f3c-b27d-12101b997f02
66be5e42-725a-40d3-ab9c-f5567d8047c7,play_store,IN,Godof Aries,1,,delivery delayed for two weeks and cancelled the order without giving a reason and customer support is the same. everyone with automated response.,2026-08-19T16:12:56.645Z,0,,https://play.google.com/store/apps/details?id=com.myntra.android&reviewId=66be5e42-725a-40d3-ab9c-f5567d8047c7
ac449ec9-ff5a-4a9f-b821-28ad53d3933f,play_store,IN,Note29,5,,best shopping app,2026-08-19T16:05:12.680Z,0,4.2607.43,https://play.google.com/store/apps/details?id=com.myntra.android&reviewId=ac449ec9-ff5a-4a9f-b821-28ad53d3933f
ad10a9aa-0ec1-410e-aa81-c07bb17d53d2,play_store,IN,Guntrothu Saimanikanta,1,,"why do they have all these mnow and express delivery systems, if they cannot adhere to the specified delivery times. Honestly, they cannot guarantee the delivery times, it's just false advertising.",2026-08-19T16:03:08.498Z,1,4.2607.43,https://play.google.com/store/apps/details?id=com.myntra.android&reviewId=ad10a9aa-0ec1-410e-aa81-c07bb17d53d2
1edec2f1-df6e-4a16-9c34-af0f33331c1f,play_store,IN,hriday nath,1,,Very worst experience ever. They can't deliver products within their given timeline and this happened in Delhi. If they can't deliver products in cities like Delhi then guess the standard of this app.,2026-08-19T16:02:45.656Z,1,4.2608.20,https://play.google.com/store/apps/details?id=com.myntra.android&reviewId=1edec2f1-df6e-4a16-9c34-af0f33331c1f
19d3e590-65b4-4921-a387-6066cbc1d8ef,play_store,IN,Swarit Jain,5,,Best Online Delivery Application,2026-08-19T15:59:12.970Z,0,4.2608.20,https://play.google.com/store/apps/details?id=com.myntra.android&reviewId=19d3e590-65b4-4921-a387-6066cbc1d8ef
b8665dd2-747e-4175-beb9-cbed81ae922f,play_store,IN,Anushka Singh,5,,very very nice,2026-08-19T15:58:31.304Z,0,,https://play.google.com/store/apps/details?id=com.myntra.android&reviewId=b8665dd2-747e-4175-beb9-cbed81ae922f
e9cf63ca-a552-469c-bc54-0c2f1d15859d,play_store,IN,Neta Dutta,5,,good quality of products is here 😁,2026-08-19T15:57:59.615Z,0,4.2602.22,https://play.google.com/store/apps/details?id=com.myntra.android&reviewId=e9cf63ca-a552-469c-bc54-0c2f1d15859d
fb217e8c-0057-444b-9d97-d389b4429ad5,play_store,IN,Priyanshu Kumawat,5,,nice shopping platform,2026-08-19T15:57:30.539Z,0,,https://play.google.com/store/apps/details?id=com.myntra.android&reviewId=fb217e8c-0057-444b-9d97-d389b4429ad5
6df6c0ea-fa2d-48ff-a50c-baba54a19926,play_store,IN,Aditi Bhaumik,5,,I purchased two earrings n both r beautiful like in pic.too happy.thanx,2026-08-19T15:57:01.290Z,0,,https://play.google.com/store/apps/details?id=com.myntra.android&reviewId=6df6c0ea-fa2d-48ff-a50c-baba54a19926
bd12d80f-a791-43a2-b1c8-a085aebecd6a,play_store,IN,sangamesh Wali,5,,good,2026-08-19T15:55:13.990Z,0,4.2608.20,https://play.google.com/store/apps/details?id=com.myntra.android&reviewId=bd12d80f-a791-43a2-b1c8-a085aebecd6a
b9e22ba7-af76-4c9a-8dbc-e146b7ff9f65,play_store,IN,Alphy Benny,1,,"I ordered so many things so many times, but I didn’t receive anything. Ekart is Myntra’s delivery partner, and the Ekart service operating in Pala, Kottayam district, Kerala, simply does not deliver my orders. I tried so many times, and once I even went and collected the parcel myself, but I can’t keep doing that every time. So I decided to uninstall Myntra and get rid of all this stress. Now I can save my time and have some peace of mind instead.",2026-08-19T15:54:46.840Z,2,4.2607.43,https://play.google.com/store/apps/details?id=com.myntra.android&reviewId=b9e22ba7-af76-4c9a-8dbc-e146b7ff9f65
3f52f837-a3f4-4381-ae7a-a28e184212f8,play_store,IN,Syamkumar Kusume,5,,best of purches,2026-08-19T15:52:46.263Z,0,4.2508.20,https://play.google.com/store/apps/details?id=com.myntra.android&reviewId=3f52f837-a3f4-4381-ae7a-a28e184212f8
3ce98b31-fd0a-45d1-8b00-199f0dc34ddb,play_store,IN,Kishan Yadav,1,,"These people don't deliver on time, and they treat you like a lot of people. They give you their own time and still don't deliver on time.",2026-08-19T15:52:17.147Z,0,4.2608.20,https://play.google.com/store/apps/details?id=com.myntra.android&reviewId=3ce98b31-fd0a-45d1-8b00-199f0dc34ddb
c0e4d68c-7a0e-4d3d-a941-d713852d6582,play_store,IN,Sant Pandey,5,,Very nice product in this app,2026-08-19T15:51:53.822Z,0,4.2607.43,https://play.google.com/store/apps/details?id=com.myntra.android&reviewId=c0e4d68c-7a0e-4d3d-a941-d713852d6582
f23dd233-1545-42d8-b32d-01f0620f827c,play_store,IN,ahtram Karim,5,,so good,2026-08-19T15:48:21.581Z,0,4.2608.20,https://play.google.com/store/apps/details?id=com.myntra.android&reviewId=f23dd233-1545-42d8-b32d-01f0620f827c
eadd9b1d-e17e-4134-9931-2c83f93b687b,play_store,IN,Divakar Mishra,1,,worst delivery experience I had faced,2026-08-19T15:48:15.920Z,0,4.2608.20,https://play.google.com/store/apps/details?id=com.myntra.android&reviewId=eadd9b1d-e17e-4134-9931-2c83f93b687b
89f2fc6a-60a5-4fcd-b970-75ad432b5523,play_store,IN,Jagannathan 2004,5,,great products...,2026-08-19T15:45:18.200Z,0,4.2607.43,https://play.google.com/store/apps/details?id=com.myntra.android&reviewId=89f2fc6a-60a5-4fcd-b970-75ad432b5523
7032b9f6-810f-4d9e-8ed2-2a30912240c5,play_store,IN,deraj dheer,5,,"The product of this application is trustworthy, Flipkart and Amazon fail in front of it, Mantra is the best.good",2026-08-19T15:42:22.806Z,0,4.2607.43,https://play.google.com/store/apps/details?id=com.myntra.android&reviewId=7032b9f6-810f-4d9e-8ed2-2a30912240c5
5e1c4d18-caa2-45ed-a586-b8ad37ae8177,play_store,IN,Sonu Kumar,5,,this app is good 👍,2026-08-19T15:41:04.585Z,0,,https://play.google.com/store/apps/details?id=com.myntra.android&reviewId=5e1c4d18-caa2-45ed-a586-b8ad37ae8177
91a68078-855e-43d9-ab5d-da127508ccc1,play_store,IN,Riyansh Singh,5,,nice,2026-08-19T15:40:53.233Z,0,,https://play.google.com/store/apps/details?id=com.myntra.android&reviewId=91a68078-855e-43d9-ab5d-da127508ccc1
97aa40cb-72a9-4059-8fd0-fda62b84cd58,play_store,IN,Jawed Shaikh,4,,best,2026-08-19T15:40:06.541Z,0,4.2608.20,https://play.google.com/store/apps/details?id=com.myntra.android&reviewId=97aa40cb-72a9-4059-8fd0-fda62b84cd58
d372ec71-46a0-4467-a5ab-c38683f084f0,play_store,IN,Krishna Visaroliya,5,,it's a very nice app just wow offers frequently coming in the app and the products are also genuine loved it,2026-08-19T15:39:18.682Z,0,4.2608.20,https://play.google.com/store/apps/details?id=com.myntra.android&reviewId=d372ec71-46a0-4467-a5ab-c38683f084f0
3bde7bf1-6c10-4d03-aea8-7674ef71a6c0,play_store,IN,Laxmi Panda,5,,Better than many.,2026-08-19T15:38:57.276Z,0,,https://play.google.com/store/apps/details?id=com.myntra.android&reviewId=3bde7bf1-6c10-4d03-aea8-7674ef71a6c0
ac1be673-c336-4c72-8373-3192e1dd92f9,play_store,IN,Jaikishan Panchal,5,,experience is good,2026-08-19T15:34:18.368Z,0,4.2608.20,https://play.google.com/store/apps/details?id=com.myntra.android&reviewId=ac1be673-c336-4c72-8373-3192e1dd92f9
d1dac165-fa5d-4d68-bb58-db18f4e8f29b,play_store,IN,pothula lakshmi,5,,Good Experience,2026-08-19T15:33:28.327Z,0,4.2608.20,https://play.google.com/store/apps/details?id=com.myntra.android&reviewId=d1dac165-fa5d-4d68-bb58-db18f4e8f29b
82abccde-8466-4d04-8a24-b1c199257b32,play_store,IN,Hussain Ahmad Siddiqui,5,,"Products on Myntra are always amazing and of genuine quality, if myntra is selling something then I am assured that it will be a quality material. Services of myntra and policies are matchless in the market. at last...I will say..Leave all, join Myntra.",2026-08-19T15:33:12.124Z,0,4.2607.43,https://play.google.com/store/apps/details?id=com.myntra.android&reviewId=82abccde-8466-4d04-8a24-b1c199257b32
14457992-8d9c-466b-8575-779f36187ef8,play_store,IN,Santosh Kumar Kumar,5,,Very useful app,2026-08-19T15:31:13.993Z,0,4.2608.20,https://play.google.com/store/apps/details?id=com.myntra.android&reviewId=14457992-8d9c-466b-8575-779f36187ef8
1b6191df-5947-4030-8703-b96396365e2b,play_store,IN,Rishi Raj,4,,it's a good app for online shopping,2026-08-19T15:30:47.630Z,0,4.2608.20,https://play.google.com/store/apps/details?id=com.myntra.android&reviewId=1b6191df-5947-4030-8703-b96396365e2b
4d3686f7-1e71-4df4-a451-1d4322227590,play_store,IN,Shalini Verma,5,,nice,2026-08-19T15:25:33.304Z,0,4.2608.20,https://play.google.com/store/apps/details?id=com.myntra.android&reviewId=4d3686f7-1e71-4df4-a451-1d4322227590
4325ff77-60dd-4407-a5c3-26e740ec39cb,play_store,IN,Ashba,1,,"1-star experience. I contacted Myntra customer support TWICE about the same issue. The belt I wanted repeatedly showed as non-deliverable to my PIN code in the morning, then suddenly became deliverable in the evening—only for it to go out of stock. I had also previously ordered a belt that took so long to arrive that I had to cancel it, yet Myntra blamed the cancellation on me. Even now, the same belt is showing as deliverable again. Extremely frustrating and poor service.",2026-08-19T15:24:08.915Z,1,4.2606.31,https://play.google.com/store/apps/details?id=com.myntra.android&reviewId=4325ff77-60dd-4407-a5c3-26e740ec39cb
1c8201c5-cb72-4c90-854a-d811a2928582,play_store,IN,Akib Javed,5,,nice,2026-08-19T15:23:44.972Z,0,4.2608.20,https://play.google.com/store/apps/details?id=com.myntra.android&reviewId=1c8201c5-cb72-4c90-854a-d811a2928582
cc991b19-1b4b-43fd-8625-63e76d78f4cb,play_store,IN,SRIRAM KUDIPUDI,5,,this platform good for fashion.i recently ordered bootcut cut jeans pant by roadster brand. so it delivered within 4days .there is a fastest delivery and interface is also good and convenient.mainly customer support is good they respond within 24 hours,2026-08-19T15:20:41.416Z,0,4.2608.20,https://play.google.com/store/apps/details?id=com.myntra.android&reviewId=cc991b19-1b4b-43fd-8625-63e76d78f4cb
ea702727-2c2f-4be0-b1fc-a3cb4070a5a0,play_store,IN,SATYENDRA KUMAR,5,,this application has very very good app product is original and good quality service is very fast,2026-08-19T15:20:02.475Z,0,4.2608.20,https://play.google.com/store/apps/details?id=com.myntra.android&reviewId=ea702727-2c2f-4be0-b1fc-a3cb4070a5a0
eed824f7-2aa5-4427-98b7-a237a211a287,play_store,IN,A Google user,5,,good app with best quality,2026-08-19T15:19:56.415Z,0,4.2608.20,https://play.google.com/store/apps/details?id=com.myntra.android&reviewId=eed824f7-2aa5-4427-98b7-a237a211a287
8dad2b85-62d0-493e-8465-9ae40141baa8,play_store,IN,Rajesh Jaiswal,5,,verry nice and trusted app and fast delivery I love it Myntra service and product quality are also so good appreciate it ♥️,2026-08-19T15:19:53.333Z,0,,https://play.google.com/store/apps/details?id=com.myntra.android&reviewId=8dad2b85-62d0-493e-8465-9ae40141baa8
73164234-62fe-42ea-85e9-157770c531cf,play_store,IN,Dr. Shabana Khan,5,,nice 👍,2026-08-19T15:16:31.137Z,0,4.2607.43,https://play.google.com/store/apps/details?id=com.myntra.android&reviewId=73164234-62fe-42ea-85e9-157770c531cf
e5c9ab8f-3906-41ce-9804-33446934949e,play_store,IN,Sita Devi,5,,true app for shopping,2026-08-19T15:16:18.150Z,0,4.2607.11,https://play.google.com/store/apps/details?id=com.myntra.android&reviewId=e5c9ab8f-3906-41ce-9804-33446934949e
b9ee6813-639e-4c58-8434-4943ae72ecf1,play_store,IN,Bhakti Singh,5,,good experience,2026-08-19T15:15:45.197Z,0,,https://play.google.com/store/apps/details?id=com.myntra.android&reviewId=b9ee6813-639e-4c58-8434-4943ae72ecf1
5d6b9c9d-270d-4690-a31a-4d0b4db6cd38,play_store,IN,Parvin Banu,1,,very very worst,2026-08-19T15:15:19.560Z,0,4.2607.43,https://play.google.com/store/apps/details?id=com.myntra.android&reviewId=5d6b9c9d-270d-4690-a31a-4d0b4db6cd38
ef8078ea-6401-453f-879d-4208709b084e,play_store,IN,shreya jaiswal,5,,affordable price and very nice kajal,2026-08-19T15:12:18.297Z,0,,https://play.google.com/store/apps/details?id=com.myntra.android&reviewId=ef8078ea-6401-453f-879d-4208709b084e
67b3ce45-bf1a-4a21-b212-96f0bc46ec98,play_store,IN,Renuka Chopra,5,,nice,2026-08-19T15:10:54.637Z,0,4.2608.20,https://play.google.com/store/apps/details?id=com.myntra.android&reviewId=67b3ce45-bf1a-4a21-b212-96f0bc46ec98
ca024059-ddcb-492c-9043-59929c8a9b71,play_store,IN,Arifa Pathan,5,,good one,2026-08-19T15:10:30.197Z,0,4.2608.20,https://play.google.com/store/apps/details?id=com.myntra.android&reviewId=ca024059-ddcb-492c-9043-59929c8a9b71
991b15b1-3c03-4b80-8b1f-3eb4d5f68d5c,play_store,IN,Moodavath Prasanna rani,5,,good and the cloth quality was excellent,2026-08-19T15:07:02.138Z,0,,https://play.google.com/store/apps/details?id=com.myntra.android&reviewId=991b15b1-3c03-4b80-8b1f-3eb4d5f68d5c
4106f4bb-62c8-4746-96e3-a7aeb1b71f64,play_store,IN,Alshifa Khan,5,,amazing it save my lots of money....💝i love it,2026-08-19T15:04:42.666Z,0,4.2607.32,https://play.google.com/store/apps/details?id=com.myntra.android&reviewId=4106f4bb-62c8-4746-96e3-a7aeb1b71f64
d740c9b4-85a2-42e4-8eaa-c67052d56343,play_store,IN,Ankit dayama,5,,good aap,2026-08-19T15:04:00.727Z,0,4.2606.31,https://play.google.com/store/apps/details?id=com.myntra.android&reviewId=d740c9b4-85a2-42e4-8eaa-c67052d56343
6227a5fb-a031-4bf4-be5a-70c44ae671b7,play_store,IN,SAKSHI Kumari,5,,"It is a great shopping app with a wide variety of cloth footwear , and accessories .... The app is easy to use and the product are usually of good quality I am with my shopping experience on Myntra",2026-08-19T14:56:16.197Z,0,4.2602.11,https://play.google.com/store/apps/details?id=com.myntra.android&reviewId=6227a5fb-a031-4bf4-be5a-70c44ae671b7
3fe409c6-5ad7-4ed4-ae22-a62042244e12,play_store,IN,Preetam Sheoran,5,,Nice app,2026-08-19T14:54:58.454Z,0,4.2608.20,https://play.google.com/store/apps/details?id=com.myntra.android&reviewId=3fe409c6-5ad7-4ed4-ae22-a62042244e12
fcb5154d-cfe8-4513-b1fc-27f1422b8d2c,play_store,IN,ashwini patil,5,,good,2026-08-19T14:54:37.330Z,0,4.2608.20,https://play.google.com/store/apps/details?id=com.myntra.android&reviewId=fcb5154d-cfe8-4513-b1fc-27f1422b8d2c
668ce049-c399-44ee-a6c9-0f2d9517886a,play_store,IN,arpan ghosh,5,,This app is very nice and easy to shop and has easy returns.,2026-08-19T14:52:56.967Z,0,4.2608.20,https://play.google.com/store/apps/details?id=com.myntra.android&reviewId=668ce049-c399-44ee-a6c9-0f2d9517886a
2651b712-3ddb-439e-82b2-7e41612a9d47,play_store,IN,Vaishali yadav,5,,good customer service and products,2026-08-19T14:50:23.707Z,0,4.2606.31,https://play.google.com/store/apps/details?id=com.myntra.android&reviewId=2651b712-3ddb-439e-82b2-7e41612a9d47
d5cd90b2-afd1-45e3-ab09-1d17469af1dd,play_store,IN,Pratishtha Sharma,5,,"The products are excellent.Love the quality,trends going on",2026-08-19T14:49:11.244Z,0,4.2608.20,https://play.google.com/store/apps/details?id=com.myntra.android&reviewId=d5cd90b2-afd1-45e3-ab09-1d17469af1dd
7ef7a4fd-88a3-4b5d-87ad-b55c1e8424c9,play_store,IN,Jagannath Majhi,5,,nice,2026-08-19T14:49:08.385Z,0,4.2608.20,https://play.google.com/store/apps/details?id=com.myntra.android&reviewId=7ef7a4fd-88a3-4b5d-87ad-b55c1e8424c9
3ade23db-b568-4c2c-a76d-6949565f3646,play_store,IN,Shazia Khan,5,,best products,2026-08-19T14:40:59.640Z,0,4.2608.20,https://play.google.com/store/apps/details?id=com.myntra.android&reviewId=3ade23db-b568-4c2c-a76d-6949565f3646
512ddf41-afa7-4277-a57a-b36011217aaa,play_store,IN,Ram Charan teja Yallala,5,,good 👍🏼,2026-08-19T14:40:23.277Z,0,4.2608.20,https://play.google.com/store/apps/details?id=com.myntra.android&reviewId=512ddf41-afa7-4277-a57a-b36011217aaa
bbf2539f-873b-4766-85c7-d35e5e242417,play_store,IN,Reshmi Begum,5,,amazing app 👍🏻,2026-08-19T14:38:29.414Z,0,,https://play.google.com/store/apps/details?id=com.myntra.android&reviewId=bbf2539f-873b-4766-85c7-d35e5e242417
e885c858-07ad-41cd-a1b1-162ae81f31a9,play_store,IN,Molusingh Tanwar,5,,good experience,2026-08-19T14:38:20.844Z,0,4.2608.20,https://play.google.com/store/apps/details?id=com.myntra.android&reviewId=e885c858-07ad-41cd-a1b1-162ae81f31a9
36371a06-2302-450c-bd34-a24002e3733b,play_store,IN,Aditya Shejul,1,,worst shopping app.,2026-08-19T14:37:43.944Z,0,,https://play.google.com/store/apps/details?id=com.myntra.android&reviewId=36371a06-2302-450c-bd34-a24002e3733b
6c72e6d3-3eea-49e6-b31e-f96fb3bda94e,play_store,IN,Ash,5,,good app and items,2026-08-19T14:37:39.548Z,0,4.2607.43,https://play.google.com/store/apps/details?id=com.myntra.android&reviewId=6c72e6d3-3eea-49e6-b31e-f96fb3bda94e
d79cfe69-1c55-44d0-9c68-066f3483d3a8,play_store,IN,Sk Zaka,5,,very nice aap and all the products in this app is so good,2026-08-19T14:37:33.687Z,0,,https://play.google.com/store/apps/details?id=com.myntra.android&reviewId=d79cfe69-1c55-44d0-9c68-066f3483d3a8
41703630-0eb4-4c2c-854f-1c9ac6145231,play_store,IN,ASHA RATHOD,5,,good,2026-08-19T14:36:54.643Z,0,4.2608.20,https://play.google.com/store/apps/details?id=com.myntra.android&reviewId=41703630-0eb4-4c2c-854f-1c9ac6145231
68ea0347-c57d-4e4c-bb24-3f90062f3433,play_store,IN,Pooja Rwt,5,,"i loved the experience, reasonable price and great quality.also the delivery is also very fast",2026-08-19T14:35:33.770Z,0,4.2607.43,https://play.google.com/store/apps/details?id=com.myntra.android&reviewId=68ea0347-c57d-4e4c-bb24-3f90062f3433
cd159f2c-1b60-4063-88f5-8a4293ce9886,play_store,IN,Rama BG,5,,excellent options and user experience,2026-08-19T14:33:04.605Z,0,4.2608.20,https://play.google.com/store/apps/details?id=com.myntra.android&reviewId=cd159f2c-1b60-4063-88f5-8a4293ce9886
bcebe587-5bd8-4125-895a-b933d30b5be2,play_store,IN,Jitendra Singh Rathore,1,,"one of the worst online shopping apps I have ever seen. i ordered something on this aap everything was going right before, I was waiting 4 to 5 days and suddenly one day before the delivery date my order got cancelled.",2026-08-19T14:32:17.480Z,1,4.2607.43,https://play.google.com/store/apps/details?id=com.myntra.android&reviewId=bcebe587-5bd8-4125-895a-b933d30b5be2
d710b5aa-9420-4f63-99c0-05ba32a11eff,play_store,IN,Abulhasim Ansari,5,,good,2026-08-19T14:31:09.770Z,0,4.2608.20,https://play.google.com/store/apps/details?id=com.myntra.android&reviewId=d710b5aa-9420-4f63-99c0-05ba32a11eff
3913360f-d99f-4f9c-9121-8a295dbbdb7c,play_store,IN,Niraj Chavhan,1,,fraud Myntra replacing order issue and fraud labelling myntra hot replacement order wrong labelling Myntra helpline is not helpful,2026-08-19T14:19:38.407Z,0,4.2608.20,https://play.google.com/store/apps/details?id=com.myntra.android&reviewId=3913360f-d99f-4f9c-9121-8a295dbbdb7c
7be12f85-3049-4cba-9bde-066ce1b627a4,play_store,IN,Ramya K,4,,The prices are expensive but the quality is great and I would love to shop here,2026-08-19T14:18:49.800Z,0,,https://play.google.com/store/apps/details?id=com.myntra.android&reviewId=7be12f85-3049-4cba-9bde-066ce1b627a4
60c1692a-9017-4a95-bf74-68d3a854ed3e,play_store,IN,Akeela Gul,5,,best for online shopping,2026-08-19T14:18:37.963Z,0,,https://play.google.com/store/apps/details?id=com.myntra.android&reviewId=60c1692a-9017-4a95-bf74-68d3a854ed3e
0b66e27e-48ea-43bb-ac85-8bc5f45460b5,play_store,IN,Mohd rahim,5,,"trending clothes options, best app ever to buy clothes because clothes describe your value,",2026-08-19T14:18:36.717Z,0,,https://play.google.com/store/apps/details?id=com.myntra.android&reviewId=0b66e27e-48ea-43bb-ac85-8bc5f45460b5
eff9ea4d-d975-465c-9880-59c554cef9be,play_store,IN,Priyanka Shewale,1,,"when we return the order if we are disappointed, whole amount is not refunded. wheras they split some amount in my encash which we did not receive. It is really disappointing due to which I am discontinuing this application for shopping.",2026-08-19T14:18:27.380Z,0,4.2608.20,https://play.google.com/store/apps/details?id=com.myntra.android&reviewId=eff9ea4d-d975-465c-9880-59c554cef9be
01d739c6-d50c-4817-af7c-a0dfca8a6d90,play_store,IN,Prahlad Shaw,5,,very nice,2026-08-19T14:14:35.294Z,0,4.2607.43,https://play.google.com/store/apps/details?id=com.myntra.android&reviewId=01d739c6-d50c-4817-af7c-a0dfca8a6d90
227f74de-d0ab-4af2-abea-e407a8f45282,play_store,IN,Shaik Masood,5,,gud,2026-08-19T14:11:43.745Z,0,4.2607.43,https://play.google.com/store/apps/details?id=com.myntra.android&reviewId=227f74de-d0ab-4af2-abea-e407a8f45282
a1946580-89db-4935-82e3-3fc1abee931e,play_store,IN,Alinamustkeem Alinamustakeem,5,,best app,2026-08-19T14:10:56.794Z,0,4.2608.20,https://play.google.com/store/apps/details?id=com.myntra.android&reviewId=a1946580-89db-4935-82e3-3fc1abee931e
13d7b01c-c50e-4568-8e72-85b58d0a21d5,play_store,IN,Abhijit Singh,1,,app is not opening always even after numerios tried.why all the time site maintaince showing me . Fix the problem otherwise i cancel all my orders & uninstall this app . This is so irritating..,2026-08-19T14:07:45.995Z,0,4.2608.20,https://play.google.com/store/apps/details?id=com.myntra.android&reviewId=13d7b01c-c50e-4568-8e72-85b58d0a21d5
7f4294d9-92c5-4e7e-be47-04e365229900,play_store,IN,Rashi Choithani,5,,such a nice and easy shopping app,2026-08-19T14:06:01.310Z,0,4.2606.31,https://play.google.com/store/apps/details?id=com.myntra.android&reviewId=7f4294d9-92c5-4e7e-be47-04e365229900
f41fe27a-534c-4486-a760-0cf814101d62,play_store,IN,Rishikesh Patil,2,,The no way to confirm when the out for delivery order will reach as agent wont pick up and tgere is no help line number to call and get help myntra wants customers to email most other online big shopping sites have a helip lihe to call and speak to in myntra its so difficulty to get help if asked help PMO will respond but myntra is like deaf ears hope less,2026-08-19T14:05:48.418Z,6,4.2608.20,https://play.google.com/store/apps/details?id=com.myntra.android&reviewId=f41fe27a-534c-4486-a760-0cf814101d62
461426c7-2335-4f96-87e9-e5af2a5b913c,play_store,IN,Harshal Bora,5,,The Shopping Experoence is Great Return And Replacment Polocy is Helpful even Customer Care Service People are Great and Helpful,2026-08-19T14:04:06.470Z,0,4.2607.43,https://play.google.com/store/apps/details?id=com.myntra.android&reviewId=461426c7-2335-4f96-87e9-e5af2a5b913c
acf823d2-8cb8-45de-965e-e9a572f64f9b,play_store,IN,Karuna Sri,5,,very nice app helpfull,2026-08-19T14:03:08.449Z,0,4.2607.43,https://play.google.com/store/apps/details?id=com.myntra.android&reviewId=acf823d2-8cb8-45de-965e-e9a572f64f9b
d9e2dfe6-b904-49cf-891a-84c3554e6d32,play_store,IN,VINAY KUMAR,5,,wow,2026-08-19T14:01:59.800Z,0,,https://play.google.com/store/apps/details?id=com.myntra.android&reviewId=d9e2dfe6-b904-49cf-891a-84c3554e6d32
b5ed3951-d29a-405f-a957-3f92cd31ef53,play_store,IN,tejinder kapoor,5,,Excellent in style quality size . Go for it. best app for good quality,2026-08-19T13:56:21.466Z,0,4.2607.43,https://play.google.com/store/apps/details?id=com.myntra.android&reviewId=b5ed3951-d29a-405f-a957-3f92cd31ef53
d2297543-1438-477c-8184-59ad03d33b35,play_store,IN,Shiva Lucky,5,,good,2026-08-19T13:55:37.204Z,0,4.2608.20,https://play.google.com/store/apps/details?id=com.myntra.android&reviewId=d2297543-1438-477c-8184-59ad03d33b35
62df51a7-fd78-46f1-9db0-6f64650204f7,play_store,IN,Jaydeep Maurya,5,,nice,2026-08-19T13:55:33.138Z,0,,https://play.google.com/store/apps/details?id=com.myntra.android&reviewId=62df51a7-fd78-46f1-9db0-6f64650204f7
be00ac0f-8d09-45b5-9c9b-4cd5ee18fb40,play_store,IN,JANU ROY,5,,it's very good,2026-08-19T13:47:48.127Z,0,,https://play.google.com/store/apps/details?id=com.myntra.android&reviewId=be00ac0f-8d09-45b5-9c9b-4cd5ee18fb40
66b8485b-f5e1-4960-bbdf-0e37f9055b60,play_store,IN,Vipin Singh,5,,very good,2026-08-19T13:47:01.593Z,0,4.2607.43,https://play.google.com/store/apps/details?id=com.myntra.android&reviewId=66b8485b-f5e1-4960-bbdf-0e37f9055b60
7b504317-baff-406b-aa5f-798ef43096fa,play_store,IN,S P,5,,very nice and perfect size with comfortable...so beautiful ❤️ ❤️ ❤️ i like it...,2026-08-19T13:46:51.746Z,0,4.2608.20,https://play.google.com/store/apps/details?id=com.myntra.android&reviewId=7b504317-baff-406b-aa5f-798ef43096fa
4eccf293-a114-404c-9167-b939a60f50bb,play_store,IN,Himanshu Tiwari,5,,app is good with good rates but the platform fees is too high,2026-08-19T13:46:14.458Z,0,4.2607.32,https://play.google.com/store/apps/details?id=com.myntra.android&reviewId=4eccf293-a114-404c-9167-b939a60f50bb
82394584-ab3e-4377-989f-55bf031da796,play_store,IN,Priti Thakkar,5,,nice,2026-08-19T13:44:02.964Z,0,4.2608.20,https://play.google.com/store/apps/details?id=com.myntra.android&reviewId=82394584-ab3e-4377-989f-55bf031da796
5a0c3769-19fb-467d-8baa-6db02725aa36,play_store,IN,Nazeer Ahamed,5,,good 👍🏾,2026-08-19T13:44:00.812Z,0,4.2607.43,https://play.google.com/store/apps/details?id=com.myntra.android&reviewId=5a0c3769-19fb-467d-8baa-6db02725aa36
1cc42b94-d16d-43cf-a9e4-219fe7e4eb22,play_store,IN,Anchal Asravat,1,,"​""Extremely disappointed with Myntra's terrible service and policies. I ordered an iron, but they refused to process either a return or an exchange, completely forcing the item on me. To make matters worse, I ordered a pair of trousers from a different account, and the exact same thing happened—they forced me to keep it and refused to take it back. Myntra has become the worst and most unreliable shopping app. I strongly advise everyone to avoid buying anything from here.""",2026-08-19T13:41:46.241Z,0,4.2606.31,https://play.google.com/store/apps/details?id=com.myntra.android&reviewId=1cc42b94-d16d-43cf-a9e4-219fe7e4eb22
a6ac663b-036a-4477-b817-c5f4b0b1e29a,play_store,IN,Danish Bashir,5,,found it best among all other shopping apps.,2026-08-19T13:40:34.397Z,0,4.2607.43,https://play.google.com/store/apps/details?id=com.myntra.android&reviewId=a6ac663b-036a-4477-b817-c5f4b0b1e29a
5add831c-1f52-41be-a781-9d3f99a7aecf,play_store,IN,Kaki madhavi,4,,Unable to cancel order .....,2026-08-19T13:36:46.150Z,0,4.2607.43,https://play.google.com/store/apps/details?id=com.myntra.android&reviewId=5add831c-1f52-41be-a781-9d3f99a7aecf
ed73c16a-6e76-47a7-831a-3ebaa7b31054,play_store,IN,Jagruti Mahadik,5,,good product 👍😄,2026-08-19T13:36:02.721Z,0,4.2607.43,https://play.google.com/store/apps/details?id=com.myntra.android&reviewId=ed73c16a-6e76-47a7-831a-3ebaa7b31054
0c7bbfb5-4ea6-43e2-816e-4911c1105c77,play_store,IN,Krish Yadav,5,,i loved it,2026-08-19T13:35:46.600Z,0,4.2608.20,https://play.google.com/store/apps/details?id=com.myntra.android&reviewId=0c7bbfb5-4ea6-43e2-816e-4911c1105c77
89f1ab8f-a181-4893-9184-3258805ed880,play_store,IN,Nishita Sawant,1,,myntra is fraud now a days they are not refunding our money and not even respond calls or messages or e-mail. instead of correct bank details they are showing incorrect and not refunding money.,2026-08-19T13:35:45.942Z,0,4.2607.43,https://play.google.com/store/apps/details?id=com.myntra.android&reviewId=89f1ab8f-a181-4893-9184-3258805ed880
6e6ec5c9-6c0a-41bd-8903-12b750a4e166,play_store,IN,Andy,5,,nice 👍,2026-08-19T13:33:10.372Z,0,,https://play.google.com/store/apps/details?id=com.myntra.android&reviewId=6e6ec5c9-6c0a-41bd-8903-12b750a4e166
5b0f8626-96b5-4611-92b2-4973644a1bd4,play_store,IN,SUDIPA DATTA,5,,wow,2026-08-19T13:28:28.508Z,0,4.2607.43,https://play.google.com/store/apps/details?id=com.myntra.android&reviewId=5b0f8626-96b5-4611-92b2-4973644a1bd4
0ce25428-3562-4715-9919-7d913577a2a7,play_store,IN,kavi nilavu,5,,Good quality products,2026-08-19T13:27:56.948Z,0,4.2607.43,https://play.google.com/store/apps/details?id=com.myntra.android&reviewId=0ce25428-3562-4715-9919-7d913577a2a7
c5522280-b299-4551-aac5-cf5fb0012b24,play_store,IN,Subhajit Das,4,,nice,2026-08-19T13:27:38.882Z,0,4.2607.11,https://play.google.com/store/apps/details?id=com.myntra.android&reviewId=c5522280-b299-4551-aac5-cf5fb0012b24
59629c47-04f5-4467-b472-603957a1e8d0,play_store,IN,km shivangi,5,,i have purchase many products on this app all product was awesome I suggest other people for purchase items from myntra app. authentic brands original products and the quality is very good of all products.,2026-08-19T13:23:10.386Z,0,4.2607.43,https://play.google.com/store/apps/details?id=com.myntra.android&reviewId=59629c47-04f5-4467-b472-603957a1e8d0
a440867f-a5ca-4750-be1e-4f64350c83b7,play_store,IN,Daraksha Siddiqui,5,,Excellent,2026-08-19T13:22:53.675Z,0,4.2606.31,https://play.google.com/store/apps/details?id=com.myntra.android&reviewId=a440867f-a5ca-4750-be1e-4f64350c83b7
ce28305b-45b7-44e5-b015-02e80a57ada8,play_store,IN,Vikram Basnet,5,,value for money products.,2026-08-19T13:21:48.330Z,0,4.2606.31,https://play.google.com/store/apps/details?id=com.myntra.android&reviewId=ce28305b-45b7-44e5-b015-02e80a57ada8
9a62baca-4616-4db1-8dcb-7633a709ec11,play_store,IN,Irfat Lateef,5,,the delivery system is very amazing as ingot the exchange delivered in time .So did the myntra responded to my concerns,2026-08-19T13:11:20.699Z,0,,https://play.google.com/store/apps/details?id=com.myntra.android&reviewId=9a62baca-4616-4db1-8dcb-7633a709ec11
b55b10f8-2b46-4246-9c75-6be71377439a,play_store,IN,Shivangi Mall,5,,Very nice,2026-08-19T13:07:16.509Z,0,4.2607.43,https://play.google.com/store/apps/details?id=com.myntra.android&reviewId=b55b10f8-2b46-4246-9c75-6be71377439a
f0cefbec-c2e5-4042-9827-dcfaa9f069d0,play_store,IN,Meenu Devi,5,,nice,2026-08-19T13:02:40.877Z,0,,https://play.google.com/store/apps/details?id=com.myntra.android&reviewId=f0cefbec-c2e5-4042-9827-dcfaa9f069d0
44fc2703-dee2-48f9-b6b8-c141f04a6228,play_store,IN,Rinku,1,,very bad Myntra bhai likha kar bata raha hu ki 100 ki chiz ko ye 500 ki dete h aj hi mai ne paint mangai h ek dam bekar quality ki di h Mt lo bhai log Myntra se,2026-08-19T13:02:21.542Z,0,,https://play.google.com/store/apps/details?id=com.myntra.android&reviewId=44fc2703-dee2-48f9-b6b8-c141f04a6228
facf04ec-4958-45f1-8434-4ee01a31778d,play_store,IN,VIVEK KR SINGH,5,,good.,2026-08-19T13:01:55.129Z,0,4.2607.43,https://play.google.com/store/apps/details?id=com.myntra.android&reviewId=facf04ec-4958-45f1-8434-4ee01a31778d
53f62c17-35b1-4510-bd3f-8bd10b53575c,play_store,IN,sujal singh,5,,fascinating experience,2026-08-19T13:01:15.417Z,0,4.2608.20,https://play.google.com/store/apps/details?id=com.myntra.android&reviewId=53f62c17-35b1-4510-bd3f-8bd10b53575c
df845034-e8a4-41b7-80ef-5b45defba255,play_store,IN,Madhuri Naik,5,,Overall Good Experience,2026-08-19T12:57:26.664Z,0,4.2605.21,https://play.google.com/store/apps/details?id=com.myntra.android&reviewId=df845034-e8a4-41b7-80ef-5b45defba255
cab59a94-ccd7-44fc-bdbd-9b40a1b9eebf,play_store,IN,soujannya ghosh,5,,awesome,2026-08-19T12:56:23.418Z,0,4.2606.30,https://play.google.com/store/apps/details?id=com.myntra.android&reviewId=cab59a94-ccd7-44fc-bdbd-9b40a1b9eebf
4c68178f-5252-4e3c-a5f5-75acd6f051b2,play_store,IN,Sasikala Krishnaraj,5,,good,2026-08-19T12:54:26.113Z,0,4.2604.20,https://play.google.com/store/apps/details?id=com.myntra.android&reviewId=4c68178f-5252-4e3c-a5f5-75acd6f051b2
dd9efba1-3987-45b9-8c00-9575a2cca41f,play_store,IN,rifat Khadija,5,,I lovethis app sooo much gives reasonable prices i ordered a pack of aqualogica body mist on its original website and on purple it costs 1000 and I bought it just for 699,2026-08-19T12:53:29.281Z,0,4.2608.20,https://play.google.com/store/apps/details?id=com.myntra.android&reviewId=dd9efba1-3987-45b9-8c00-9575a2cca41f
2683e562-bec5-4dad-94ab-e9308f511862,play_store,IN,Simran Jangid,1,,extremely poor grievance redressal mechanism there is no contact with the customer care team - its impossible to access people there - i am done with talking to bots no one picks up the customer care no. extremely poor performance - very unsatisfied,2026-08-19T12:52:39.190Z,0,4.2607.43,https://play.google.com/store/apps/details?id=com.myntra.android&reviewId=2683e562-bec5-4dad-94ab-e9308f511862
64c896c4-ba0b-4714-b4b0-90314fbab73b,play_store,IN,Jaishree Rathore,5,,easy delivery process.good app,2026-08-19T12:50:59.977Z,0,4.2607.11,https://play.google.com/store/apps/details?id=com.myntra.android&reviewId=64c896c4-ba0b-4714-b4b0-90314fbab73b
1b97f940-c7bf-4fbe-83bf-0b7f1df025ee,play_store,IN,SåZ Q,5,,awesome offers,2026-08-19T12:46:19.401Z,0,4.2608.20,https://play.google.com/store/apps/details?id=com.myntra.android&reviewId=1b97f940-c7bf-4fbe-83bf-0b7f1df025ee
f1bea34f-37d4-418c-b027-4d7ecffc32e4,play_store,IN,Snehaja Sunki,5,,good,2026-08-19T12:42:38.475Z,0,4.2608.20,https://play.google.com/store/apps/details?id=com.myntra.android&reviewId=f1bea34f-37d4-418c-b027-4d7ecffc32e4
49ed4ed0-5e95-48b0-bc25-75348c460b6d,play_store,IN,Rakib Islam,1,,Myntra ek number ka ghatiya aur froad banane ke liye aaya Hai ek order delivery karne ke liye ine logon ko ek Mahina lagta hai mere ko date by date dete ja raha hai ek number ka ghatiya hai koi bhi inse kuchh nahin Kar dega Flipkart meesho bahut badhiya hai 😡,2026-08-19T12:41:35.414Z,0,4.2607.43,https://play.google.com/store/apps/details?id=com.myntra.android&reviewId=49ed4ed0-5e95-48b0-bc25-75348c460b6d
d23130cc-5c33-4046-9aea-5980defbbb17,play_store,IN,Joshi K,4,,"Your filter is not working in the mobile App. Once you select the filters, there is no provision to apply the filters.",2026-08-19T12:39:27.576Z,0,4.2608.20,https://play.google.com/store/apps/details?id=com.myntra.android&reviewId=d23130cc-5c33-4046-9aea-5980defbbb17
88dce93c-ce33-4258-9ee0-1a2562b654b7,play_store,IN,Shraddha Tiwari,5,,This app makes shopping so easy and joyful 🫶🏻,2026-08-19T12:38:08.981Z,0,,https://play.google.com/store/apps/details?id=com.myntra.android&reviewId=88dce93c-ce33-4258-9ee0-1a2562b654b7
d48efece-36b3-4aa5-b844-3df064fe93d7,play_store,IN,Uma Mandal,5,,I just love this app the fast delivery ooh la laaa😭😭,2026-08-19T12:36:52.502Z,0,4.2608.20,https://play.google.com/store/apps/details?id=com.myntra.android&reviewId=d48efece-36b3-4aa5-b844-3df064fe93d7
b0bd3ff2-9977-4e2a-9c2b-fae0ad70d443,play_store,IN,StanDC FORHAPPYLIFE,4,,gud,2026-08-19T12:36:29.999Z,0,,https://play.google.com/store/apps/details?id=com.myntra.android&reviewId=b0bd3ff2-9977-4e2a-9c2b-fae0ad70d443
71214de4-8745-4906-8787-134a6f4b1570,play_store,IN,Sunita Mate,5,,khup sundar aap aahe khup swst n best mal aahe pls sarvani shoping kara,2026-08-19T12:34:16.448Z,0,4.2606.31,https://play.google.com/store/apps/details?id=com.myntra.android&reviewId=71214de4-8745-4906-8787-134a6f4b1570
0e51a138-5622-4e14-83ff-623e5f662902,play_store,IN,Pooja Walia,5,,very nice app,2026-08-19T12:34:07.406Z,0,4.2608.20,https://play.google.com/store/apps/details?id=com.myntra.android&reviewId=0e51a138-5622-4e14-83ff-623e5f662902
f235077c-736d-4b51-b31a-6f0d144619e3,play_store,IN,Naitik,5,,very good app,2026-08-19T12:32:07.872Z,0,,https://play.google.com/store/apps/details?id=com.myntra.android&reviewId=f235077c-736d-4b51-b31a-6f0d144619e3
b9c3036b-398c-4528-9d0f-1b2c011c7730,play_store,IN,Bibha Devi,5,,this app is very nice,2026-08-19T12:31:34.272Z,0,4.2607.43,https://play.google.com/store/apps/details?id=com.myntra.android&reviewId=b9c3036b-398c-4528-9d0f-1b2c011c7730
ab6dcd58-dd3f-4880-9345-6df5fc03e5b3,play_store,IN,Shubh Tripathi,1,,"Very disappointed.Myntra deactivated my account without any reason and I complained it by calls, emails but no response.Now I am going to file a complaint with the consumer forum.",2026-08-19T12:30:42.885Z,0,4.2607.43,https://play.google.com/store/apps/details?id=com.myntra.android&reviewId=ab6dcd58-dd3f-4880-9345-6df5fc03e5b3
1d74481f-f49a-4fdd-b9c3-031b756aa906,play_store,IN,Reema,5,,my experience with myntra is mind blowing very nice products at reasonable price n quality is also top notch. I always shop with myntra only I trust it. happy shopping,2026-08-19T12:30:39.395Z,0,4.2608.20,https://play.google.com/store/apps/details?id=com.myntra.android&reviewId=1d74481f-f49a-4fdd-b9c3-031b756aa906
91e6a9db-e4b3-49ab-be93-e3b21216a8c8,play_store,IN,sankara pandian,4,,Good,2026-08-19T12:28:01.566Z,0,4.2607.32,https://play.google.com/store/apps/details?id=com.myntra.android&reviewId=91e6a9db-e4b3-49ab-be93-e3b21216a8c8
55a7da9b-cea8-4738-ba5c-6c90d0d0564b,play_store,IN,Preety nain,3,,👍 good,2026-08-19T12:22:52.606Z,0,,https://play.google.com/store/apps/details?id=com.myntra.android&reviewId=55a7da9b-cea8-4738-ba5c-6c90d0d0564b
a8f6075c-3fd5-4e85-a4b7-c5be00586945,play_store,IN,Radha Sharma,5,,Best for online shopping 🛍 😌 Using this app for more than 5 years.,2026-08-19T12:22:05.932Z,0,4.2606.31,https://play.google.com/store/apps/details?id=com.myntra.android&reviewId=a8f6075c-3fd5-4e85-a4b7-c5be00586945
72248138-bad5-43f9-96bc-b6ea843701da,play_store,IN,Aishwarya Sharma,5,,amazing,2026-08-19T12:21:04.450Z,0,4.2608.20,https://play.google.com/store/apps/details?id=com.myntra.android&reviewId=72248138-bad5-43f9-96bc-b6ea843701da
e4bc67c3-8184-4188-95d1-c6f90779024f,play_store,IN,Pratiksha Ingle,5,,“Absolutely loved these jeans! The fitting is perfect and the fabric feels really comfortable. The quality is also very good and the jeans look exactly like the pictures. The fit is flattering and easy to style with both crop tops and oversized tops. I’ve worn them for long hours and they’re still comfortable. Definitely worth the price and would recommend them! ❤️”,2026-08-19T12:20:47.980Z,1,4.2608.20,https://play.google.com/store/apps/details?id=com.myntra.android&reviewId=e4bc67c3-8184-4188-95d1-c6f90779024f
755d367e-df31-4c45-b2a1-1cfc34a2b0e0,play_store,IN,Vinay Nagaraj,5,,"I thought in myntra we get only expensive products, but got best deals which was affordable... cheers",2026-08-19T12:16:45.768Z,0,4.2608.20,https://play.google.com/store/apps/details?id=com.myntra.android&reviewId=755d367e-df31-4c45-b2a1-1cfc34a2b0e0
184268a1-b58b-4bcd-9d05-a756b1844eec,play_store,IN,RAin BErry,5,,best shopping app,2026-08-19T12:14:08.103Z,0,,https://play.google.com/store/apps/details?id=com.myntra.android&reviewId=184268a1-b58b-4bcd-9d05-a756b1844eec
46d95114-8f7a-4d46-ad0a-5b49ddd8fd51,play_store,IN,Afifa Waqar,4,,good 👍,2026-08-19T12:13:44.889Z,0,4.2608.20,https://play.google.com/store/apps/details?id=com.myntra.android&reviewId=46d95114-8f7a-4d46-ad0a-5b49ddd8fd51
69e1552a-85aa-4164-964d-6a940b555dbd,play_store,IN,Meenu,5,,"It's a good app, good clothes in good prize.",2026-08-19T12:12:08.135Z,0,4.2606.31,https://play.google.com/store/apps/details?id=com.myntra.android&reviewId=69e1552a-85aa-4164-964d-6a940b555dbd
7a4f87b2-291f-4c31-a8a3-2528122ce587,play_store,IN,Divya Chavhan,5,,it's good for shopping 🛍️🛒 and it can be purchaseable because myntra have best quality product and dress also so we can easily buy this and make happy.. if we start for shopping then it can be give a discount on your order and make affordable price their quality it best and also it give free coupons when we finished shopping and then we earn award for it .. I aslo earn mainy rewards and cash price on it so don't waste your time and jont with myntra and start to shopping 🛒🛍️ make your day,2026-08-19T12:04:40.811Z,0,4.2607.32,https://play.google.com/store/apps/details?id=com.myntra.android&reviewId=7a4f87b2-291f-4c31-a8a3-2528122ce587
e8603189-e113-45ce-aacd-149c39477be6,play_store,IN,Exercise Dept.,5,,It is a very good app,2026-08-19T12:02:20.213Z,0,,https://play.google.com/store/apps/details?id=com.myntra.android&reviewId=e8603189-e113-45ce-aacd-149c39477be6
a970ecef-548d-4a9c-bb9e-f58f58759980,play_store,IN,Ritesh Lohra,5,,nice bag quality is very good 👍🏻,2026-08-19T12:01:50.620Z,0,4.2607.43,https://play.google.com/store/apps/details?id=com.myntra.android&reviewId=a970ecef-548d-4a9c-bb9e-f58f58759980
4eea7e53-f8be-4b30-99d6-33a3c383e4ff,play_store,IN,Shivam Kumar,5,,nice app,2026-08-19T12:00:32.938Z,0,4.2607.43,https://play.google.com/store/apps/details?id=com.myntra.android&reviewId=4eea7e53-f8be-4b30-99d6-33a3c383e4ff
0616ad44-f124-45c5-9b81-d78f0f81046d,play_store,IN,JAGRATI YADAV,5,,very nice 💯 and genuine,2026-08-19T11:58:36.196Z,0,,https://play.google.com/store/apps/details?id=com.myntra.android&reviewId=0616ad44-f124-45c5-9b81-d78f0f81046d
4a01baff-2331-42af-812e-39be22c6e18b,play_store,IN,Shivani,5,,nice 👍🏻 app,2026-08-19T11:58:01.642Z,0,,https://play.google.com/store/apps/details?id=com.myntra.android&reviewId=4a01baff-2331-42af-812e-39be22c6e18b
5c33119c-9cff-4500-a1c9-e8f4c048be35,play_store,IN,Madansingh Meghwal,5,,good,2026-08-19T11:57:13.253Z,0,4.2607.32,https://play.google.com/store/apps/details?id=com.myntra.android&reviewId=5c33119c-9cff-4500-a1c9-e8f4c048be35
82943dde-4b03-4559-9e9d-02ebf6d3fdec,play_store,IN,Arthi Goud,5,,Best app for shopping 🛍️,2026-08-19T11:56:24.373Z,0,4.2607.32,https://play.google.com/store/apps/details?id=com.myntra.android&reviewId=82943dde-4b03-4559-9e9d-02ebf6d3fdec
f4ccf162-aa04-457b-a380-073ab4c7ff9a,play_store,IN,Sudipta Barik,5,,amazing,2026-08-19T11:55:58.925Z,0,4.2607.43,https://play.google.com/store/apps/details?id=com.myntra.android&reviewId=f4ccf162-aa04-457b-a380-073ab4c7ff9a
41719566-a379-4fbf-b596-5dccd8c1f49a,play_store,IN,Nira Singh,5,,good,2026-08-19T11:51:12.190Z,0,4.2608.20,https://play.google.com/store/apps/details?id=com.myntra.android&reviewId=41719566-a379-4fbf-b596-5dccd8c1f49a
4d66d9ea-8b9b-41ec-9104-073ec8ab4613,play_store,IN,sandeep verma,5,,Nice experience,2026-08-19T11:50:48.967Z,0,4.2608.20,https://play.google.com/store/apps/details?id=com.myntra.android&reviewId=4d66d9ea-8b9b-41ec-9104-073ec8ab4613
cded40ba-d673-4513-9b24-4cb9042142e6,play_store,IN,Nikhil Sharma,5,,good,2026-08-19T11:49:34.121Z,0,4.2607.43,https://play.google.com/store/apps/details?id=com.myntra.android&reviewId=cded40ba-d673-4513-9b24-4cb9042142e6
8c2ad67a-75b4-409a-ba16-e7f5117dccf5,play_store,IN,Rahul Meena,5,,good product available this site ☺️,2026-08-19T11:49:22.666Z,0,,https://play.google.com/store/apps/details?id=com.myntra.android&reviewId=8c2ad67a-75b4-409a-ba16-e7f5117dccf5
279c9e40-5c7c-4e68-9574-5bde1f11b79f,play_store,IN,Royy,5,,quality products,2026-08-19T11:46:43.735Z,0,,https://play.google.com/store/apps/details?id=com.myntra.android&reviewId=279c9e40-5c7c-4e68-9574-5bde1f11b79f
263af95c-0e0c-4c04-b025-afb49be6205d,play_store,IN,Anaswara S,5,,very good quality products,2026-08-19T11:46:23.924Z,0,4.2607.43,https://play.google.com/store/apps/details?id=com.myntra.android&reviewId=263af95c-0e0c-4c04-b025-afb49be6205d
fe40d4c6-b7ba-4894-898b-01d95e75d1fd,play_store,IN,Aryan Shandilya,5,,nic,2026-08-19T11:46:20.706Z,0,4.2608.20,https://play.google.com/store/apps/details?id=com.myntra.android&reviewId=fe40d4c6-b7ba-4894-898b-01d95e75d1fd
fd24cec6-97d7-4131-a45d-c5a92f8af520,play_store,IN,Narender reddy P,5,,awesome 😎,2026-08-19T11:44:09.562Z,0,,https://play.google.com/store/apps/details?id=com.myntra.android&reviewId=fd24cec6-97d7-4131-a45d-c5a92f8af520
a3dc7b79-c93d-42a5-9fba-aac2155a3997,play_store,IN,Amit Gulati,1,,Received expired product and after returning it myntra is not giving full refund,2026-08-19T11:40:13.121Z,0,4.2608.20,https://play.google.com/store/apps/details?id=com.myntra.android&reviewId=a3dc7b79-c93d-42a5-9fba-aac2155a3997
e9817275-4787-451c-bba3-6c093fd8d3cc,play_store,IN,Amitanshu Majhi,5,,product of myntra are perfect,2026-08-19T11:34:05.861Z,0,4.2608.20,https://play.google.com/store/apps/details?id=com.myntra.android&reviewId=e9817275-4787-451c-bba3-6c093fd8d3cc
8e41bfe8-730d-4adf-84a5-842bc02a78c9,play_store,IN,Namita Das,5,,nice product,2026-08-19T11:30:56.994Z,0,4.2608.20,https://play.google.com/store/apps/details?id=com.myntra.android&reviewId=8e41bfe8-730d-4adf-84a5-842bc02a78c9
f104c330-639f-4701-86fe-01656a47b64f,play_store,IN,Meenakshi Meenakshi,5,,so good,2026-08-19T11:30:44.641Z,0,4.2607.43,https://play.google.com/store/apps/details?id=com.myntra.android&reviewId=f104c330-639f-4701-86fe-01656a47b64f
3c9020db-06e1-44ff-891b-d731e9f7f81b,play_store,IN,Nithya TS,5,,♥️♥️♥️,2026-08-19T11:30:19.742Z,0,4.2607.43,https://play.google.com/store/apps/details?id=com.myntra.android&reviewId=3c9020db-06e1-44ff-891b-d731e9f7f81b
ba3d096f-a09b-4942-a5ce-7f83ec6c2c1a,play_store,IN,SIDDHARTH SONI,5,,very nice app,2026-08-19T11:28:48.493Z,0,4.2607.43,https://play.google.com/store/apps/details?id=com.myntra.android&reviewId=ba3d096f-a09b-4942-a5ce-7f83ec6c2c1a
aa7df3d8-d2cf-4d9e-9211-1380fe1cabe9,play_store,IN,RAVINDRA KUMAR,5,,verry good,2026-08-19T11:21:46.210Z,1,4.2607.11,https://play.google.com/store/apps/details?id=com.myntra.android&reviewId=aa7df3d8-d2cf-4d9e-9211-1380fe1cabe9
ad2d6841-69ac-4abb-b01a-02cc26515ff1,play_store,IN,Harsha,1,,received broken product with no brand tags or price tag on return request their delivery partner just says it could not be quality checked and hence the return is put on hold. told this to their customer care they told me to send photos did the same return was scheduled and the delivery partner did the same. I think I will just have to forget about my money as this problem will persist without any real solution,2026-08-19T11:12:40.167Z,0,4.2608.20,https://play.google.com/store/apps/details?id=com.myntra.android&reviewId=ad2d6841-69ac-4abb-b01a-02cc26515ff1
b56d6678-c1d5-417c-8a0d-1e75dea5c30d,play_store,IN,Shubham Patel,5,,it's a pleasure to use😍,2026-08-19T11:08:54.319Z,0,4.2607.32,https://play.google.com/store/apps/details?id=com.myntra.android&reviewId=b56d6678-c1d5-417c-8a0d-1e75dea5c30d
e72041a9-76d2-45c6-b068-0b4ae4fcb033,play_store,IN,Kuldeep Dhakad,5,,"very good app for online shopping, i think best in India , it's items are really good quality, and also good policies of payment returns or exchanges or refund",2026-08-19T11:08:39.380Z,0,,https://play.google.com/store/apps/details?id=com.myntra.android&reviewId=e72041a9-76d2-45c6-b068-0b4ae4fcb033
1a51f4c9-ba74-4e7b-acd5-604cc9415f51,play_store,IN,Sana Khan,5,,very nice service and product,2026-08-19T11:05:52.475Z,0,4.2608.20,https://play.google.com/store/apps/details?id=com.myntra.android&reviewId=1a51f4c9-ba74-4e7b-acd5-604cc9415f51
2249cb63-47bd-4821-9ff8-adb52cd6d6c0,play_store,IN,Shivansh Jaiswal,5,,nice aap,2026-08-19T11:05:40.505Z,0,,https://play.google.com/store/apps/details?id=com.myntra.android&reviewId=2249cb63-47bd-4821-9ff8-adb52cd6d6c0
ddd4ebe1-9f84-4e67-b0e2-c72337cb312b,play_store,IN,Suhani Amar,5,,I just love love love myntra,2026-08-19T11:04:16.619Z,0,,https://play.google.com/store/apps/details?id=com.myntra.android&reviewId=ddd4ebe1-9f84-4e67-b0e2-c72337cb312b
43b92019-010a-4ed1-bdc0-a9ed07c41c68,play_store,IN,BHERU GUJAR,5,,great application,2026-08-19T11:03:30.807Z,0,4.2606.31,https://play.google.com/store/apps/details?id=com.myntra.android&reviewId=43b92019-010a-4ed1-bdc0-a9ed07c41c68
b9ff1876-c623-406b-8cb3-164ec08a8317,play_store,IN,Sia Enterprises,5,,awesome,2026-08-19T11:02:37.456Z,0,4.2608.20,https://play.google.com/store/apps/details?id=com.myntra.android&reviewId=b9ff1876-c623-406b-8cb3-164ec08a8317
5d1fe9d9-78ec-414b-b08a-f2ff7a0ef7ae,play_store,IN,Priyanshu Kumar,5,,excellent,2026-08-19T11:01:26.311Z,0,4.2607.43,https://play.google.com/store/apps/details?id=com.myntra.android&reviewId=5d1fe9d9-78ec-414b-b08a-f2ff7a0ef7ae
1a632552-fa3d-4a55-b2d8-2130b068c1e8,play_store,IN,Revanth Chinthala,1,,Customer support and service at its worst. Wrong products are being sent and there is no quick resolution. The bot always says our agents are always busy,2026-08-19T10:59:37.478Z,0,4.2607.43,https://play.google.com/store/apps/details?id=com.myntra.android&reviewId=1a632552-fa3d-4a55-b2d8-2130b068c1e8
0e83c350-6ee6-40b3-a499-dc0cd08384f3,play_store,IN,raj Kumar,4,,👍👍👍👍,2026-08-19T10:56:02.834Z,0,,https://play.google.com/store/apps/details?id=com.myntra.android&reviewId=0e83c350-6ee6-40b3-a499-dc0cd08384f3
87c695fe-6a19-4e5b-b688-5e118507cb5b,play_store,IN,Mohd Aiyaz,5,,Is better than flipkart,2026-08-19T10:48:29.383Z,0,4.2607.43,https://play.google.com/store/apps/details?id=com.myntra.android&reviewId=87c695fe-6a19-4e5b-b688-5e118507cb5b
5489d211-20be-4cbc-8203-374343b170d2,play_store,IN,Kiran Rautela,5,,"I have been using Mantra for a few years now. Earlier, I used to order only a few things, but now I keep buying something or the other regularly. So far, everything I have ordered has been really good. Especially since they introduced the cashback and daily rewards options, it has been even more beneficial. I’m really happy with the experience. Thank you, Mantra! ❤️",2026-08-19T10:48:01.688Z,0,4.2608.20,https://play.google.com/store/apps/details?id=com.myntra.android&reviewId=5489d211-20be-4cbc-8203-374343b170d2
fd4b865b-09de-4f33-91cf-6f1caf493766,play_store,IN,Shruti,5,,excellent products and original brands,2026-08-19T10:44:56.832Z,0,4.2607.43,https://play.google.com/store/apps/details?id=com.myntra.android&reviewId=fd4b865b-09de-4f33-91cf-6f1caf493766
28c242e5-c0eb-45c8-a57a-7c9055ad540e,play_store,IN,Saleha Khan,5,,nice app for online shopping.... They give what they show..,2026-08-19T10:42:02.797Z,0,4.2608.20,https://play.google.com/store/apps/details?id=com.myntra.android&reviewId=28c242e5-c0eb-45c8-a57a-7c9055ad540e
127f6dfb-7e7f-4c18-ba62-4c10fda3b8cd,play_store,IN,Rajesh Mali,1,,"PATHETIC APP FOR SHOPPING. MY RETURN IS PENDING SINCE A MONTH ALMOST. RECIEVED ON 5 JUNE. RETURN FILED ON 7 . TODAY IS 28 JUNE . LAST DATE FOR RETURN WAS 19. ITS BEEN OVER 9 DAYS STILL IT SHOWING THEY ARE SAYING """" WE ARE LOOKING INTO YUR RETURN. PLEASE WAIT FOR 24 HOURS"""" JUST A PATHETIC SERVICE. YOU GUYS DONT EVEN DESERVE A SINGLE STAR FROM MY POINT OF YOU.",2026-08-19T10:38:13.226Z,0,4.2607.43,https://play.google.com/store/apps/details?id=com.myntra.android&reviewId=127f6dfb-7e7f-4c18-ba62-4c10fda3b8cd
358cc1f3-2ca1-466f-a1fb-011650a56d16,play_store,IN,Sonika Sharma,5,,good products,2026-08-19T10:36:31.303Z,0,4.2608.20,https://play.google.com/store/apps/details?id=com.myntra.android&reviewId=358cc1f3-2ca1-466f-a1fb-011650a56d16
7d3d3200-21f0-481c-9526-8d17f4da4645,play_store,IN,Meghana,5,,good,2026-08-19T10:33:18.380Z,0,4.2606.31,https://play.google.com/store/apps/details?id=com.myntra.android&reviewId=7d3d3200-21f0-481c-9526-8d17f4da4645
b8761c62-fd84-46a1-aa8d-120ee2552963,play_store,IN,Sarita Saini,5,,very fast and good condition delivery service.,2026-08-19T10:32:50.111Z,0,4.2607.43,https://play.google.com/store/apps/details?id=com.myntra.android&reviewId=b8761c62-fd84-46a1-aa8d-120ee2552963
72c2c538-1748-4f0e-b623-460146fb559e,play_store,IN,Shreyas Sambare,5,,nice,2026-08-19T10:32:18.230Z,0,4.2608.20,https://play.google.com/store/apps/details?id=com.myntra.android&reviewId=72c2c538-1748-4f0e-b623-460146fb559e
0e2974c9-0e20-431e-af23-b7542ab3be38,play_store,IN,Saloni Singhj,5,,myntra is trustable app 🤌 I have purchased from myntra and i received orders in well manner and quality of cloth is awesome 👌,2026-08-19T10:31:10.210Z,0,4.2608.20,https://play.google.com/store/apps/details?id=com.myntra.android&reviewId=0e2974c9-0e20-431e-af23-b7542ab3be38
749cc4a9-9ad4-468f-9997-34bab1874f2a,play_store,IN,Pen Paper,5,,"best app for clothes, affordable",2026-08-19T10:28:09.740Z,0,4.2608.20,https://play.google.com/store/apps/details?id=com.myntra.android&reviewId=749cc4a9-9ad4-468f-9997-34bab1874f2a
1da81ec1-de43-4a19-a8dd-210febf42feb,play_store,IN,Rajesh Panwar,5,,osm,2026-08-19T10:27:15.639Z,0,4.2607.43,https://play.google.com/store/apps/details?id=com.myntra.android&reviewId=1da81ec1-de43-4a19-a8dd-210febf42feb
0a99d124-0138-4f07-8b46-42aafac1efcd,play_store,IN,Ravi Raj,5,,mast hai sasta hai,2026-08-19T10:26:51.703Z,0,4.2606.31,https://play.google.com/store/apps/details?id=com.myntra.android&reviewId=0a99d124-0138-4f07-8b46-42aafac1efcd
348aaa42-cb86-4626-8580-8dd3c3ff3f08,play_store,IN,Gyan Ranjan,1,,very bad experience... i ordered a product in a offer and myntra haven't delivered that product instead of delivering the product they are only showing delay and delay... very bad app and support system is also worst... i am unable to make chat or call with the agent.... worst application don't purchase any product from myntra,2026-08-19T10:25:57.762Z,0,4.2608.20,https://play.google.com/store/apps/details?id=com.myntra.android&reviewId=348aaa42-cb86-4626-8580-8dd3c3ff3f08
29861749-996b-49ce-99fd-bce5900cd7d4,play_store,IN,Ashwani kumar sharma,5,,good experience recommended it,2026-08-19T10:25:17.939Z,0,4.2608.20,https://play.google.com/store/apps/details?id=com.myntra.android&reviewId=29861749-996b-49ce-99fd-bce5900cd7d4
7c5250b6-490d-4fa9-8a1c-91c3a1ea45af,play_store,IN,Nikki Deswal,5,,good,2026-08-19T10:25:15.463Z,0,,https://play.google.com/store/apps/details?id=com.myntra.android&reviewId=7c5250b6-490d-4fa9-8a1c-91c3a1ea45af
43092993-f826-4793-9327-ff36734cf54d,play_store,IN,Jeevan Dhakad,5,,best app and myncash back bhi acha deta h 👌👌👌,2026-08-19T10:23:15.453Z,0,4.2606.31,https://play.google.com/store/apps/details?id=com.myntra.android&reviewId=43092993-f826-4793-9327-ff36734cf54d
6fb42f99-2d24-4333-aa17-2c32d76c7398,play_store,IN,Prabha Kumari,5,,best,2026-08-19T10:22:40.286Z,0,,https://play.google.com/store/apps/details?id=com.myntra.android&reviewId=6fb42f99-2d24-4333-aa17-2c32d76c7398
a0d85da5-bb7b-429f-927d-d14e089be637,play_store,IN,Naveen Kumar,4,,good,2026-08-19T10:21:54.423Z,0,4.2607.43,https://play.google.com/store/apps/details?id=com.myntra.android&reviewId=a0d85da5-bb7b-429f-927d-d14e089be637
4a63b866-f269-42a6-9e61-8dea06730d92,play_store,IN,Amulya satyabrata Jena,5,,good,2026-08-19T10:21:38.299Z,0,,https://play.google.com/store/apps/details?id=com.myntra.android&reviewId=4a63b866-f269-42a6-9e61-8dea06730d92
a3f0d9ab-495a-425e-8164-c93796cd028c,play_store,IN,Brahmananda S,1,,"irrespansible app, and its worst it is not business app reson i asking some thing not accepted",2026-08-19T10:19:39.565Z,0,4.2608.20,https://play.google.com/store/apps/details?id=com.myntra.android&reviewId=a3f0d9ab-495a-425e-8164-c93796cd028c
51bfdaed-58f2-4715-8c24-ac48867a7993,play_store,IN,Vanshika Sharma,5,,I just love how you don't charge a lot on product,2026-08-19T10:19:31.817Z,0,4.2608.20,https://play.google.com/store/apps/details?id=com.myntra.android&reviewId=51bfdaed-58f2-4715-8c24-ac48867a7993
9d9c737d-c2ce-45ec-89e0-c49057e3f7d2,play_store,IN,Martha Sruthi,5,,super I am happy,2026-08-19T10:18:42.208Z,0,4.2605.21,https://play.google.com/store/apps/details?id=com.myntra.android&reviewId=9d9c737d-c2ce-45ec-89e0-c49057e3f7d2
f494544b-4963-4659-858b-2e6db32456e5,play_store,IN,Puli Manisha,1,,"the worst app i cancelled my order in August and today is August 18th, but I still haven't received my refund. I really didn't expect this from Myntra. When will my amount be refunded",2026-08-19T10:18:05.117Z,0,4.2607.43,https://play.google.com/store/apps/details?id=com.myntra.android&reviewId=f494544b-4963-4659-858b-2e6db32456e5
2364ea40-6f8c-4e4a-8f09-ab1bbad30256,play_store,IN,Rekha Devi,5,,good product as soon as received 👏👌,2026-08-19T10:12:00.229Z,0,4.2607.32,https://play.google.com/store/apps/details?id=com.myntra.android&reviewId=2364ea40-6f8c-4e4a-8f09-ab1bbad30256
5f0627c3-bd29-452f-99da-d7663451167d,play_store,IN,Leena Rebello,5,,"A very beautiful dress, perfect stich.But the only thing i was dissatisfied is i thought the gold pattern was embroidery but in reality it's just gold print. Otherwise the fit and outlook is really good. Thank you.",2026-08-19T10:09:39.104Z,1,4.2608.20,https://play.google.com/store/apps/details?id=com.myntra.android&reviewId=5f0627c3-bd29-452f-99da-d7663451167d
ba5c9926-b629-4b9e-810e-1f3d0f79f020,play_store,IN,Chanakya Saini,1,,without seeing my return product they claimed that they have footage of my product. I am using first time Myntra in my life and this is wrost service. Other apps provided better service as compared to this.wrost service of my life delivery agent update status that quality check failed without seeing my return product and the Myntra team saying that they have investigated and find everything okay. send me the footage if you investigated this. Wrost service they don't care about customer value,2026-08-19T10:07:47.141Z,0,4.2608.20,https://play.google.com/store/apps/details?id=com.myntra.android&reviewId=ba5c9926-b629-4b9e-810e-1f3d0f79f020
94b363b8-bdc9-4c4b-b5cf-3adeb8b19632,play_store,IN,Urmi Naskar,5,,quality maintain,2026-08-19T10:06:10.428Z,0,4.2512.21,https://play.google.com/store/apps/details?id=com.myntra.android&reviewId=94b363b8-bdc9-4c4b-b5cf-3adeb8b19632
f55b8af8-85fc-46e7-b033-657b766eba82,play_store,IN,K s n ratnam Ksnr,5,,I LIKE MYNTRA,2026-08-19T10:00:46.362Z,0,4.2607.43,https://play.google.com/store/apps/details?id=com.myntra.android&reviewId=f55b8af8-85fc-46e7-b033-657b766eba82
8f8cddf7-8f2c-4d37-a6db-f96945edb34a,play_store,IN,Farukh Khan,5,,nice app,2026-08-19T10:00:30.444Z,0,4.2607.11,https://play.google.com/store/apps/details?id=com.myntra.android&reviewId=8f8cddf7-8f2c-4d37-a6db-f96945edb34a
e31aee0a-8793-410a-be26-770ef01efacf,play_store,IN,Swathi Chidurala,4,,good,2026-08-19T09:59:17.402Z,0,4.2608.20,https://play.google.com/store/apps/details?id=com.myntra.android&reviewId=e31aee0a-8793-410a-be26-770ef01efacf
09c41eef-628a-4e75-aae9-59cb20c18a4d,play_store,IN,Komal Poddar,5,,best experience,2026-08-19T09:54:54.980Z,0,4.2607.43,https://play.google.com/store/apps/details?id=com.myntra.android&reviewId=09c41eef-628a-4e75-aae9-59cb20c18a4d
43ef69b5-5eb2-415b-90e2-eaa7249ea2ae,play_store,IN,Deepak Sharma,5,,very useful and time saving app...,2026-08-19T09:54:10.689Z,0,4.2607.32,https://play.google.com/store/apps/details?id=com.myntra.android&reviewId=43ef69b5-5eb2-415b-90e2-eaa7249ea2ae
ca0b8fb0-8cb0-4f75-910a-256c9f73aeaf,play_store,IN,Nazia Khatun,5,,my best one and only shopping app. go for itt!!!,2026-08-19T09:48:00.210Z,0,4.2608.20,https://play.google.com/store/apps/details?id=com.myntra.android&reviewId=ca0b8fb0-8cb0-4f75-910a-256c9f73aeaf
73d10e9f-7e21-4ef1-b7ef-97a10e935a8a,play_store,IN,Ramya Tirupathi,1,,one of worst service provider and not delivered the item in exact date as mentioned I am this stupid mistake continuously 👎👎,2026-08-19T09:45:17.347Z,0,4.2606.11,https://play.google.com/store/apps/details?id=com.myntra.android&reviewId=73d10e9f-7e21-4ef1-b7ef-97a10e935a8a
cf0cd14c-00ab-4d3e-ac17-3eced02d7bfc,play_store,IN,angel Girgilani,5,,lovely 🌹,2026-08-19T09:43:44.881Z,0,,https://play.google.com/store/apps/details?id=com.myntra.android&reviewId=cf0cd14c-00ab-4d3e-ac17-3eced02d7bfc
682f5840-5ebe-4801-8501-ac174b6ce94a,play_store,IN,Saumya Gautam,5,,good,2026-08-19T09:41:38.811Z,0,4.2607.43,https://play.google.com/store/apps/details?id=com.myntra.android&reviewId=682f5840-5ebe-4801-8501-ac174b6ce94a
41358318-29cc-4b18-82a6-f5f533fb0de0,play_store,IN,Pallavi Sharma,5,,myntra app really awesome 👍....I am so glad to use it...,2026-08-19T09:38:04.853Z,0,4.2608.20,https://play.google.com/store/apps/details?id=com.myntra.android&reviewId=41358318-29cc-4b18-82a6-f5f533fb0de0
b31dcb8b-5140-437a-a656-c7b92352b57c,play_store,IN,Shyam Kumar,5,,fast delivari and good produced,2026-08-19T09:35:58.292Z,0,4.2608.20,https://play.google.com/store/apps/details?id=com.myntra.android&reviewId=b31dcb8b-5140-437a-a656-c7b92352b57c
ed331217-ac1b-47e6-8301-253eef720461,play_store,IN,Moin Shaikh,1,,"Extremely disappointed with Myntra's service. The product quality is terrible, delivery was heavily delayed, and the customer support is completely unhelpful. Definitely not recommended. 1/5 stars.""",2026-08-19T09:31:57.138Z,0,4.2607.43,https://play.google.com/store/apps/details?id=com.myntra.android&reviewId=ed331217-ac1b-47e6-8301-253eef720461
d7ab8ac4-f7e6-44ab-862b-c96b19e644b9,play_store,IN,Swati Agarwal,5,,Good to use easy to use and it is trusted also,2026-08-19T09:31:37.999Z,0,4.2608.20,https://play.google.com/store/apps/details?id=com.myntra.android&reviewId=d7ab8ac4-f7e6-44ab-862b-c96b19e644b9
abc0ef45-59cd-4782-bfd3-451b43dfe6ed,play_store,IN,Vijay Pratap,5,,nice app with exciting offers,2026-08-19T09:28:55.652Z,0,,https://play.google.com/store/apps/details?id=com.myntra.android&reviewId=abc0ef45-59cd-4782-bfd3-451b43dfe6ed
5cae7981-3861-4668-bb8a-001f175c29af,play_store,IN,Rajeshwari K,5,,best shopping app... i am really happy,2026-08-19T09:27:43.509Z,0,4.2608.20,https://play.google.com/store/apps/details?id=com.myntra.android&reviewId=5cae7981-3861-4668-bb8a-001f175c29af
a38e76eb-f317-4475-854b-766969267f4d,play_store,IN,nikhil surya,5,,best products,2026-08-19T09:27:02.760Z,0,4.2606.31,https://play.google.com/store/apps/details?id=com.myntra.android&reviewId=a38e76eb-f317-4475-854b-766969267f4d
2fd67614-35d5-45e4-a41b-e170bd533552,play_store,IN,MEGHABAHAN SAMAL,5,,just wow,2026-08-19T09:27:00.850Z,0,4.2608.20,https://play.google.com/store/apps/details?id=com.myntra.android&reviewId=2fd67614-35d5-45e4-a41b-e170bd533552
0dc91921-aa03-47f5-8af3-bad52d2d054d,play_store,IN,Bibek Mahanta,5,,good,2026-08-19T09:26:11.700Z,0,4.2608.20,https://play.google.com/store/apps/details?id=com.myntra.android&reviewId=0dc91921-aa03-47f5-8af3-bad52d2d054d
4bb4e7b7-e2db-496f-8bb6-1a8454bd1576,play_store,IN,Manoj sahu,4,,good,2026-08-19T09:20:02.403Z,0,4.2608.20,https://play.google.com/store/apps/details?id=com.myntra.android&reviewId=4bb4e7b7-e2db-496f-8bb6-1a8454bd1576
8c64b5f7-be9d-4bf4-86dd-ea8b74c50bd5,play_store,IN,FUNNY ANIMAI. 9A,5,,good,2026-08-19T09:11:23.711Z,0,,https://play.google.com/store/apps/details?id=com.myntra.android&reviewId=8c64b5f7-be9d-4bf4-86dd-ea8b74c50bd5
ad5498f9-caa4-42a5-b656-5db2923dd1bf,play_store,IN,Radhika Parmar,5,,just Woww!!,2026-08-19T09:08:22.990Z,0,4.2608.20,https://play.google.com/store/apps/details?id=com.myntra.android&reviewId=ad5498f9-caa4-42a5-b656-5db2923dd1bf
7651c953-0762-4c09-8588-bdcced15dded,play_store,IN,Alpana Chauhan,5,,wonderful app for shopping,2026-08-19T09:06:58.158Z,0,4.2608.20,https://play.google.com/store/apps/details?id=com.myntra.android&reviewId=7651c953-0762-4c09-8588-bdcced15dded
25e76cb9-825c-42a7-85bf-bbf7d05fc930,play_store,IN,Keshav Baisoya,5,,very nice 💯,2026-08-19T09:06:39.260Z,0,4.2608.20,https://play.google.com/store/apps/details?id=com.myntra.android&reviewId=25e76cb9-825c-42a7-85bf-bbf7d05fc930
444aa832-a42b-4f89-8677-fb863f33b6bb,play_store,IN,Kowsik Barman,5,,wow,2026-08-19T09:05:42.490Z,0,4.2607.43,https://play.google.com/store/apps/details?id=com.myntra.android&reviewId=444aa832-a42b-4f89-8677-fb863f33b6bb
fd50f8da-b2a7-4143-896c-c41f697da048,play_store,IN,Sandeep Kumar,4,,help people,2026-08-19T09:01:54.861Z,0,4.2606.31,https://play.google.com/store/apps/details?id=com.myntra.android&reviewId=fd50f8da-b2a7-4143-896c-c41f697da048
76ecf3af-52cf-4903-b75c-61b80cd0f17b,play_store,IN,Ravit Dubey,5,,very nice,2026-08-19T09:01:08.656Z,0,4.2607.43,https://play.google.com/store/apps/details?id=com.myntra.android&reviewId=76ecf3af-52cf-4903-b75c-61b80cd0f17b
4c0ff5bb-8feb-4ab5-9c07-e8b75b997370,play_store,IN,Karan Mali,5,,customer friendly app too good,2026-08-19T08:55:59.968Z,0,4.2608.20,https://play.google.com/store/apps/details?id=com.myntra.android&reviewId=4c0ff5bb-8feb-4ab5-9c07-e8b75b997370
a37d9f15-6944-4f00-94d3-cb9d2add5cb1,play_store,IN,RPM ideas n Creations,5,,"Fantastic experience in ordering, payment and product detailing",2026-08-19T08:52:26.209Z,0,4.2608.20,https://play.google.com/store/apps/details?id=com.myntra.android&reviewId=a37d9f15-6944-4f00-94d3-cb9d2add5cb1
e7399396-22f3-4689-9bdc-8c1878d7655c,play_store,IN,Tisha Mehta,5,,best app,2026-08-19T08:51:16.471Z,0,,https://play.google.com/store/apps/details?id=com.myntra.android&reviewId=e7399396-22f3-4689-9bdc-8c1878d7655c
d4f52aa8-6126-4bf2-b3a2-dded6b932318,play_store,IN,Vikas Bharti,5,,excellent customer service app 👍 product quality always in good condition and service is good I am always purchasing by this app,2026-08-19T08:49:07.763Z,0,4.2607.43,https://play.google.com/store/apps/details?id=com.myntra.android&reviewId=d4f52aa8-6126-4bf2-b3a2-dded6b932318
7c84660d-f780-4ec0-9d14-4b87c640467e,play_store,IN,Rajesh bhojraj Chugh,1,,don't deliver on the said date delivery is always delivered delayed and cancel themselves and say that the order is cancelled for unwanted reasons my multiple orders have been cancelled unwanted reasons most worst thing is that day charge platform fee cash on handling fee which is not refundable if the product is returned,2026-08-19T08:47:54.947Z,0,,https://play.google.com/store/apps/details?id=com.myntra.android&reviewId=7c84660d-f780-4ec0-9d14-4b87c640467e
cad62812-e514-46bb-b0ca-4c586987ea94,play_store,IN,Nr Gupta,5,,very good aap,2026-08-19T08:47:22.755Z,0,4.2607.43,https://play.google.com/store/apps/details?id=com.myntra.android&reviewId=cad62812-e514-46bb-b0ca-4c586987ea94
a6ce905d-4fe6-41e3-ad9e-f8fa6b90d9ba,play_store,IN,Niladri Ghosh,5,,Good.,2026-08-19T08:45:27.501Z,0,4.2608.20,https://play.google.com/store/apps/details?id=com.myntra.android&reviewId=a6ce905d-4fe6-41e3-ad9e-f8fa6b90d9ba
8f4a6808-5f92-411d-a1ef-9558dafdcbe8,play_store,IN,anand dnana,5,,very good product,2026-08-19T08:44:02.106Z,0,4.2608.20,https://play.google.com/store/apps/details?id=com.myntra.android&reviewId=8f4a6808-5f92-411d-a1ef-9558dafdcbe8
ecf33cfa-26c1-41dd-9dc4-175e468050fc,play_store,IN,shweta mohite,5,,nice dress,2026-08-19T08:42:19.585Z,0,4.2607.43,https://play.google.com/store/apps/details?id=com.myntra.android&reviewId=ecf33cfa-26c1-41dd-9dc4-175e468050fc
93a6b207-e7a4-4d9a-9135-75bcf533e557,play_store,IN,Keval Desai,1,,delivery is not faster,2026-08-19T08:42:16.770Z,0,4.2607.43,https://play.google.com/store/apps/details?id=com.myntra.android&reviewId=93a6b207-e7a4-4d9a-9135-75bcf533e557
a9edcf07-5b98-4da1-84da-ee507974ddbb,play_store,IN,Asma kausar Ansari,5,,i trusted on myntra last five years... original product and fast delivery 💖,2026-08-19T08:38:18.900Z,0,4.2607.43,https://play.google.com/store/apps/details?id=com.myntra.android&reviewId=a9edcf07-5b98-4da1-84da-ee507974ddbb
a793019e-3966-41c5-8037-7f5dbe5a5b9b,play_store,IN,Cryprex Priya,5,,beautiful product,2026-08-19T08:34:44.393Z,0,,https://play.google.com/store/apps/details?id=com.myntra.android&reviewId=a793019e-3966-41c5-8037-7f5dbe5a5b9b
c263bb28-103d-4a59-b878-06350b40f625,play_store,IN,Mohd Arkam,5,,Nice👏,2026-08-19T08:33:39.828Z,0,4.2607.43,https://play.google.com/store/apps/details?id=com.myntra.android&reviewId=c263bb28-103d-4a59-b878-06350b40f625
9096dea3-0995-4b4f-a95c-45b2966532f9,play_store,IN,Rajni Chauhan,4,,good experience,2026-08-19T08:32:30.574Z,0,4.2607.43,https://play.google.com/store/apps/details?id=com.myntra.android&reviewId=9096dea3-0995-4b4f-a95c-45b2966532f9
ea9d2910-a87b-4bf1-88a0-027b61d5e8f6,play_store,IN,rajesh rajesh,5,,good,2026-08-19T08:28:59.963Z,0,4.2608.20,https://play.google.com/store/apps/details?id=com.myntra.android&reviewId=ea9d2910-a87b-4bf1-88a0-027b61d5e8f6
70563374-8d38-4e7b-8a4a-94bccb1c6a98,play_store,IN,Sohail Ali,5,,good app,2026-08-19T08:28:42.211Z,0,4.2608.20,https://play.google.com/store/apps/details?id=com.myntra.android&reviewId=70563374-8d38-4e7b-8a4a-94bccb1c6a98
1b48f4f6-5f1c-406a-8af6-ad61c6485bfd,play_store,IN,Kaushik Pothuraju,5,,very nice,2026-08-19T08:26:23.122Z,0,4.2607.43,https://play.google.com/store/apps/details?id=com.myntra.android&reviewId=1b48f4f6-5f1c-406a-8af6-ad61c6485bfd
29bab361-733a-4cd1-a8a8-b60d446d986d,play_store,IN,Ajiti Behera,5,,super,2026-08-19T08:21:38.767Z,0,4.2608.20,https://play.google.com/store/apps/details?id=com.myntra.android&reviewId=29bab361-733a-4cd1-a8a8-b60d446d986d
6e7d7045-24d7-491e-9e01-a59849122f1d,play_store,IN,Shruti Dubey,5,,it was very much better rakhii,2026-08-19T08:19:10.766Z,0,4.2608.20,https://play.google.com/store/apps/details?id=com.myntra.android&reviewId=6e7d7045-24d7-491e-9e01-a59849122f1d
fe48cdd1-c4aa-4671-8b9a-6075e77bd5cc,play_store,IN,Vipul Baraiya,5,,nice,2026-08-19T08:17:06.776Z,0,4.2607.43,https://play.google.com/store/apps/details?id=com.myntra.android&reviewId=fe48cdd1-c4aa-4671-8b9a-6075e77bd5cc
3c93ada9-b317-4623-88d1-6cdc74c9cf86,play_store,IN,SriRekha KR,1,,Myntra app is deactivated and not able to longin,2026-08-19T08:15:52.899Z,0,4.2608.20,https://play.google.com/store/apps/details?id=com.myntra.android&reviewId=3c93ada9-b317-4623-88d1-6cdc74c9cf86
759898c6-dd8b-4186-aec5-9a0cccadf419,play_store,IN,Arjun Rajeev,5,,Awesome,2026-08-19T08:14:55.104Z,0,4.2607.11,https://play.google.com/store/apps/details?id=com.myntra.android&reviewId=759898c6-dd8b-4186-aec5-9a0cccadf419
35b27416-d927-4c7d-a57a-e3cfdba5317e,play_store,IN,Sunny mahanand,5,,best appp,2026-08-19T08:14:09.873Z,0,,https://play.google.com/store/apps/details?id=com.myntra.android&reviewId=35b27416-d927-4c7d-a57a-e3cfdba5317e
8170746f-a7ce-4508-8ce9-9c3b0407bc04,play_store,IN,Ayush Kumar,1,,👎🏻,2026-08-19T08:14:06.364Z,0,,https://play.google.com/store/apps/details?id=com.myntra.android&reviewId=8170746f-a7ce-4508-8ce9-9c3b0407bc04
d1961c17-1d8f-40ef-bd5a-7704961c4fee,play_store,IN,Reeya,5,,wow ! fully satisfied,2026-08-19T08:14:01.817Z,0,4.2607.43,https://play.google.com/store/apps/details?id=com.myntra.android&reviewId=d1961c17-1d8f-40ef-bd5a-7704961c4fee
8ede650e-999d-412b-a414-92524e52e5a0,play_store,IN,abhishek kumar,5,,amazing service providers for myntra . i am happy 😁 lowest price get best fashion items provided. thank you 👍🏻😊 myntra,2026-08-19T08:13:12.915Z,0,,https://play.google.com/store/apps/details?id=com.myntra.android&reviewId=8ede650e-999d-412b-a414-92524e52e5a0
14ea0ed0-d611-4dbe-96ed-b2f9630275a4,play_store,IN,dhanush bhargavan,5,,"myntra is doing amazing especially it's style exchange is so unique , refund is amazing, go for it",2026-08-19T08:09:14.566Z,0,4.2608.20,https://play.google.com/store/apps/details?id=com.myntra.android&reviewId=14ea0ed0-d611-4dbe-96ed-b2f9630275a4
fc3fa8f2-ecf7-4ec7-a5a4-39e8129024df,play_store,IN,Ajay verma,4,,good experience,2026-08-19T08:06:01.590Z,0,4.2607.32,https://play.google.com/store/apps/details?id=com.myntra.android&reviewId=fc3fa8f2-ecf7-4ec7-a5a4-39e8129024df
ff526d45-01ba-418f-9366-44b268f088d1,play_store,IN,Rohit kr Gupta,5,,osm products are been delivered,2026-08-19T08:05:09.220Z,0,4.2608.20,https://play.google.com/store/apps/details?id=com.myntra.android&reviewId=ff526d45-01ba-418f-9366-44b268f088d1
c4fd0f5c-443d-4ec3-96af-7711cf02df17,play_store,IN,Somiya Devendra,5,,this app is very good 👍,2026-08-19T08:00:05.830Z,0,4.2607.43,https://play.google.com/store/apps/details?id=com.myntra.android&reviewId=c4fd0f5c-443d-4ec3-96af-7711cf02df17
7d1ada99-af12-4b1d-9bee-be248c32dabc,play_store,IN,Shakeel Kausar,5,,Great,2026-08-19T07:54:43.762Z,0,4.2607.43,https://play.google.com/store/apps/details?id=com.myntra.android&reviewId=7d1ada99-af12-4b1d-9bee-be248c32dabc
18685182-1bf4-41d4-b726-08f790fa253a,play_store,IN,〖ROY〗,4,,absolutely 100% original quality,2026-08-19T07:52:47.231Z,0,4.2608.20,https://play.google.com/store/apps/details?id=com.myntra.android&reviewId=18685182-1bf4-41d4-b726-08f790fa253a
955895d2-8925-43cf-b869-498f0692f5d0,play_store,IN,Tanmaya Kumar Muni,4,,good,2026-08-19T07:47:17.156Z,0,4.2608.20,https://play.google.com/store/apps/details?id=com.myntra.android&reviewId=955895d2-8925-43cf-b869-498f0692f5d0
acd17f58-f3b8-4aa5-bb2f-848b038e5ef2,play_store,IN,Neha Mahato,5,,very good experience 😃👍,2026-08-19T07:42:07.541Z,0,4.2607.11,https://play.google.com/store/apps/details?id=com.myntra.android&reviewId=acd17f58-f3b8-4aa5-bb2f-848b038e5ef2
ef81aeb8-d6a8-4f12-a34b-f5e22ae9977c,play_store,IN,Surbhi,5,,the product Myntra shows is one of best quality,2026-08-19T07:39:03.980Z,0,,https://play.google.com/store/apps/details?id=com.myntra.android&reviewId=ef81aeb8-d6a8-4f12-a34b-f5e22ae9977c
76d23c9d-9ffc-482c-b3bc-fa77e332c1ed,play_store,IN,Mukesh Banjara,5,,nice,2026-08-19T07:37:44.286Z,0,4.2608.20,https://play.google.com/store/apps/details?id=com.myntra.android&reviewId=76d23c9d-9ffc-482c-b3bc-fa77e332c1ed
d65c609c-4172-4c07-829e-9e55ae839d0c,play_store,IN,Afrin Khan,5,,great experience,2026-08-19T07:37:16.444Z,0,4.2606.31,https://play.google.com/store/apps/details?id=com.myntra.android&reviewId=d65c609c-4172-4c07-829e-9e55ae839d0c
a86a9477-f21f-4eda-b279-fc18fb5d0015,play_store,IN,manju shivanna,5,,love this app,2026-08-19T07:35:05.883Z,0,4.2608.20,https://play.google.com/store/apps/details?id=com.myntra.android&reviewId=a86a9477-f21f-4eda-b279-fc18fb5d0015
423845c3-c1ad-4574-a640-7396593e9df1,play_store,IN,KIRAN PATEL,4,,good 👍👍,2026-08-19T07:34:16.540Z,0,4.2608.20,https://play.google.com/store/apps/details?id=com.myntra.android&reviewId=423845c3-c1ad-4574-a640-7396593e9df1
4e2f20ad-c819-4a6f-b47f-b7d9fadd8086,play_store,IN,Azrudeen Khan,5,,good 👍😊,2026-08-19T07:31:04.219Z,0,4.2608.20,https://play.google.com/store/apps/details?id=com.myntra.android&reviewId=4e2f20ad-c819-4a6f-b47f-b7d9fadd8086
b9950f9a-bc14-4c3f-93b2-beece509000b,play_store,IN,Shreyansh Singh,1,,poor experience and A lot of scams happen on Myntra.,2026-08-19T07:30:34.846Z,0,4.2608.20,https://play.google.com/store/apps/details?id=com.myntra.android&reviewId=b9950f9a-bc14-4c3f-93b2-beece509000b
f834b05c-2aaa-4ce9-9c1e-c8b36162e82f,play_store,IN,Shubham Kesharwani,5,,very good app....For brand purchase...original and authentic product ... Good for it ....,2026-08-19T07:30:22.861Z,0,4.2607.43,https://play.google.com/store/apps/details?id=com.myntra.android&reviewId=f834b05c-2aaa-4ce9-9c1e-c8b36162e82f
d3b0989b-b95b-4310-8278-9c74bd5c7e5f,play_store,IN,shivangichauhan03,5,,veryyyy veryy6 goodddd 💗🫶🏻,2026-08-19T07:27:55.735Z,0,4.2607.43,https://play.google.com/store/apps/details?id=com.myntra.android&reviewId=d3b0989b-b95b-4310-8278-9c74bd5c7e5f
8458363a-579c-4744-af6c-a90b5c344b83,play_store,IN,Harshali Shelke,1,,Bakawas service Bakawas App....All Time Delivered Fake and duplicate products.. return option is not visible...1 Monthno one pick up return order .... customer service also disgusting please don't use Myntra app it's very very bad,2026-08-19T07:25:03.741Z,0,4.2606.31,https://play.google.com/store/apps/details?id=com.myntra.android&reviewId=8458363a-579c-4744-af6c-a90b5c344b83
0f57b0fc-55e1-4aa1-ab2f-6e48dc47583c,play_store,IN,muskaan sharma,5,,nice,2026-08-19T07:24:46.615Z,0,4.2608.20,https://play.google.com/store/apps/details?id=com.myntra.android&reviewId=0f57b0fc-55e1-4aa1-ab2f-6e48dc47583c
f967a89e-7664-409d-98b0-0b25944e15e4,play_store,IN,VIPIN CHAUDHARI,5,,Good quality and varieties of products are available at Myntra you must visit and buy accordingly.,2026-08-19T07:24:34.320Z,0,,https://play.google.com/store/apps/details?id=com.myntra.android&reviewId=f967a89e-7664-409d-98b0-0b25944e15e4
938a1b7e-3b37-44f3-b065-36a1d31d6492,play_store,IN,Sivasubramaniyan,4,,been using Myntra for about 12 years. over the years they have improved a lot and gives peace of mind in choosing genuine products. however the platform fee is too high,2026-08-19T07:24:00.277Z,0,4.2608.20,https://play.google.com/store/apps/details?id=com.myntra.android&reviewId=938a1b7e-3b37-44f3-b065-36a1d31d6492
90e46fdc-d7d7-4858-8957-8801ed1ba923,play_store,IN,ankita yadav,5,,Myntra is honestly one of my favourite shopping apps! ❤️ The app is very easy to use. the collection is amazing & there are always great discounts & offers. I love how easy it is to search products compare options & check reviews before buying. The product variety is excellent & the overall shopping experience is smooth and convenient. 🛍️ Delivery & packaging have also been good in my experience & the return/exchange process is quite convenient. Thank u Myntra for making online shopping so easy,2026-08-19T07:22:26.505Z,1,4.2607.11,https://play.google.com/store/apps/details?id=com.myntra.android&reviewId=90e46fdc-d7d7-4858-8957-8801ed1ba923
5125d086-d1b6-406b-864e-e9e2b75b96dd,play_store,IN,Nayana H.N,5,,good producrs,2026-08-19T07:22:19.615Z,0,4.2608.20,https://play.google.com/store/apps/details?id=com.myntra.android&reviewId=5125d086-d1b6-406b-864e-e9e2b75b96dd
e5973c57-1640-4ae7-900d-b3fe74dca1a1,play_store,IN,MAHESH JANGRA,5,,nice app and great product take a but longer for deliver products,2026-08-19T07:21:43.509Z,0,4.2608.20,https://play.google.com/store/apps/details?id=com.myntra.android&reviewId=e5973c57-1640-4ae7-900d-b3fe74dca1a1
8e507734-7f37-499d-84c6-bd2065015978,play_store,IN,Tanisha,5,,"Good, but not budget friendly for everyone!",2026-08-19T07:20:53.446Z,0,4.2607.43,https://play.google.com/store/apps/details?id=com.myntra.android&reviewId=8e507734-7f37-499d-84c6-bd2065015978
f550ea2a-ef78-4330-95f4-ed0900093de8,play_store,IN,Nikki Saini,1,,myntra sarvice sabse bekar hai mara order 14 August ko delivered hona tha or aaj 19 august ho gyi hai aaj tak Oder nhi aaya inki helpline pr baat kro to next time next bolte hai koi kuch bhi help nhi krte sabse bekar platform hai 👎👎👎,2026-08-19T07:20:13.483Z,0,4.2608.20,https://play.google.com/store/apps/details?id=com.myntra.android&reviewId=f550ea2a-ef78-4330-95f4-ed0900093de8
12a8be28-417f-45a9-b2f2-b759e364ae6c,play_store,IN,Reeshu Pandey,5,,Best quality of product,2026-08-19T07:17:42.793Z,0,4.2607.43,https://play.google.com/store/apps/details?id=com.myntra.android&reviewId=12a8be28-417f-45a9-b2f2-b759e364ae6c
299e8818-893e-4de7-9a11-56fd8e20ad8c,play_store,IN,Manjeet singh,1,,"today 19 Jul 26 almost 70 days passed, I returned a product worth ₹10,999 but have still not received my refund since 8 jun 26 order. Customer support keeps giving different instructions—first chargeback, then bank statement, bank details, and now a bank denial letter. I have submitted every document requested, yet there is no resolution. I have spent weeks following up and visiting my bank. worst ever merchant in my life. please don't buy anything here 🙏. myntra is complete fraud and scam.",2026-08-19T07:15:02.214Z,2,4.2608.20,https://play.google.com/store/apps/details?id=com.myntra.android&reviewId=299e8818-893e-4de7-9a11-56fd8e20ad8c
55037413-0af5-4285-9a02-572ae9a2f154,play_store,IN,Naitik Jaat,5,,best,2026-08-19T07:15:00.106Z,0,4.2607.43,https://play.google.com/store/apps/details?id=com.myntra.android&reviewId=55037413-0af5-4285-9a02-572ae9a2f154
ddd3eb2e-9205-4d76-8603-fa451119eaf8,play_store,IN,Umaima Naaz,5,,💗,2026-08-19T07:14:36.354Z,0,,https://play.google.com/store/apps/details?id=com.myntra.android&reviewId=ddd3eb2e-9205-4d76-8603-fa451119eaf8
2f0b2c79-ce99-40c5-b342-9a74e73da5b0,play_store,IN,Rajesh Royy,5,,good 👍🏻,2026-08-19T07:13:29.205Z,0,4.2607.43,https://play.google.com/store/apps/details?id=com.myntra.android&reviewId=2f0b2c79-ce99-40c5-b342-9a74e73da5b0
94d225c5-60b3-4d33-8410-64b62751d708,play_store,IN,Dhananjaya Netam,1,,Myntra's return policy is complicated when you receive the wrong product. I have been waiting for days and still the issue is not getting resolved. Also their packaging is the worst.,2026-08-19T07:12:28.472Z,0,4.2608.20,https://play.google.com/store/apps/details?id=com.myntra.android&reviewId=94d225c5-60b3-4d33-8410-64b62751d708
2711e7bc-83df-4f03-ad62-d443073b473f,play_store,IN,Rakriti,5,,good platform,2026-08-19T07:08:20.668Z,0,4.2607.43,https://play.google.com/store/apps/details?id=com.myntra.android&reviewId=2711e7bc-83df-4f03-ad62-d443073b473f
68ebe2f1-555e-45f8-8776-7b17a5373150,play_store,IN,Pragya Sharma,1,,Disgusting app it is rascal,2026-08-19T07:08:14.995Z,0,4.2607.43,https://play.google.com/store/apps/details?id=com.myntra.android&reviewId=68ebe2f1-555e-45f8-8776-7b17a5373150
bb49a699-7c03-44f1-b380-76fa91671906,play_store,IN,Bindu Madhavi,5,,Nice App Placed My Placed First Order And My First Delivered Thank You,2026-08-19T07:06:49.331Z,0,4.2608.20,https://play.google.com/store/apps/details?id=com.myntra.android&reviewId=bb49a699-7c03-44f1-b380-76fa91671906
92186647-6e13-47bc-988c-872868b587d9,play_store,IN,Lakshya Rajawat,5,,Myntra is one of the best shopping app not only for clothes but for everything.,2026-08-19T07:06:47.215Z,0,4.2607.43,https://play.google.com/store/apps/details?id=com.myntra.android&reviewId=92186647-6e13-47bc-988c-872868b587d9
18eefa96-93f8-4384-93a6-dae87572635e,play_store,IN,Pinki Devi,5,,best product and trusted brand,2026-08-19T07:06:19.449Z,0,,https://play.google.com/store/apps/details?id=com.myntra.android&reviewId=18eefa96-93f8-4384-93a6-dae87572635e
f29a1c65-3ac2-4e1c-a0e7-8bc93523961a,play_store,IN,Abhi Mishra,5,,nice 👍,2026-08-19T07:02:55.249Z,0,4.2608.20,https://play.google.com/store/apps/details?id=com.myntra.android&reviewId=f29a1c65-3ac2-4e1c-a0e7-8bc93523961a
2f105247-2af4-40b6-a008-cfae0dea03e1,play_store,IN,Sarika Khatana,5,,This is the worst app customer ki koi help nhi krte jab unki koi complaint hoti h to I am very disappointed with Myntra,2026-08-19T07:02:42.367Z,0,4.2608.20,https://play.google.com/store/apps/details?id=com.myntra.android&reviewId=2f105247-2af4-40b6-a008-cfae0dea03e1
82e85077-0a4f-4899-a9db-5714f3e4cdb2,play_store,IN,SHAILESH KUMAR YADAV,5,,This application is absolutely genuine about original product .,2026-08-19T07:00:22.307Z,0,4.2605.21,https://play.google.com/store/apps/details?id=com.myntra.android&reviewId=82e85077-0a4f-4899-a9db-5714f3e4cdb2
240c6a73-26c8-45ed-ac17-1a0fa8cd419d,play_store,IN,Bharti Patel,1,,bhut hi ghtiya sarvice hai. maltb apne me hi bolte rhate hai ise acha mehso hai kam se kam shai tarike se jabab to deta hai,2026-08-19T07:00:12.387Z,0,4.2607.43,https://play.google.com/store/apps/details?id=com.myntra.android&reviewId=240c6a73-26c8-45ed-ac17-1a0fa8cd419d
16c64a58-3bc5-4d2d-8c2d-cd87a4dc9529,play_store,IN,s m rohith gowda,5,,Good & prompt service service .,2026-08-19T06:58:30.102Z,0,4.2604.20,https://play.google.com/store/apps/details?id=com.myntra.android&reviewId=16c64a58-3bc5-4d2d-8c2d-cd87a4dc9529
cf9436bd-460d-46b3-a5ed-1f73d60bc338,play_store,IN,Harshita parmar,5,,nicee,2026-08-19T06:57:57.930Z,0,,https://play.google.com/store/apps/details?id=com.myntra.android&reviewId=cf9436bd-460d-46b3-a5ed-1f73d60bc338
10c35c26-aa4b-4177-89f7-1af64ead3110,play_store,IN,Anjana Anjana,5,,excellent,2026-08-19T06:54:07.300Z,0,4.2606.31,https://play.google.com/store/apps/details?id=com.myntra.android&reviewId=10c35c26-aa4b-4177-89f7-1af64ead3110
bdf855e5-c529-44c8-99a5-85adb36ea174,play_store,IN,Jaspreet Singh,5,,owesome,2026-08-19T06:53:43.696Z,0,4.2608.20,https://play.google.com/store/apps/details?id=com.myntra.android&reviewId=bdf855e5-c529-44c8-99a5-85adb36ea174
c1046120-c3f3-4860-85f6-41947d55da61,play_store,IN,MMM mummy movie makers,4,,Nice shopping experience,2026-08-19T06:52:30.160Z,0,4.2608.20,https://play.google.com/store/apps/details?id=com.myntra.android&reviewId=c1046120-c3f3-4860-85f6-41947d55da61
72579184-9ba4-44a8-9a71-6deb08d00a85,play_store,IN,Bankar Sachin,1,,worst app ever whenever I order something it gets delay every time for 3-4 days more,2026-08-19T06:51:53.971Z,0,4.2608.20,https://play.google.com/store/apps/details?id=com.myntra.android&reviewId=72579184-9ba4-44a8-9a71-6deb08d00a85
0e11391d-be74-4864-8f92-cefb7cb47df0,play_store,IN,Reena Reena,5,,super 💯 good quality excellent quality,2026-08-19T06:46:26.982Z,0,4.2608.20,https://play.google.com/store/apps/details?id=com.myntra.android&reviewId=0e11391d-be74-4864-8f92-cefb7cb47df0
97525694-1c1c-4372-a11e-a3a7eeadbe0d,play_store,IN,Lohith Loki,4,,Great app,2026-08-19T06:46:11.192Z,0,4.2608.20,https://play.google.com/store/apps/details?id=com.myntra.android&reviewId=97525694-1c1c-4372-a11e-a3a7eeadbe0d
cc46a6d4-8708-4345-8a70-dfb3b8c3e14c,play_store,IN,Sandy S,5,,fantastic,2026-08-19T06:41:09.987Z,0,4.2607.32,https://play.google.com/store/apps/details?id=com.myntra.android&reviewId=cc46a6d4-8708-4345-8a70-dfb3b8c3e14c
cac1d9f8-311d-4037-b436-d58c59556fd7,play_store,IN,Silky Modi,3,,Gud,2026-08-19T06:39:13.300Z,0,4.2607.43,https://play.google.com/store/apps/details?id=com.myntra.android&reviewId=cac1d9f8-311d-4037-b436-d58c59556fd7
3dd1b07d-1360-4a05-b837-9474a30fb980,play_store,IN,PRAVEEN mishra,5,,best quality cloths and exchange fast,2026-08-19T06:33:22.937Z,0,4.2608.20,https://play.google.com/store/apps/details?id=com.myntra.android&reviewId=3dd1b07d-1360-4a05-b837-9474a30fb980
7ee4fa3e-a36a-4330-9327-b39b40d828b9,play_store,IN,Satya Narayana,5,,"good in service, budget friendly and good products",2026-08-19T06:29:55.310Z,0,4.2607.43,https://play.google.com/store/apps/details?id=com.myntra.android&reviewId=7ee4fa3e-a36a-4330-9327-b39b40d828b9
70910d60-52af-433a-9de9-110fcce127f1,play_store,IN,Ap,5,,nice,2026-08-19T06:29:21.600Z,0,,https://play.google.com/store/apps/details?id=com.myntra.android&reviewId=70910d60-52af-433a-9de9-110fcce127f1
36693c74-7433-4c84-9d9b-54d844e2b739,play_store,IN,Ankit Kumar,5,,trusted application,2026-08-19T06:28:15.410Z,0,4.2607.43,https://play.google.com/store/apps/details?id=com.myntra.android&reviewId=36693c74-7433-4c84-9d9b-54d844e2b739
3470c026-2816-4bd1-b887-15e7a3c9d4e7,play_store,IN,Esther Kerketta,5,,very nice aap,2026-08-19T06:28:15.399Z,0,4.2607.43,https://play.google.com/store/apps/details?id=com.myntra.android&reviewId=3470c026-2816-4bd1-b887-15e7a3c9d4e7
31024e7e-f5b2-4c6d-b9dd-024434fcd26e,play_store,IN,Ranjana Patole,5,,Good cloth quality and right in size . so nice,2026-08-19T06:28:00.129Z,0,4.2608.20,https://play.google.com/store/apps/details?id=com.myntra.android&reviewId=31024e7e-f5b2-4c6d-b9dd-024434fcd26e
70d3b75f-93a2-49c6-9ee8-faf58b0b25c9,play_store,IN,Kratika Sharma,5,,best quality clothes,2026-08-19T06:24:22.588Z,0,4.2607.43,https://play.google.com/store/apps/details?id=com.myntra.android&reviewId=70d3b75f-93a2-49c6-9ee8-faf58b0b25c9
b67e7abc-acce-4cc5-b968-53581019dcab,play_store,IN,Faizan Alim,5,,"""One of the best shopping apps out there! Huge brand collection, genuine products, fast delivery and super easy returns. The app is smooth, and the sale offers are amazing. Highly recommend Myntra!""",2026-08-19T06:22:51.679Z,0,4.2608.20,https://play.google.com/store/apps/details?id=com.myntra.android&reviewId=b67e7abc-acce-4cc5-b968-53581019dcab
a8c6fd81-1677-4732-9412-c4c9fd1643d9,play_store,IN,Mr Beast,5,,"Myntra is one of the best shopping apps for fashion and clothing. The app is easy to use, there are plenty of options from different brands, and the product quality is generally very good. Delivery is also fast and the return/exchange process is quite convenient. Overall, I've had a great shopping experience with Myntra and would definitely recommend it to others.",2026-08-19T06:19:24.813Z,0,,https://play.google.com/store/apps/details?id=com.myntra.android&reviewId=a8c6fd81-1677-4732-9412-c4c9fd1643d9
8796a556-7bd3-4084-8ba6-b0ba67a771c1,play_store,IN,Roshni Jhabak,4,,nice experience,2026-08-19T06:14:23.706Z,0,4.2608.20,https://play.google.com/store/apps/details?id=com.myntra.android&reviewId=8796a556-7bd3-4084-8ba6-b0ba67a771c1
7116b5fe-f4dd-4054-b858-7d683a445c59,play_store,IN,Priyansh Sikka,5,,I like this app,2026-08-19T06:09:06.964Z,0,4.2608.20,https://play.google.com/store/apps/details?id=com.myntra.android&reviewId=7116b5fe-f4dd-4054-b858-7d683a445c59
32f8a858-6392-4f1f-89a4-1dcb08a8944a,play_store,IN,Satyajit Biswal,1,,I have ordered a short sleeve shirt of mast and harbour brand from myntra but received a shirt from different brand,2026-08-19T06:08:35.461Z,0,4.2607.43,https://play.google.com/store/apps/details?id=com.myntra.android&reviewId=32f8a858-6392-4f1f-89a4-1dcb08a8944a
812d9140-dd87-4239-bf43-1ee51ab89130,play_store,IN,JAI SINGH,4,,Products almost look as good in real life as they do in pictures. The app is fine and somewhat easy to navigate.,2026-08-19T06:03:40.429Z,0,4.2608.20,https://play.google.com/store/apps/details?id=com.myntra.android&reviewId=812d9140-dd87-4239-bf43-1ee51ab89130
9e90bd67-637d-4f96-a13e-8ec996c0587e,play_store,IN,Guddu Khan,2,,nice product,2026-08-19T06:02:51.622Z,0,4.2608.20,https://play.google.com/store/apps/details?id=com.myntra.android&reviewId=9e90bd67-637d-4f96-a13e-8ec996c0587e
9d3ee580-1078-4a6c-a3e2-15b61b4cf2fb,play_store,IN,Machin Maurya 2.0,1,,"Very disappointing delivery service from Myntra. Their delivery chain is extremely poorly managed. Deliveries are often delayed without any proper explanation, and the promised delivery dates are not taken seriously. Customers have to keep waiting and following up for their orders. The shopping experience is completely ruined because of such poor logistics. Myntra seriously needs to improve its delivery system and customer service.",2026-08-19T06:02:19.552Z,0,4.2608.20,https://play.google.com/store/apps/details?id=com.myntra.android&reviewId=9d3ee580-1078-4a6c-a3e2-15b61b4cf2fb
9b873073-5b91-4aca-8cb0-c48e6432ceb8,play_store,IN,Mohen Gaming,5,,nice,2026-08-19T06:00:22.644Z,0,4.2607.43,https://play.google.com/store/apps/details?id=com.myntra.android&reviewId=9b873073-5b91-4aca-8cb0-c48e6432ceb8
518e7776-239d-4fb5-a5e4-79194df42c85,play_store,IN,Saradha Sundararajan,1,,"Horrible service, I would happily give zero stars and won't recommend this app to anyone. The order arrives fast but the return process takes years. no one comes for return pick ups and when you use the ""call me"" option an automated annoying bloody voice gives you replies that are absolutely useless that too in Hindi when you specifically choose ""English"". Very frustrating service when it comes to returns and refunds. I'm uninstalling the app.",2026-08-19T05:57:31.512Z,0,4.2608.20,https://play.google.com/store/apps/details?id=com.myntra.android&reviewId=518e7776-239d-4fb5-a5e4-79194df42c85
5a28b9c2-4b82-465f-8fd6-d996140a916a,play_store,IN,Mr Abhishek,5,,amazing,2026-08-19T05:57:24.800Z,0,4.2608.20,https://play.google.com/store/apps/details?id=com.myntra.android&reviewId=5a28b9c2-4b82-465f-8fd6-d996140a916a
ad7c99bf-5ab9-48a8-9d2e-242373eaa8b8,play_store,IN,Sasikala Konreddy,5,,super,2026-08-19T05:54:27.234Z,0,4.2607.43,https://play.google.com/store/apps/details?id=com.myntra.android&reviewId=ad7c99bf-5ab9-48a8-9d2e-242373eaa8b8
e48e75ed-892d-498d-a42b-346d8ca1b421,play_store,IN,Akash Singh 2.0,5,,nice,2026-08-19T05:51:23.808Z,0,4.2607.43,https://play.google.com/store/apps/details?id=com.myntra.android&reviewId=e48e75ed-892d-498d-a42b-346d8ca1b421
cf29a1cc-f2f7-4337-861b-c6433454cd40,play_store,IN,Nemathulla Shariff,5,,amazing 🤩🤩,2026-08-19T05:49:41.579Z,0,4.2608.20,https://play.google.com/store/apps/details?id=com.myntra.android&reviewId=cf29a1cc-f2f7-4337-861b-c6433454cd40
4cbfe927-6db2-4f95-b9f3-7412a9aa04d7,play_store,IN,Talent India,5,,good,2026-08-19T05:49:33.115Z,0,4.2607.32,https://play.google.com/store/apps/details?id=com.myntra.android&reviewId=4cbfe927-6db2-4f95-b9f3-7412a9aa04d7
22ec3e0d-1e67-4616-a50e-e8c32bffdabc,play_store,IN,Bhagyesh Akhare,5,,nice,2026-08-19T05:48:46.190Z,0,4.2608.20,https://play.google.com/store/apps/details?id=com.myntra.android&reviewId=22ec3e0d-1e67-4616-a50e-e8c32bffdabc
90e82e21-992c-46d7-8ad7-5c232256a524,play_store,IN,Rashmi Sharma,5,,good experience,2026-08-19T05:47:52.797Z,0,4.2607.43,https://play.google.com/store/apps/details?id=com.myntra.android&reviewId=90e82e21-992c-46d7-8ad7-5c232256a524
8c1fdffb-c81a-4409-b6b9-57008de92499,play_store,IN,Itz Vani,5,,I totally love the fittt❤️,2026-08-19T05:47:22.741Z,0,4.2606.31,https://play.google.com/store/apps/details?id=com.myntra.android&reviewId=8c1fdffb-c81a-4409-b6b9-57008de92499
057e6178-645c-4f64-8754-21e3b279fd93,play_store,IN,Tisha Brahmbhatt,5,,very good experience,2026-08-19T05:46:55.565Z,0,4.2608.20,https://play.google.com/store/apps/details?id=com.myntra.android&reviewId=057e6178-645c-4f64-8754-21e3b279fd93
80806b15-524d-408b-9642-71daa1478abf,play_store,IN,Nagaratna Shivallimath,5,,I love to shop in myntra it's always give me a best,2026-08-19T05:43:33.478Z,0,4.2608.20,https://play.google.com/store/apps/details?id=com.myntra.android&reviewId=80806b15-524d-408b-9642-71daa1478abf
d9a71366-8727-44e5-8f12-c601579f02f4,play_store,IN,Konduru Raju,5,,good products 👍,2026-08-19T05:43:26.771Z,0,4.2608.20,https://play.google.com/store/apps/details?id=com.myntra.android&reviewId=d9a71366-8727-44e5-8f12-c601579f02f4
548d2b79-86a4-4c12-8374-2d77611a9318,play_store,IN,Amber Khan,5,,Good,2026-08-19T05:42:29.773Z,0,4.2607.32,https://play.google.com/store/apps/details?id=com.myntra.android&reviewId=548d2b79-86a4-4c12-8374-2d77611a9318
31c0b6c0-93de-4738-ae5d-a91674103b1c,play_store,IN,Jane Angeline,5,,My go-to online shopping platform. The quality of the products is too good. I would recommend everyone to try at least once.,2026-08-19T05:42:07.428Z,0,4.2608.20,https://play.google.com/store/apps/details?id=com.myntra.android&reviewId=31c0b6c0-93de-4738-ae5d-a91674103b1c
8f8c3a8c-aae2-442b-955f-795f20c5488c,play_store,IN,Asha Saini,5,,best of the best,2026-08-19T05:41:53.643Z,0,4.2607.32,https://play.google.com/store/apps/details?id=com.myntra.android&reviewId=8f8c3a8c-aae2-442b-955f-795f20c5488c
8aa33448-a8d5-4cf9-8a08-c07dd8045c19,play_store,IN,Vivek Vishwakarma,5,,"useful app from the pov of merchandise, shoes and crazy deals which gives you better products then other apps.",2026-08-19T05:41:34.112Z,0,4.2608.20,https://play.google.com/store/apps/details?id=com.myntra.android&reviewId=8aa33448-a8d5-4cf9-8a08-c07dd8045c19
058cddcd-f4e9-4ae6-8593-d39f6ea349bd,play_store,IN,Priya Sahu,5,,very useful app and all products are good quality,2026-08-19T05:41:20.365Z,0,4.2608.20,https://play.google.com/store/apps/details?id=com.myntra.android&reviewId=058cddcd-f4e9-4ae6-8593-d39f6ea349bd
dab6ef3e-e3c6-4d0c-a51f-34b33a4a17e6,play_store,IN,Megha Gowda,5,,best,2026-08-19T05:40:19.623Z,0,4.2607.11,https://play.google.com/store/apps/details?id=com.myntra.android&reviewId=dab6ef3e-e3c6-4d0c-a51f-34b33a4a17e6
c9418488-8ad9-4561-bd95-f5742755c3ec,play_store,IN,Dawn,5,,this is the first time I am using this app for my online purchase i am satisfied.,2026-08-19T05:34:59.195Z,0,4.2608.20,https://play.google.com/store/apps/details?id=com.myntra.android&reviewId=c9418488-8ad9-4561-bd95-f5742755c3ec
bfbfabb6-ba58-444e-8661-6dd55e2d033a,play_store,IN,Santosh Malakar,5,,best quality material available in this brand,2026-08-19T05:31:37.870Z,0,4.2608.20,https://play.google.com/store/apps/details?id=com.myntra.android&reviewId=bfbfabb6-ba58-444e-8661-6dd55e2d033a
173d1bf0-ce4e-4e9f-bbc7-3f3bfeaa3c9b,play_store,IN,N R SHENOY,5,,wow,2026-08-19T05:30:24.676Z,0,,https://play.google.com/store/apps/details?id=com.myntra.android&reviewId=173d1bf0-ce4e-4e9f-bbc7-3f3bfeaa3c9b
4c879ee9-e47f-45e1-9fe0-d94e609c8ed6,play_store,IN,lavanya e,5,,Rates is too higher,2026-08-19T05:23:16.525Z,0,4.2607.43,https://play.google.com/store/apps/details?id=com.myntra.android&reviewId=4c879ee9-e47f-45e1-9fe0-d94e609c8ed6
bd5e69a9-cf96-41e6-b2e4-46d97fcaf2f4,play_store,IN,Earning Vichar,5,,nice product,2026-08-19T05:21:28.527Z,0,,https://play.google.com/store/apps/details?id=com.myntra.android&reviewId=bd5e69a9-cf96-41e6-b2e4-46d97fcaf2f4
1bf42960-a344-4c46-9286-10d6bfb8c751,play_store,IN,Srikanth Chowdary,5,,nice,2026-08-19T05:19:19.181Z,0,4.2608.20,https://play.google.com/store/apps/details?id=com.myntra.android&reviewId=1bf42960-a344-4c46-9286-10d6bfb8c751
47b5aa6e-093b-416a-8cd2-1e704675935c,play_store,IN,Home Ministry,5,,my fvrt app mai hmesa Myntra se shopping krti hu,2026-08-19T05:16:49.241Z,0,4.2607.43,https://play.google.com/store/apps/details?id=com.myntra.android&reviewId=47b5aa6e-093b-416a-8cd2-1e704675935c
7595ed20-e9f5-4f7f-9112-4f4b4642dd40,play_store,IN,Md Shahid,5,,best online shopping app for cloths,2026-08-19T05:13:56.613Z,0,4.2607.43,https://play.google.com/store/apps/details?id=com.myntra.android&reviewId=7595ed20-e9f5-4f7f-9112-4f4b4642dd40
b63f874b-bd41-4048-ac0e-d164d9ae17ae,play_store,IN,Barnali Saha,5,,just fantastic,2026-08-19T05:12:10.889Z,0,4.2607.43,https://play.google.com/store/apps/details?id=com.myntra.android&reviewId=b63f874b-bd41-4048-ac0e-d164d9ae17ae
3b35ff0d-a141-4b68-b745-93103eb7ee00,play_store,IN,Someshwar Singh Naryal,5,,nice app for fashion shopping,2026-08-19T05:09:48.161Z,0,4.2608.20,https://play.google.com/store/apps/details?id=com.myntra.android&reviewId=3b35ff0d-a141-4b68-b745-93103eb7ee00
a8b4751d-1eec-4a30-a8c2-1732191b1755,play_store,IN,Tanmay Modak,1,,it's a fraud company. without any reason my account was deactivated. i have ordered an item there was size issue. i am not unable to use my account for exchange or return. my account is deactivated it is no longer active. such a fraud company 😡,2026-08-19T05:08:59.307Z,0,4.2608.20,https://play.google.com/store/apps/details?id=com.myntra.android&reviewId=a8b4751d-1eec-4a30-a8c2-1732191b1755
6d9be04e-4ce0-46f3-b9be-f82d2f4f249c,play_store,IN,Shivani Vishwakarma,5,,this is perfect platform clothes and beauty k liye,2026-08-19T05:03:02.280Z,0,4.2607.43,https://play.google.com/store/apps/details?id=com.myntra.android&reviewId=6d9be04e-4ce0-46f3-b9be-f82d2f4f249c
50927ecf-b606-49c3-bc19-08c7c0032a1a,play_store,IN,Pushpraj Shukla,5,,best hai bhyi,2026-08-19T05:03:01.589Z,0,,https://play.google.com/store/apps/details?id=com.myntra.android&reviewId=50927ecf-b606-49c3-bc19-08c7c0032a1a
de0fe98b-828b-4ebf-a3c3-95c98e38c29f,play_store,IN,khushbu Nisha,5,,good but costly,2026-08-19T05:01:51.135Z,0,4.2607.43,https://play.google.com/store/apps/details?id=com.myntra.android&reviewId=de0fe98b-828b-4ebf-a3c3-95c98e38c29f
7304aee0-2d8d-43bc-97e6-6eafaa8278b2,play_store,IN,AKASH STUDIO,5,,gud,2026-08-19T05:01:16.819Z,0,4.2607.43,https://play.google.com/store/apps/details?id=com.myntra.android&reviewId=7304aee0-2d8d-43bc-97e6-6eafaa8278b2
9e77cc89-6c8f-43f2-ab82-06c3a63a6b54,play_store,IN,Venu Nagineni,5,,good,2026-08-19T04:59:28.405Z,0,4.2607.43,https://play.google.com/store/apps/details?id=com.myntra.android&reviewId=9e77cc89-6c8f-43f2-ab82-06c3a63a6b54
8788c57c-e606-4890-9c62-20efb3f2a7b2,play_store,IN,Making Memories,5,,Great,2026-08-19T04:56:40.749Z,0,4.2608.20,https://play.google.com/store/apps/details?id=com.myntra.android&reviewId=8788c57c-e606-4890-9c62-20efb3f2a7b2
15e5d361-77da-4a22-ab3c-38b3447ab02e,play_store,IN,Debarati Banerjee,5,,Best quality,2026-08-19T04:53:00.620Z,0,4.2608.20,https://play.google.com/store/apps/details?id=com.myntra.android&reviewId=15e5d361-77da-4a22-ab3c-38b3447ab02e
381504bb-d4f3-4022-823c-7fcd9ae7ef31,play_store,IN,Tabassum Parveen,4,,good,2026-08-19T04:52:10.950Z,0,4.2606.31,https://play.google.com/store/apps/details?id=com.myntra.android&reviewId=381504bb-d4f3-4022-823c-7fcd9ae7ef31
49324b8d-4d8c-481d-a79c-54f57ddd375a,play_store,IN,Career Psych,5,,good quality product,2026-08-19T04:49:29.366Z,0,,https://play.google.com/store/apps/details?id=com.myntra.android&reviewId=49324b8d-4d8c-481d-a79c-54f57ddd375a
492c9d43-bbf7-46c7-89d2-0a644a16263c,play_store,IN,Sarah_A_Q _,5,,best shopping app,2026-08-19T04:49:29.326Z,0,4.2606.31,https://play.google.com/store/apps/details?id=com.myntra.android&reviewId=492c9d43-bbf7-46c7-89d2-0a644a16263c
6961f302-7de3-4c70-bae8-44beb6968e02,play_store,IN,Mohit,5,,nice experience,2026-08-19T04:49:14.811Z,0,,https://play.google.com/store/apps/details?id=com.myntra.android&reviewId=6961f302-7de3-4c70-bae8-44beb6968e02
4307e587-6f5f-4fd1-8967-a78ac1d84186,play_store,IN,Lilima Banjare,1,,"worst shopping app 6 orders me 5 cancel ho gye and only 1 receive hua , very show app",2026-08-19T04:48:34.805Z,0,4.2606.31,https://play.google.com/store/apps/details?id=com.myntra.android&reviewId=4307e587-6f5f-4fd1-8967-a78ac1d84186
6df58a96-0246-4af8-9b97-61b8d13af95d,play_store,IN,Ayush Ayush,4,,orignal brand you can buy from this,2026-08-19T04:37:31.647Z,0,4.2607.43,https://play.google.com/store/apps/details?id=com.myntra.android&reviewId=6df58a96-0246-4af8-9b97-61b8d13af95d
bf64f063-8241-47c7-b66c-e7274939dc4f,play_store,IN,Vahid Khan,3,,All categories available please Make affordable price,2026-08-19T04:27:26.481Z,0,4.2607.43,https://play.google.com/store/apps/details?id=com.myntra.android&reviewId=bf64f063-8241-47c7-b66c-e7274939dc4f
139aa312-510c-4664-ba4d-00ffb3ea3d51,play_store,IN,manikantha patnana,5,,very good,2026-08-19T04:27:07.383Z,0,4.2608.20,https://play.google.com/store/apps/details?id=com.myntra.android&reviewId=139aa312-510c-4664-ba4d-00ffb3ea3d51
5785f971-42bb-4253-ae20-5b982b428018,play_store,IN,Ashok Puri,5,,like me Thish app,2026-08-19T04:11:43.866Z,0,4.2607.43,https://play.google.com/store/apps/details?id=com.myntra.android&reviewId=5785f971-42bb-4253-ae20-5b982b428018
e572c2fd-9024-46bc-92a1-9b544583a4b5,play_store,IN,Amrut Construction,5,,Myntra is the best shopping platform.,2026-08-19T04:02:40.360Z,0,,https://play.google.com/store/apps/details?id=com.myntra.android&reviewId=e572c2fd-9024-46bc-92a1-9b544583a4b5
182a8df2-f1c6-4190-a8ff-da11e9315161,play_store,IN,Sumanta bhoi Sumanta bhoi,5,,good,2026-08-19T04:02:30.450Z,0,4.2605.21,https://play.google.com/store/apps/details?id=com.myntra.android&reviewId=182a8df2-f1c6-4190-a8ff-da11e9315161
bc846ccf-ad68-4776-8070-0ceb969f49d5,play_store,IN,Sanjeev Kumar,5,,👍💯,2026-08-19T04:02:23.291Z,0,4.2608.20,https://play.google.com/store/apps/details?id=com.myntra.android&reviewId=bc846ccf-ad68-4776-8070-0ceb969f49d5
7b63e872-4317-49ac-aa91-6a0562048854,play_store,IN,Vishnu Achu,5,,nice app,2026-08-19T04:00:21.205Z,0,4.2607.43,https://play.google.com/store/apps/details?id=com.myntra.android&reviewId=7b63e872-4317-49ac-aa91-6a0562048854
b9bd9594-25aa-4d8b-aede-d0fbddd5accf,play_store,IN,pradeep mishra,1,,waste app,2026-08-19T03:59:42.405Z,0,4.2606.31,https://play.google.com/store/apps/details?id=com.myntra.android&reviewId=b9bd9594-25aa-4d8b-aede-d0fbddd5accf
6619a11b-5ae0-449c-aa4a-5e1f07942d2e,play_store,IN,Ishita Rawal,5,,nice,2026-08-19T03:56:33.576Z,0,4.2607.43,https://play.google.com/store/apps/details?id=com.myntra.android&reviewId=6619a11b-5ae0-449c-aa4a-5e1f07942d2e
693a90df-b2d9-4920-aa07-96de1c34b12e,play_store,IN,Abhi Panwal,5,,mast app hai 👍,2026-08-19T03:54:18.794Z,0,4.2608.20,https://play.google.com/store/apps/details?id=com.myntra.android&reviewId=693a90df-b2d9-4920-aa07-96de1c34b12e
c1a16d4b-d567-4d53-b060-d81f5003ac8d,play_store,IN,Nikita,5,,nice,2026-08-19T03:50:51.670Z,0,4.2608.20,https://play.google.com/store/apps/details?id=com.myntra.android&reviewId=c1a16d4b-d567-4d53-b060-d81f5003ac8d
2f836d4f-c5c4-4c6e-9bd4-82ca218304df,play_store,IN,Swarnima Singh,5,,Amezing experience,2026-08-19T03:49:02.609Z,0,4.2608.20,https://play.google.com/store/apps/details?id=com.myntra.android&reviewId=2f836d4f-c5c4-4c6e-9bd4-82ca218304df
c606fcac-793f-45f8-9524-94cf547822c8,play_store,IN,Vaishali,5,,"nice app , authentic product delivered with early delivery",2026-08-19T03:46:22.839Z,0,4.2607.43,https://play.google.com/store/apps/details?id=com.myntra.android&reviewId=c606fcac-793f-45f8-9524-94cf547822c8
23aa70fa-d653-4b04-a4a4-4d141b86adc7,play_store,IN,YashJaat112 Ydyh,5,,perfume fragrance it's osam i like it perfume,2026-08-19T03:46:08.704Z,0,,https://play.google.com/store/apps/details?id=com.myntra.android&reviewId=23aa70fa-d653-4b04-a4a4-4d141b86adc7
536475d6-655a-4b27-814c-b67b1830e053,play_store,IN,Veena Steffy,1,,i ordered a bag and during the delivery date and after the delivery date which is five days apart i havent got a call from the delivery agent.But they said they have attempted multiple delivery but i havent got a single call from the agent and now my order has been cancelled after waiting for three weeks.Im very disappointed with myntra and even when i talk to customer care they're not responding with a proper answer cant get connected to human at all its full of ai,2026-08-19T03:44:35.209Z,0,4.2608.20,https://play.google.com/store/apps/details?id=com.myntra.android&reviewId=536475d6-655a-4b27-814c-b67b1830e053
32dc9f86-6d67-414d-9e64-0b6047757610,play_store,IN,Akanksha Porwal,5,,very nice,2026-08-19T03:43:56.750Z,0,4.2607.43,https://play.google.com/store/apps/details?id=com.myntra.android&reviewId=32dc9f86-6d67-414d-9e64-0b6047757610
c47f7e12-495b-488c-bf88-f908bf7a0e96,play_store,IN,Ananthu S Aranmula,5,,good n easy,2026-08-19T03:42:13.323Z,0,4.2607.32,https://play.google.com/store/apps/details?id=com.myntra.android&reviewId=c47f7e12-495b-488c-bf88-f908bf7a0e96
7527e53a-f1fe-4318-8267-0972b6f705a9,play_store,IN,HANEESH NAIDU,4,,good,2026-08-19T03:32:58.385Z,0,4.2608.20,https://play.google.com/store/apps/details?id=com.myntra.android&reviewId=7527e53a-f1fe-4318-8267-0972b6f705a9
d6da9dde-efa8-4b3d-955a-17bfbd8b1a67,play_store,IN,ASHISH SINGH,5,,good experience,2026-08-19T03:32:16.915Z,0,4.2608.20,https://play.google.com/store/apps/details?id=com.myntra.android&reviewId=d6da9dde-efa8-4b3d-955a-17bfbd8b1a67
fdfdf058-cec9-44da-9f8f-51c7d8750d3a,play_store,IN,Tripti Singh,5,,best shopping app,2026-08-19T03:30:59.266Z,0,4.2608.20,https://play.google.com/store/apps/details?id=com.myntra.android&reviewId=fdfdf058-cec9-44da-9f8f-51c7d8750d3a
46cbe91c-6e34-4310-8446-be557005c8cd,play_store,IN,asha Sathiya moorthi,5,,good,2026-08-19T03:30:36.888Z,0,4.2608.20,https://play.google.com/store/apps/details?id=com.myntra.android&reviewId=46cbe91c-6e34-4310-8446-be557005c8cd
335c1a5d-f6a3-4787-a76e-6d19eea7e216,play_store,IN,Lalit Kumar,5,,my order delivery is delayed so many times,2026-08-19T03:28:01.408Z,0,4.2608.20,https://play.google.com/store/apps/details?id=com.myntra.android&reviewId=335c1a5d-f6a3-4787-a76e-6d19eea7e216
83122d2a-a0f8-414b-a5f7-941eda44cb96,play_store,IN,Pratibha Inwati,5,,This app is really safe,2026-08-19T03:27:42.686Z,0,4.2607.43,https://play.google.com/store/apps/details?id=com.myntra.android&reviewId=83122d2a-a0f8-414b-a5f7-941eda44cb96
69fe17e2-7239-4e38-b98f-016c013b434d,play_store,IN,Rohith Yelagam,5,,good,2026-08-19T03:26:11.583Z,0,4.2606.31,https://play.google.com/store/apps/details?id=com.myntra.android&reviewId=69fe17e2-7239-4e38-b98f-016c013b434d
42e638da-4975-4404-89b8-74dfc10219c4,play_store,IN,swathi sri,5,,best app for shopping,2026-08-19T03:22:52.676Z,0,4.2608.20,https://play.google.com/store/apps/details?id=com.myntra.android&reviewId=42e638da-4975-4404-89b8-74dfc10219c4
59c8b8fe-9518-4c04-8861-842f2a43d3f1,play_store,IN,DRX MANISH,5,,good,2026-08-19T03:15:21.605Z,0,,https://play.google.com/store/apps/details?id=com.myntra.android&reviewId=59c8b8fe-9518-4c04-8861-842f2a43d3f1
836cc234-629b-46b7-987f-89b07f901b62,play_store,IN,Rohit Rajguru,1,,"Bilkul, thoda strong aur detailed review ye rahega: ““Very disappointing experience with Myntra. This was my first order, but I received a defective product. My account has been blocked for 3 days, so I’m unable to return it or contact customer support properly. Please unblock my account and help me with the return and refund.”",2026-08-19T03:12:20.758Z,0,4.2608.20,https://play.google.com/store/apps/details?id=com.myntra.android&reviewId=836cc234-629b-46b7-987f-89b07f901b62
71ba5489-ebaa-40b2-9349-ebeddb32c0da,play_store,IN,Supriya Prasad,5,,awesome,2026-08-19T03:12:01.128Z,0,4.2607.43,https://play.google.com/store/apps/details?id=com.myntra.android&reviewId=71ba5489-ebaa-40b2-9349-ebeddb32c0da
0befdb38-1018-49f7-b758-7849600549e0,play_store,IN,Janhavi Bhoi,5,,myntra is easy to use and the myntra myncash feature is very good i love this feature of myntra,2026-08-19T03:11:58.583Z,0,4.2608.20,https://play.google.com/store/apps/details?id=com.myntra.android&reviewId=0befdb38-1018-49f7-b758-7849600549e0
b8c98494-2aec-4bde-b3d2-d83a8cd02069,play_store,IN,mehak Kaur,5,,good 👍😊,2026-08-19T03:08:35.210Z,0,4.2607.43,https://play.google.com/store/apps/details?id=com.myntra.android&reviewId=b8c98494-2aec-4bde-b3d2-d83a8cd02069
0e5dbf2d-cd7c-433f-b321-a2af288bdbd8,play_store,IN,Laxmi Chand official,5,,very good,2026-08-19T03:06:18.462Z,0,4.2608.20,https://play.google.com/store/apps/details?id=com.myntra.android&reviewId=0e5dbf2d-cd7c-433f-b321-a2af288bdbd8
d8374617-d992-46a4-a1c9-ffdbb6407030,play_store,IN,ANSHUL PATEL,5,,Amazing delivery experience and genuine products.,2026-08-19T03:05:42.597Z,0,4.2607.43,https://play.google.com/store/apps/details?id=com.myntra.android&reviewId=d8374617-d992-46a4-a1c9-ffdbb6407030
27ef544c-03ff-40e2-a89b-0c6e1c63f6d1,play_store,IN,Chitra Dubey,5,,best app,2026-08-19T03:04:04.328Z,0,4.2607.43,https://play.google.com/store/apps/details?id=com.myntra.android&reviewId=27ef544c-03ff-40e2-a89b-0c6e1c63f6d1
0c0a92eb-baff-4141-8499-e6ff02c1e614,play_store,IN,Banty Sahu,5,,very good 👍,2026-08-19T03:01:30.781Z,0,,https://play.google.com/store/apps/details?id=com.myntra.android&reviewId=0c0a92eb-baff-4141-8499-e6ff02c1e614
b08434a7-e4ce-4bd1-959c-fba36b35db29,play_store,IN,Priyanjana Banerjee,5,,Very nice app,2026-08-19T02:58:30.602Z,0,4.2606.31,https://play.google.com/store/apps/details?id=com.myntra.android&reviewId=b08434a7-e4ce-4bd1-959c-fba36b35db29
1f329cb4-946a-4a2a-882d-d80531100e1c,play_store,IN,Mohammad Wahab,3,,clothes are good but it takes much more time to verify return request,2026-08-19T02:58:02.180Z,0,,https://play.google.com/store/apps/details?id=com.myntra.android&reviewId=1f329cb4-946a-4a2a-882d-d80531100e1c
54a5541e-6741-4ef1-91e1-d05f8694f4a3,play_store,IN,K Suman Reddy,5,,very good app,2026-08-19T02:57:50.375Z,0,4.2607.32,https://play.google.com/store/apps/details?id=com.myntra.android&reviewId=54a5541e-6741-4ef1-91e1-d05f8694f4a3
cade6257-4741-41bd-b29a-399ffd2fbca0,play_store,IN,PM SHRI GSSS KHANAURI GIRLS,5,,"super app to buy clothes,shoes and many more things",2026-08-19T02:46:29.793Z,0,,https://play.google.com/store/apps/details?id=com.myntra.android&reviewId=cade6257-4741-41bd-b29a-399ffd2fbca0
1729a71d-f7cd-405d-9c42-03d303670283,play_store,IN,Hrushi Sonawane,5,,cool,2026-08-19T02:45:59.626Z,0,4.2608.20,https://play.google.com/store/apps/details?id=com.myntra.android&reviewId=1729a71d-f7cd-405d-9c42-03d303670283
a7694090-58fb-414b-b81e-6faf12b74461,play_store,IN,ammaji a,5,,good,2026-08-19T02:45:52.636Z,0,4.2608.20,https://play.google.com/store/apps/details?id=com.myntra.android&reviewId=a7694090-58fb-414b-b81e-6faf12b74461
192a687d-5a13-4723-a886-0d25d953693b,play_store,IN,Shubhojiit R,1,,"day by day Myntra become Meesho,very poor product in there collection,even it's a worst quality.",2026-08-19T02:45:07.364Z,1,4.2607.43,https://play.google.com/store/apps/details?id=com.myntra.android&reviewId=192a687d-5a13-4723-a886-0d25d953693b
8a935ee8-5640-4d32-8067-826624c36bf5,play_store,IN,Yerrakommu Nikhitha,5,,"I really had a great experience using the Myntra app. The app is easy to use, well-designed, and has a wide variety of products to choose from. I especially like the easy search, filters, product details, and smooth shopping experience. The delivery process is also convenient, and the products I received were good in quality. Overall, Myntra makes online shopping simple, comfortable, and enjoyable. I am very satisfied with the app and would definitely recommend it to others. ⭐⭐⭐⭐⭐",2026-08-19T02:37:23.850Z,0,4.2608.20,https://play.google.com/store/apps/details?id=com.myntra.android&reviewId=8a935ee8-5640-4d32-8067-826624c36bf5
5385c447-8316-4020-857e-c2c9e3da5787,play_store,IN,Najim Khatik,5,,good,2026-08-19T02:33:54.673Z,0,4.2607.32,https://play.google.com/store/apps/details?id=com.myntra.android&reviewId=5385c447-8316-4020-857e-c2c9e3da5787
38ab52e9-53b8-4b39-8b7c-20e129f0bcea,play_store,IN,Bindi Naik,5,,"very fast,stylish and easy app..always fun to buy from myntra as it has plenty options in affordable range",2026-08-19T02:33:03.601Z,0,4.2608.20,https://play.google.com/store/apps/details?id=com.myntra.android&reviewId=38ab52e9-53b8-4b39-8b7c-20e129f0bcea
40009579-9f2d-4e41-9d0f-491cb5e8d54c,play_store,IN,Barakath Baraka,5,,nice,2026-08-19T02:28:59.759Z,0,4.2608.20,https://play.google.com/store/apps/details?id=com.myntra.android&reviewId=40009579-9f2d-4e41-9d0f-491cb5e8d54c
4199ee80-27bc-4906-b747-afae561b6cc0,play_store,IN,manohar manu,5,,good,2026-08-19T02:27:50.352Z,0,4.2608.20,https://play.google.com/store/apps/details?id=com.myntra.android&reviewId=4199ee80-27bc-4906-b747-afae561b6cc0
5872ca33-e1b8-46f5-b035-804508cf3e1e,play_store,IN,NITISH SONI,1,,"Products nowadays are sold by Myntra are of worsts quality. And the best part is that they will reject your return request also, so now end is near for myntra. Lot of other good companies will kick them our like Ajio, Nayka, etc. adding to my last review still Myntra using facing of seasonal sales to sale the defective product to the quality customers still there is a time to change the tactics and provide good quality product.",2026-08-19T02:25:55.762Z,0,4.2608.20,https://play.google.com/store/apps/details?id=com.myntra.android&reviewId=5872ca33-e1b8-46f5-b035-804508cf3e1e
f2e92bf3-1716-4d60-8fe0-a96ecde8fedb,play_store,IN,roshi shaik,5,,Happy shopping,2026-08-19T02:23:54.550Z,0,4.2608.20,https://play.google.com/store/apps/details?id=com.myntra.android&reviewId=f2e92bf3-1716-4d60-8fe0-a96ecde8fedb
fb5fe80c-9a29-4e53-bc29-e0f7c1e0a977,play_store,IN,Arjuna Haridas,4,,good,2026-08-19T02:12:21.807Z,0,4.2608.20,https://play.google.com/store/apps/details?id=com.myntra.android&reviewId=fb5fe80c-9a29-4e53-bc29-e0f7c1e0a977
f35bed44-f242-4093-adc1-d82a52a89060,play_store,IN,Om Nath Bains Khatabiya,5,,great shopping,2026-08-19T02:12:08.943Z,0,,https://play.google.com/store/apps/details?id=com.myntra.android&reviewId=f35bed44-f242-4093-adc1-d82a52a89060
c52a17ce-a924-41a2-a225-f8d16f5a2b38,play_store,IN,Sudhir Kumar,4,,good,2026-08-19T02:06:16.729Z,0,4.2608.20,https://play.google.com/store/apps/details?id=com.myntra.android&reviewId=c52a17ce-a924-41a2-a225-f8d16f5a2b38
4b25bde6-162a-468d-ad8e-c995160432e4,play_store,IN,Ansh Lama,5,,this app sooo good,2026-08-19T02:05:38.932Z,0,,https://play.google.com/store/apps/details?id=com.myntra.android&reviewId=4b25bde6-162a-468d-ad8e-c995160432e4
7109dac8-3ee4-44bb-a574-64c66fd3a24f,play_store,IN,Rajendra Gupta,4,,"not extra charges from "" Cash on delivery 🚚 """,2026-08-19T02:05:07.750Z,0,4.2607.43,https://play.google.com/store/apps/details?id=com.myntra.android&reviewId=7109dac8-3ee4-44bb-a574-64c66fd3a24f
1d8ff829-e1eb-4de5-9ea1-eccff5f7e875,play_store,IN,Lakhi Shaw,5,,Yai best app hai yaha sab top quality ka product milta hai I love this app,2026-08-19T01:45:40.902Z,0,4.2607.32,https://play.google.com/store/apps/details?id=com.myntra.android&reviewId=1d8ff829-e1eb-4de5-9ea1-eccff5f7e875
0c2f65dd-d649-4554-b9d2-37360bfe00ef,play_store,IN,Denu Kanani,5,,❤️,2026-08-19T01:45:13.592Z,0,4.2604.20,https://play.google.com/store/apps/details?id=com.myntra.android&reviewId=0c2f65dd-d649-4554-b9d2-37360bfe00ef
ff56ebec-8fb2-4bad-a560-f0c0507cba02,play_store,IN,himanshu thakor,1,,"Pathetic service and worst customer support experience! I ordered a watch (French Connection) well in advance as a special birthday gift for my wife, which was supposed to be delivered by August 9. However, it got delayed indefinitely. When I contacted customer support, the AI chat and automated calls were useless and just kept wasting my time with robotic responses. Then 18 august automatically cancelled my order without proper reason.",2026-08-19T01:44:16.760Z,0,4.2608.20,https://play.google.com/store/apps/details?id=com.myntra.android&reviewId=ff56ebec-8fb2-4bad-a560-f0c0507cba02
f11ebd0b-6c8f-4c93-a59c-3021e623486d,play_store,IN,Mirtunjay kumar Kumar,5,,very good,2026-08-19T01:42:01.297Z,0,4.2607.43,https://play.google.com/store/apps/details?id=com.myntra.android&reviewId=f11ebd0b-6c8f-4c93-a59c-3021e623486d
d122366e-5a5d-439d-984f-688838d98ad3,play_store,IN,The ultimate crochet love TUCL,5,,Good experience..Beautiful dress,2026-08-19T01:27:11.370Z,0,,https://play.google.com/store/apps/details?id=com.myntra.android&reviewId=d122366e-5a5d-439d-984f-688838d98ad3
11e8ecff-5c0d-4980-9bff-6cffa8111276,play_store,IN,Krishna Singh,5,,👍👍👍👍,2026-08-19T01:00:34.802Z,0,4.2607.43,https://play.google.com/store/apps/details?id=com.myntra.android&reviewId=11e8ecff-5c0d-4980-9bff-6cffa8111276
b5872ee9-a345-42cf-8b6d-14992bdf86d0,play_store,IN,aShIsH DiShReE,5,,awesome,2026-08-19T00:56:49.396Z,0,,https://play.google.com/store/apps/details?id=com.myntra.android&reviewId=b5872ee9-a345-42cf-8b6d-14992bdf86d0
3d19c9ea-b50b-487b-81dd-44a46a947cf4,play_store,IN,J mani J mani,5,,very good 👍,2026-08-19T00:45:27.386Z,0,4.2608.20,https://play.google.com/store/apps/details?id=com.myntra.android&reviewId=3d19c9ea-b50b-487b-81dd-44a46a947cf4
2d069edd-d758-4505-a9d6-58b2c79d5f95,play_store,IN,Singamreddy Vamsi,5,,good,2026-08-19T00:41:05.670Z,0,4.2607.43,https://play.google.com/store/apps/details?id=com.myntra.android&reviewId=2d069edd-d758-4505-a9d6-58b2c79d5f95
bb98c8d8-03c5-4dbb-9f21-1c9abb8c4225,play_store,IN,Sachin Kumar,5,,great appe,2026-08-19T00:30:14.907Z,0,4.2608.20,https://play.google.com/store/apps/details?id=com.myntra.android&reviewId=bb98c8d8-03c5-4dbb-9f21-1c9abb8c4225
4b4b8631-781c-44fd-bed2-073870ea72c4,play_store,IN,Mary Ophelia Gasper,2,,"Disappointing Experience with Myntra After 10 Years. I have been shopping with Myntra for the past 10 years and have never faced an issue until now. I received an incorrect, damaged product without a tag, and my return is on hold. Despite repeated calls to Customer Care and emails to the Grievance Team, there has been no resolution even after 24–48 hours. This lack of support is extremely disappointing. I hope senior management takes note and resolves this promptly.",2026-08-19T00:26:50.349Z,1,4.2608.20,https://play.google.com/store/apps/details?id=com.myntra.android&reviewId=4b4b8631-781c-44fd-bed2-073870ea72c4
8e8e9dc7-ae59-437d-9e5b-e241a99ea990,play_store,IN,Akshith Koripelli,1,,worst app the service is very poor return of products cancelling lot of inconvenience caused from this app delivery issues are not solved easily,2026-08-19T00:02:45.601Z,0,4.2608.20,https://play.google.com/store/apps/details?id=com.myntra.android&reviewId=8e8e9dc7-ae59-437d-9e5b-e241a99ea990
6c28dd5c-240c-4db4-bf45-6e61c94bfa1c,play_store,IN,Mahira Shaikh,5,,nice app,2026-08-19T00:00:53.945Z,0,4.2607.32,https://play.google.com/store/apps/details?id=com.myntra.android&reviewId=6c28dd5c-240c-4db4-bf45-6e61c94bfa1c
f2a30e17-c2dd-45ed-b1fe-fcb93d80dffe,play_store,IN,paritosh suchitra,5,,Excellent and comfortable.,2026-08-18T23:48:52.174Z,0,4.2608.20,https://play.google.com/store/apps/details?id=com.myntra.android&reviewId=f2a30e17-c2dd-45ed-b1fe-fcb93d80dffe
b223d807-9a7d-4d31-8120-13da2ad36181,play_store,IN,Ranjit Pradhan,5,,good,2026-08-18T23:34:00.466Z,0,4.2607.43,https://play.google.com/store/apps/details?id=com.myntra.android&reviewId=b223d807-9a7d-4d31-8120-13da2ad36181
8ffcc7af-a52d-4add-9e21-9692775bca64,play_store,IN,Zainab Warqah,5,,I really appericiate myntra for its good quality products and great pricings.It is my pleasure shopping here everytime and i never get disappointed hope the same in future,2026-08-18T23:21:36.890Z,0,4.2608.20,https://play.google.com/store/apps/details?id=com.myntra.android&reviewId=8ffcc7af-a52d-4add-9e21-9692775bca64
e1c4513e-aea1-4ea0-8cb1-c07057700f71,play_store,IN,Adtya Jaiswal,5,,very usefull app bast qwality product available,2026-08-18T22:49:31.940Z,0,4.2608.20,https://play.google.com/store/apps/details?id=com.myntra.android&reviewId=e1c4513e-aea1-4ea0-8cb1-c07057700f71
7ff08ef2-2c98-4125-94fb-422e3046106a,play_store,IN,Mujammil Ansari,5,,super,2026-08-18T22:41:09.960Z,0,4.2608.20,https://play.google.com/store/apps/details?id=com.myntra.android&reviewId=7ff08ef2-2c98-4125-94fb-422e3046106a
13b5d62c-0bbf-40ff-8114-24ddd2f4fd5e,play_store,IN,Sonali Dey,5,,very nice,2026-08-18T22:23:00.291Z,0,4.2607.43,https://play.google.com/store/apps/details?id=com.myntra.android&reviewId=13b5d62c-0bbf-40ff-8114-24ddd2f4fd5e
f9796d45-0ed2-4c88-8b34-483d266f7613,play_store,IN,Venkatesh Gadhe,5,,nice,2026-08-18T22:22:56.316Z,0,,https://play.google.com/store/apps/details?id=com.myntra.android&reviewId=f9796d45-0ed2-4c88-8b34-483d266f7613
b6e98a26-b272-4b94-99e6-56ee1a181107,play_store,IN,Shhann Shajuu,5,,🙂‍↔️🤎,2026-08-18T21:55:09.533Z,0,,https://play.google.com/store/apps/details?id=com.myntra.android&reviewId=b6e98a26-b272-4b94-99e6-56ee1a181107
d5cf642f-690b-428e-9702-abdc608e5577,play_store,IN,Pratibha Rai,5,,very nice,2026-08-18T21:48:55.692Z,0,4.2608.20,https://play.google.com/store/apps/details?id=com.myntra.android&reviewId=d5cf642f-690b-428e-9702-abdc608e5577
77d8ac1e-db52-4f6d-8090-7614b276d047,play_store,IN,Saloni Gharat,5,,good,2026-08-18T21:22:26.330Z,0,4.2607.43,https://play.google.com/store/apps/details?id=com.myntra.android&reviewId=77d8ac1e-db52-4f6d-8090-7614b276d047
a0af4018-f3bf-4b07-a393-66c2db0f3b47,play_store,IN,Shubham,5,,very good shopping app best in the world for fasion,2026-08-18T21:06:53.169Z,0,4.2607.43,https://play.google.com/store/apps/details?id=com.myntra.android&reviewId=a0af4018-f3bf-4b07-a393-66c2db0f3b47
a773b6c4-e158-4766-9fac-90ff26dd6505,play_store,IN,Praga deesh,5,,it cool,2026-08-18T20:59:59.979Z,0,4.2608.20,https://play.google.com/store/apps/details?id=com.myntra.android&reviewId=a773b6c4-e158-4766-9fac-90ff26dd6505
c923b313-4389-45ee-822d-d71c6d383f66,play_store,IN,Joyasa Aich Halder,5,,awesome products.,2026-08-18T20:53:56.950Z,0,4.2607.43,https://play.google.com/store/apps/details?id=com.myntra.android&reviewId=c923b313-4389-45ee-822d-d71c6d383f66
3db9d798-81b9-4867-917c-686fa7929e91,play_store,IN,Akshay Saxena,4,,good,2026-08-18T20:45:06.478Z,0,4.2607.43,https://play.google.com/store/apps/details?id=com.myntra.android&reviewId=3db9d798-81b9-4867-917c-686fa7929e91
cc6f78bf-f3e6-40f8-8f59-9dcb6184affb,play_store,IN,Khatang Tripura,5,,👍,2026-08-18T20:37:46.508Z,0,4.2608.20,https://play.google.com/store/apps/details?id=com.myntra.android&reviewId=cc6f78bf-f3e6-40f8-8f59-9dcb6184affb
362eece8-f492-4960-9b4a-e59c234fca8c,play_store,IN,TARUN PRAJAPATI,5,,good,2026-08-18T20:28:23.822Z,0,,https://play.google.com/store/apps/details?id=com.myntra.android&reviewId=362eece8-f492-4960-9b4a-e59c234fca8c
3c3a6d1e-4287-435d-956c-3d98ba5b8c09,play_store,IN,Bhumika Paul,5,,very nice,2026-08-18T20:11:56.478Z,0,4.2608.20,https://play.google.com/store/apps/details?id=com.myntra.android&reviewId=3c3a6d1e-4287-435d-956c-3d98ba5b8c09
87b5b834-f97d-4d67-a74d-35474561bd2a,play_store,IN,Adv Asif Rashid Thind,4,,excellent,2026-08-18T20:05:58.735Z,0,4.2608.20,https://play.google.com/store/apps/details?id=com.myntra.android&reviewId=87b5b834-f97d-4d67-a74d-35474561bd2a
90830b8d-be1e-4ab4-926c-912ed8f433eb,play_store,IN,Rakesh Bhati,5,,I love this app 💯,2026-08-18T20:00:05.641Z,0,4.2606.30,https://play.google.com/store/apps/details?id=com.myntra.android&reviewId=90830b8d-be1e-4ab4-926c-912ed8f433eb
a4d492ce-98d5-450f-8391-56976009934e,play_store,IN,Faisal sid,5,,i number quality i like this,2026-08-18T19:54:26.514Z,0,,https://play.google.com/store/apps/details?id=com.myntra.android&reviewId=a4d492ce-98d5-450f-8391-56976009934e
5511c668-6557-42b6-9e35-5efb461c4ed6,play_store,IN,Subhradeep Chandra,5,,good,2026-08-18T19:45:32.920Z,0,4.2607.43,https://play.google.com/store/apps/details?id=com.myntra.android&reviewId=5511c668-6557-42b6-9e35-5efb461c4ed6
fe280994-c834-4336-9271-e4dec481ca43,play_store,IN,Nandini Jaiswal,5,,it's amazing,2026-08-18T19:42:13.881Z,0,4.2608.20,https://play.google.com/store/apps/details?id=com.myntra.android&reviewId=fe280994-c834-4336-9271-e4dec481ca43
15b543c4-1ce9-484f-8740-7009bd251830,play_store,IN,Kavya Gupta,3,,Didn't get my myntra credit/earnings for my last approved video on ultimate glam clan program.,2026-08-18T19:35:04.778Z,0,4.2607.43,https://play.google.com/store/apps/details?id=com.myntra.android&reviewId=15b543c4-1ce9-484f-8740-7009bd251830
c2853d97-d463-4d89-8aa2-c39b1afd0449,play_store,IN,Priya Saha,5,,"⭐⭐⭐⭐⭐ 10/10! Amazing shopping experience on Myntra! Great collection, good quality products, easy-to-use app, and amazing discounts. Totally loved it! ❤️ Myntra has a great variety of clothes, footwear and beauty products. The app is easy to use, filters are helpful, and there are usually good discounts. Overall, a good shopping app, though customer support and return issues could be improved.",2026-08-18T19:34:29.619Z,0,4.2608.20,https://play.google.com/store/apps/details?id=com.myntra.android&reviewId=c2853d97-d463-4d89-8aa2-c39b1afd0449
6ec80051-7c2a-4f97-a9fc-2e3c9c80f44a,play_store,IN,Chint Phogat,1,,I just ordered one minimalist serum and face wash from you and haven't received it but still it showed as delivered. And all you can help is tell that acc to your logistics team I shared some Pin and now I can't get my product nor refund woww My other product was a suit that was ordered on 2 nd aug was meant to be delivered on 13 aug and till now it's not be delivered and I am asked to wait for confirmation till 25aug woow what a timing great ....I won't order from you again 🤬🤬😡😡🤬🤬😡🤬,2026-08-18T19:28:59.840Z,0,4.2605.32,https://play.google.com/store/apps/details?id=com.myntra.android&reviewId=6ec80051-7c2a-4f97-a9fc-2e3c9c80f44a
006ff3c5-4931-4f8b-9057-571496746710,play_store,IN,Mahi Ratnoo,5,,this app is very intersting,2026-08-18T19:27:53.676Z,0,4.2608.20,https://play.google.com/store/apps/details?id=com.myntra.android&reviewId=006ff3c5-4931-4f8b-9057-571496746710
f5d98f85-105d-4754-879e-700b1e0f6809,play_store,IN,Prerna Khandelwal,3,,"i really like to Shop from here but I don't understand what is their issue ? they always cancel my order without giving any reason just by saying sorry. I mean we are not fool. if we are ordering something again and again that's means we really need that thing and uhh fool your customer like this and their customer care support is so bad they don't even allows uh to type your problems. they gives you specific options to choose your problem, like seriously 😒",2026-08-18T19:23:07.473Z,0,,https://play.google.com/store/apps/details?id=com.myntra.android&reviewId=f5d98f85-105d-4754-879e-700b1e0f6809